# Blender 4.5.2 LTS
# www.blender.org
mtllib BMV080.mtl
o Text.010
v -0.434311 -0.054172 0.373884
v -0.434688 -0.054172 0.352336
v -0.431046 -0.054172 0.355254
v -0.427682 -0.054172 0.357869
v -0.424565 -0.054172 0.360191
v -0.421665 -0.054172 0.362227
v -0.418951 -0.054172 0.363986
v -0.416392 -0.054172 0.365478
v -0.413959 -0.054172 0.366710
v -0.411620 -0.054172 0.367692
v -0.409344 -0.054172 0.368431
v -0.407103 -0.054172 0.368937
v -0.404863 -0.054172 0.369219
v -0.402596 -0.054172 0.369284
v -0.400067 -0.054172 0.369096
v -0.397691 -0.054172 0.368631
v -0.395482 -0.054172 0.367904
v -0.393452 -0.054172 0.366928
v -0.391615 -0.054172 0.365717
v -0.389986 -0.054172 0.364284
v -0.388577 -0.054172 0.362644
v -0.387402 -0.054172 0.360809
v -0.386474 -0.054172 0.358794
v -0.385807 -0.054172 0.356613
v -0.385415 -0.054172 0.354278
v -0.385311 -0.054172 0.351804
v -0.385366 -0.054172 0.350676
v -0.385495 -0.054172 0.349561
v -0.385697 -0.054172 0.348456
v -0.385972 -0.054172 0.347359
v -0.386322 -0.054172 0.346269
v -0.386747 -0.054172 0.345181
v -0.387249 -0.054172 0.344095
v -0.387825 -0.054172 0.343009
v -0.388479 -0.054172 0.341918
v -0.389211 -0.054172 0.340823
v -0.390021 -0.054172 0.339719
v -0.390909 -0.054172 0.338606
v -0.401064 -0.054172 0.338783
v -0.399681 -0.054172 0.339886
v -0.398456 -0.054172 0.340976
v -0.397381 -0.054172 0.342053
v -0.396449 -0.054172 0.343119
v -0.395653 -0.054172 0.344175
v -0.394985 -0.054172 0.345222
v -0.394437 -0.054172 0.346260
v -0.394003 -0.054172 0.347292
v -0.393674 -0.054172 0.348317
v -0.393443 -0.054172 0.349337
v -0.393303 -0.054172 0.350352
v -0.393247 -0.054172 0.351365
v -0.393312 -0.054172 0.352718
v -0.393553 -0.054172 0.354007
v -0.393960 -0.054172 0.355221
v -0.394524 -0.054172 0.356351
v -0.395236 -0.054172 0.357388
v -0.396088 -0.054172 0.358321
v -0.397071 -0.054172 0.359141
v -0.398176 -0.054172 0.359838
v -0.399395 -0.054172 0.360403
v -0.400719 -0.054172 0.360826
v -0.402138 -0.054172 0.361098
v -0.403646 -0.054172 0.361209
v -0.404785 -0.054172 0.361201
v -0.405859 -0.054172 0.361137
v -0.406880 -0.054172 0.361018
v -0.407861 -0.054172 0.360842
v -0.408814 -0.054172 0.360611
v -0.409752 -0.054172 0.360324
v -0.410687 -0.054172 0.359983
v -0.411633 -0.054172 0.359586
v -0.412601 -0.054172 0.359135
v -0.413605 -0.054172 0.358630
v -0.414656 -0.054172 0.358070
v -0.415769 -0.054172 0.357456
v -0.417874 -0.054172 0.356220
v -0.420052 -0.054172 0.354848
v -0.422284 -0.054172 0.353362
v -0.424554 -0.054172 0.351783
v -0.426845 -0.054172 0.350132
v -0.429140 -0.054172 0.348430
v -0.431421 -0.054172 0.346699
v -0.433672 -0.054172 0.344959
v -0.435876 -0.054172 0.343232
v -0.438015 -0.054172 0.341540
v -0.440074 -0.054172 0.339903
v -0.442034 -0.054172 0.338342
v -0.442612 -0.054172 0.338352
v -0.441989 -0.054172 0.374018
v -0.386441 -0.054172 0.329609
v -0.386582 -0.054172 0.321518
v -0.419359 -0.054172 0.322090
v -0.420656 -0.054172 0.322098
v -0.421905 -0.054172 0.322072
v -0.423106 -0.054172 0.322007
v -0.424259 -0.054172 0.321897
v -0.425364 -0.054172 0.321737
v -0.426420 -0.054172 0.321521
v -0.427426 -0.054172 0.321245
v -0.428385 -0.054172 0.320902
v -0.429293 -0.054172 0.320486
v -0.430152 -0.054172 0.319994
v -0.430963 -0.054172 0.319418
v -0.431722 -0.054172 0.318754
v -0.432361 -0.054172 0.318086
v -0.432972 -0.054172 0.317339
v -0.433551 -0.054172 0.316513
v -0.434093 -0.054172 0.315609
v -0.434592 -0.054172 0.314627
v -0.435044 -0.054172 0.313568
v -0.435444 -0.054172 0.312433
v -0.435787 -0.054172 0.311221
v -0.436069 -0.054172 0.309934
v -0.436284 -0.054172 0.308572
v -0.436427 -0.054172 0.307135
v -0.436494 -0.054172 0.305624
v -0.436482 -0.054172 0.304423
v -0.436404 -0.054172 0.303255
v -0.436259 -0.054172 0.302120
v -0.436048 -0.054172 0.301019
v -0.435770 -0.054172 0.299951
v -0.435424 -0.054172 0.298916
v -0.435010 -0.054172 0.297914
v -0.434529 -0.054172 0.296946
v -0.433979 -0.054172 0.296011
v -0.433361 -0.054172 0.295109
v -0.432673 -0.054172 0.294240
v -0.431917 -0.054172 0.293404
v -0.431284 -0.054172 0.292789
v -0.430634 -0.054172 0.292242
v -0.429954 -0.054172 0.291761
v -0.429231 -0.054172 0.291342
v -0.428453 -0.054172 0.290981
v -0.427608 -0.054172 0.290676
v -0.426683 -0.054172 0.290423
v -0.425666 -0.054172 0.290218
v -0.424543 -0.054172 0.290058
v -0.423302 -0.054172 0.289941
v -0.421931 -0.054172 0.289862
v -0.420418 -0.054172 0.289817
v -0.387146 -0.054172 0.289237
v -0.387287 -0.054172 0.281146
v -0.422293 -0.054172 0.281757
v -0.425948 -0.054172 0.282055
v -0.429242 -0.054172 0.282790
v -0.432181 -0.054172 0.283922
v -0.434773 -0.054172 0.285413
v -0.437026 -0.054172 0.287223
v -0.438946 -0.054172 0.289315
v -0.440543 -0.054172 0.291649
v -0.441823 -0.054172 0.294186
v -0.442794 -0.054172 0.296887
v -0.443463 -0.054172 0.299714
v -0.443838 -0.054172 0.302627
v -0.443927 -0.054172 0.305589
v -0.443670 -0.054172 0.309598
v -0.443057 -0.054172 0.313248
v -0.442101 -0.054172 0.316539
v -0.440819 -0.054172 0.319473
v -0.439225 -0.054172 0.322050
v -0.437335 -0.054172 0.324272
v -0.435163 -0.054172 0.326140
v -0.432726 -0.054172 0.327655
v -0.430038 -0.054172 0.328817
v -0.427114 -0.054172 0.329629
v -0.423971 -0.054172 0.330091
v -0.420621 -0.054172 0.330205
v -0.515821 -0.103872 1.226414
v -0.515195 -0.067542 1.104609
v -0.515821 -0.103872 -0.946666
v -0.515821 -0.054599 -0.946666
v 0.532634 -0.103872 1.226414
v 0.532634 -0.103872 -0.946666
v 0.532634 -0.054599 -0.946666
v -0.515821 -0.103872 -0.711602
v -0.515821 -0.103872 -0.065597
v -0.515821 -0.103872 0.580409
v -0.515821 -0.054599 0.580409
v -0.426379 -0.067542 1.221385
v -0.515821 -0.054599 -0.065597
v -0.515821 -0.054599 -0.711602
v 0.532634 -0.103872 0.580409
v 0.532634 -0.103872 -0.065597
v 0.532634 -0.103872 -0.711602
v 0.532634 -0.054599 -0.711602
v 0.532634 -0.054599 -0.065597
v 0.532634 -0.054599 0.580409
v 0.532007 -0.067542 1.104609
v 0.447164 -0.067542 1.221385
v 0.532634 -0.067542 1.104709
v 0.532634 -0.054599 1.104709
v 0.532634 -0.067542 1.226414
v 0.449726 -0.067542 1.226414
v 0.449726 -0.054599 1.226414
v -0.426379 -0.054599 1.226414
v -0.515821 -0.067542 1.226414
v -0.426379 -0.067542 1.226414
v -0.515821 -0.054599 1.104708
v -0.515195 -0.054599 1.104609
v -0.426379 -0.054599 1.221385
v 0.447164 -0.054599 1.221385
v 0.532007 -0.054599 1.104609
v -0.515821 -0.067542 1.104708
v -0.480029 -0.067542 1.112847
v -0.496051 -0.067542 1.107641
v -0.484957 -0.067542 1.110733
v -0.490822 -0.067542 1.108827
v -0.456729 -0.067542 1.127677
v -0.470358 -0.067542 1.117775
v -0.460762 -0.067542 1.124143
v -0.465751 -0.067542 1.120519
v -0.439152 -0.067542 1.148981
v -0.449054 -0.067542 1.135352
v -0.441895 -0.067542 1.144374
v -0.445520 -0.067542 1.139385
v -0.429018 -0.067542 1.174675
v -0.434224 -0.067542 1.158652
v -0.430204 -0.067542 1.169445
v -0.432109 -0.067542 1.163580
v -0.426108 -0.067542 1.202346
v -0.427320 -0.067542 1.185395
v -0.426226 -0.067542 1.196953
v -0.426670 -0.067542 1.190749
v 0.512863 -0.067542 1.107641
v 0.496841 -0.067542 1.112847
v 0.507633 -0.067542 1.108827
v 0.501769 -0.067542 1.110733
v 0.487170 -0.067542 1.117775
v 0.473541 -0.067542 1.127677
v 0.482563 -0.067542 1.120519
v 0.477574 -0.067542 1.124143
v 0.465866 -0.067542 1.135352
v 0.455964 -0.067542 1.148981
v 0.462332 -0.067542 1.139385
v 0.458707 -0.067542 1.144374
v 0.451036 -0.067542 1.158652
v 0.445830 -0.067542 1.174675
v 0.448921 -0.067542 1.163580
v 0.447016 -0.067542 1.169445
v 0.444132 -0.067542 1.185395
v 0.444132 -0.067542 1.202242
v 0.443644 -0.067542 1.190735
v 0.443644 -0.067542 1.196901
v -0.496051 -0.054599 1.107641
v -0.480029 -0.054599 1.112847
v -0.490822 -0.054599 1.108827
v -0.484957 -0.054599 1.110733
v -0.449054 -0.054599 1.135352
v -0.439152 -0.054599 1.148981
v -0.445520 -0.054599 1.139385
v -0.441895 -0.054599 1.144374
v -0.434224 -0.054599 1.158652
v -0.429018 -0.054599 1.174675
v -0.432109 -0.054599 1.163580
v -0.430204 -0.054599 1.169445
v -0.470358 -0.054599 1.117775
v -0.456729 -0.054599 1.127677
v -0.465751 -0.054599 1.120519
v -0.460762 -0.054599 1.124143
v 0.444132 -0.054599 1.202242
v 0.444132 -0.054599 1.185395
v 0.443644 -0.054599 1.196901
v 0.443644 -0.054599 1.190735
v -0.427320 -0.054599 1.185395
v -0.426108 -0.054599 1.202346
v -0.426670 -0.054599 1.190749
v -0.426226 -0.054599 1.196953
v 0.445830 -0.054599 1.174675
v 0.451036 -0.054599 1.158652
v 0.447016 -0.054599 1.169445
v 0.448921 -0.054599 1.163580
v 0.455964 -0.054599 1.148981
v 0.465866 -0.054599 1.135352
v 0.458707 -0.054599 1.144374
v 0.462332 -0.054599 1.139385
v 0.496841 -0.054599 1.112847
v 0.512863 -0.054599 1.107641
v 0.501769 -0.054599 1.110733
v 0.507633 -0.054599 1.108827
v 0.473541 -0.054599 1.127677
v 0.487170 -0.054599 1.117775
v 0.477574 -0.054599 1.124143
v 0.482563 -0.054599 1.120519
v -0.240409 -0.061239 1.100538
v -0.154966 0.058882 1.034063
v -0.102014 0.131929 0.552065
v -0.154966 0.058882 1.008132
v -0.366435 -0.061239 0.974512
v -0.273027 -0.061239 1.096244
v 0.008406 0.131929 0.368938
v 0.171778 0.058882 1.034064
v -0.303422 -0.061239 1.083654
v 0.171778 0.058882 1.008132
v 0.118826 0.131929 0.552065
v -0.329523 -0.061239 1.063626
v -0.349551 -0.061239 1.037525
v -0.362141 -0.061239 1.007130
v -0.366435 0.146311 0.974512
v -0.240409 0.146311 1.100538
v 0.144560 0.058882 1.008132
v -0.362141 0.146311 1.007130
v -0.127748 0.058882 1.008132
v -0.349551 0.146311 1.037525
v -0.329523 0.146311 1.063626
v -0.303422 0.146311 1.083654
v -0.273027 0.146311 1.096244
v -0.127748 0.058882 1.034063
v -0.366435 -0.061239 0.476882
v 0.144560 0.058882 1.034063
v -0.091951 -0.061239 0.350856
v -0.362141 -0.061239 0.444264
v -0.349551 -0.061239 0.413869
v -0.329523 -0.061239 0.387768
v -0.303422 -0.061239 0.367740
v -0.273027 -0.061239 0.355150
v -0.091870 -0.031805 0.350856
v -0.366435 0.146311 0.476882
v -0.273027 0.146311 0.355150
v -0.303422 0.146311 0.367740
v -0.329523 0.146311 0.387768
v -0.349551 0.146311 0.413869
v -0.362141 0.146311 0.444264
v 0.383247 -0.061239 0.974512
v 0.257221 -0.061239 1.100538
v 0.378953 -0.061239 1.007130
v 0.366363 -0.061239 1.037525
v 0.346335 -0.061239 1.063626
v 0.320234 -0.061239 1.083654
v 0.289839 -0.061239 1.096244
v 0.257221 0.146311 1.100538
v 0.383247 0.146311 0.974512
v 0.289839 0.146311 1.096244
v 0.320234 0.146311 1.083654
v 0.346335 0.146311 1.063626
v 0.366363 0.146311 1.037525
v 0.378953 0.146311 1.007130
v 0.108763 -0.061239 0.350856
v 0.383247 -0.061239 0.476882
v 0.289839 -0.061239 0.355150
v 0.320234 -0.061239 0.367740
v 0.346335 -0.061239 0.387768
v 0.366363 -0.061239 0.413869
v 0.378953 -0.061239 0.444264
v 0.383247 0.146311 0.476882
v 0.108682 -0.031805 0.350856
v 0.378953 0.146311 0.444264
v 0.366363 0.146311 0.413869
v 0.346335 0.146311 0.387768
v 0.320234 0.146311 0.367740
v 0.289839 0.146311 0.355150
v -0.106898 -0.061239 0.702761
v -0.089344 -0.061239 0.660382
v -0.100208 -0.061239 0.680707
v -0.056909 -0.061239 0.627947
v -0.014529 -0.061239 0.610393
v -0.036583 -0.061239 0.617083
v -0.074724 -0.061239 0.642567
v -0.109157 -0.061239 0.725697
v -0.100208 -0.061239 0.770686
v -0.106898 -0.061239 0.748632
v 0.008406 -0.061239 0.608134
v 0.053396 -0.061239 0.617083
v 0.031342 -0.061239 0.610393
v -0.089344 -0.061239 0.791011
v -0.074724 -0.061239 0.808826
v -0.036583 -0.061239 0.834311
v -0.014529 -0.061239 0.841001
v -0.056909 -0.061239 0.823447
v 0.031342 -0.061239 0.841001
v 0.008406 -0.061239 0.843260
v 0.053396 -0.061239 0.834311
v 0.091536 -0.061239 0.642567
v 0.106156 -0.061239 0.791011
v 0.091536 -0.061239 0.808826
v 0.106156 -0.061239 0.660382
v 0.125969 -0.061239 0.725697
v 0.123710 -0.061239 0.702761
v 0.117020 -0.061239 0.770686
v 0.123710 -0.061239 0.748632
v 0.117020 -0.061239 0.680707
v 0.073720 -0.061239 0.823447
v 0.073720 -0.061239 0.627947
v 0.031342 0.146311 0.610393
v 0.073720 0.146311 0.627947
v 0.053396 0.146311 0.617083
v 0.106156 0.146311 0.660382
v 0.123710 0.146311 0.702761
v 0.117020 0.146311 0.680707
v 0.091536 0.146311 0.642567
v -0.036583 0.146311 0.617083
v -0.014529 0.146311 0.610393
v 0.008406 0.146311 0.608134
v 0.123710 0.146311 0.748632
v 0.117020 0.146311 0.770686
v 0.125969 0.146311 0.725697
v 0.106156 0.146311 0.791011
v -0.109157 0.146311 0.725697
v -0.100208 0.146311 0.770686
v -0.106898 0.146311 0.748632
v -0.106898 0.146311 0.702761
v -0.074724 0.146311 0.808826
v -0.074724 0.146311 0.642567
v -0.089344 0.146311 0.791011
v -0.089344 0.146311 0.660382
v -0.100208 0.146311 0.680707
v -0.014529 0.146311 0.841001
v -0.036583 0.146311 0.834311
v 0.053396 0.146311 0.834311
v 0.031342 0.146311 0.841001
v 0.073720 0.146311 0.823447
v 0.091536 0.146311 0.808826
v 0.008406 0.146311 0.843260
v -0.056909 0.146311 0.823447
v -0.056909 0.146311 0.627947
v -0.240409 -0.061239 0.350856
v -0.240409 0.146311 0.350856
v 0.257221 -0.061239 0.350856
v 0.257221 0.146311 0.350856
v -0.091951 -0.061239 -0.028365
v -0.091870 -0.031805 -0.028365
v 0.108763 -0.061239 -0.028365
v 0.108682 -0.031805 -0.028365
v -0.102014 0.146311 0.552065
v -0.018550 0.146311 0.552065
v 0.029117 0.146311 0.552065
v 0.008406 0.146311 0.368938
v 0.118826 0.146311 0.552065
v -0.154966 0.146311 1.100538
v -0.127748 0.146311 1.100538
v 0.171778 0.146311 1.100538
v 0.171778 0.058882 1.100538
v 0.144560 0.146311 1.100538
v 0.144560 0.058882 1.100538
v -0.154966 0.058882 1.100538
v -0.127748 0.058882 1.100538
v -0.154966 0.146311 1.034063
v -0.154966 0.146311 1.008132
v -0.127748 0.146311 1.008132
v -0.127748 0.146311 1.034063
v 0.144560 0.146311 1.034063
v 0.144560 0.146311 1.008132
v 0.171778 0.146311 1.008132
v 0.171778 0.146311 1.034064
v -0.271415 0.079782 0.404201
v -0.271415 0.161074 0.404201
v -0.258109 0.079782 0.406308
v -0.258109 0.161074 0.406308
v -0.246105 0.079782 0.412424
v -0.246105 0.161074 0.412424
v -0.236579 0.079782 0.421950
v -0.236579 0.161074 0.421950
v -0.230463 0.079782 0.433954
v -0.230463 0.161074 0.433954
v -0.228356 0.079782 0.447260
v -0.228356 0.161074 0.447260
v -0.230463 0.079782 0.460566
v -0.230463 0.161074 0.460566
v -0.236579 0.079782 0.472569
v -0.236579 0.161074 0.472569
v -0.246105 0.079782 0.482095
v -0.246105 0.161074 0.482095
v -0.258109 0.079782 0.488211
v -0.258109 0.161074 0.488211
v -0.271415 0.079782 0.490318
v -0.271415 0.161074 0.490318
v -0.284720 0.079782 0.488211
v -0.284720 0.161074 0.488211
v -0.296724 0.079782 0.482095
v -0.296724 0.161074 0.482095
v -0.306250 0.079782 0.472569
v -0.306250 0.161074 0.472569
v -0.312366 0.079782 0.460566
v -0.312366 0.161074 0.460566
v -0.314473 0.079782 0.447260
v -0.314473 0.161074 0.447260
v -0.312366 0.079782 0.433954
v -0.312366 0.161074 0.433954
v -0.306250 0.079782 0.421950
v -0.306250 0.161074 0.421950
v -0.296724 0.079782 0.412424
v -0.296724 0.161074 0.412424
v -0.284720 0.079782 0.406308
v -0.284720 0.161074 0.406308
v -0.260132 0.171505 0.412535
v -0.271415 0.171505 0.410748
v -0.249954 0.171505 0.417721
v -0.241876 0.171505 0.425799
v -0.236690 0.171505 0.435977
v -0.234903 0.171505 0.447260
v -0.236690 0.171505 0.458542
v -0.241876 0.171505 0.468721
v -0.249954 0.171505 0.476798
v -0.260132 0.171505 0.481984
v -0.271415 0.171505 0.483771
v -0.282697 0.171505 0.481984
v -0.292876 0.171505 0.476798
v -0.300953 0.171505 0.468721
v -0.306139 0.171505 0.458542
v -0.307926 0.171505 0.447260
v -0.306139 0.171505 0.435977
v -0.300953 0.171505 0.425799
v -0.292876 0.171505 0.417721
v -0.282697 0.171505 0.412535
v -0.264779 0.180823 0.426838
v -0.271415 0.180823 0.425787
v -0.258793 0.180823 0.429888
v -0.254043 0.180823 0.434638
v -0.250993 0.180823 0.440624
v -0.249942 0.180823 0.447260
v -0.250993 0.180823 0.453895
v -0.254043 0.180823 0.459881
v -0.258793 0.180823 0.464631
v -0.264779 0.180823 0.467681
v -0.271415 0.180823 0.468732
v -0.278050 0.180823 0.467681
v -0.284036 0.180823 0.464631
v -0.288786 0.180823 0.459881
v -0.291836 0.180823 0.453895
v -0.292887 0.180823 0.447260
v -0.291836 0.180823 0.440624
v -0.288786 0.180823 0.434638
v -0.284036 0.180823 0.429888
v -0.278050 0.180823 0.426838
v -0.264779 0.174073 0.426838
v -0.271415 0.174073 0.425787
v -0.258793 0.174073 0.429888
v -0.254043 0.174073 0.434638
v -0.250993 0.174073 0.440624
v -0.249942 0.174073 0.447260
v -0.250993 0.174073 0.453895
v -0.254043 0.174073 0.459881
v -0.258793 0.174073 0.464631
v -0.264779 0.174073 0.467681
v -0.271415 0.174073 0.468732
v -0.278050 0.174073 0.467681
v -0.284036 0.174073 0.464631
v -0.288786 0.174073 0.459881
v -0.291836 0.174073 0.453895
v -0.292887 0.174073 0.447260
v -0.291836 0.174073 0.440624
v -0.288786 0.174073 0.434638
v -0.284036 0.174073 0.429888
v -0.278050 0.174073 0.426838
v 0.288227 0.079782 0.404201
v 0.288227 0.161074 0.404201
v 0.274921 0.079782 0.406308
v 0.274921 0.161074 0.406308
v 0.262918 0.079782 0.412424
v 0.262918 0.161074 0.412424
v 0.253392 0.079782 0.421950
v 0.253392 0.161074 0.421950
v 0.247276 0.079782 0.433954
v 0.247276 0.161074 0.433954
v 0.245168 0.079782 0.447260
v 0.245168 0.161074 0.447260
v 0.247276 0.079782 0.460566
v 0.247276 0.161074 0.460566
v 0.253392 0.079782 0.472569
v 0.253392 0.161074 0.472569
v 0.262918 0.079782 0.482095
v 0.262918 0.161074 0.482095
v 0.274921 0.079782 0.488211
v 0.274921 0.161074 0.488211
v 0.288227 0.079782 0.490318
v 0.288227 0.161074 0.490318
v 0.301533 0.079782 0.488211
v 0.301533 0.161074 0.488211
v 0.313536 0.079782 0.482095
v 0.313536 0.161074 0.482095
v 0.323062 0.079782 0.472569
v 0.323062 0.161074 0.472569
v 0.329178 0.079782 0.460566
v 0.329178 0.161074 0.460566
v 0.331285 0.079782 0.447260
v 0.331285 0.161074 0.447260
v 0.329178 0.079782 0.433954
v 0.329178 0.161074 0.433954
v 0.323062 0.079782 0.421950
v 0.323062 0.161074 0.421950
v 0.313536 0.079782 0.412424
v 0.313536 0.161074 0.412424
v 0.301533 0.079782 0.406308
v 0.301533 0.161074 0.406308
v 0.276944 0.171505 0.412535
v 0.288227 0.171505 0.410748
v 0.266766 0.171505 0.417721
v 0.258688 0.171505 0.425799
v 0.253502 0.171505 0.435977
v 0.251715 0.171505 0.447260
v 0.253502 0.171505 0.458542
v 0.258688 0.171505 0.468721
v 0.266766 0.171505 0.476798
v 0.276944 0.171505 0.481984
v 0.288227 0.171505 0.483771
v 0.299510 0.171505 0.481984
v 0.309688 0.171505 0.476798
v 0.317765 0.171505 0.468721
v 0.322952 0.171505 0.458542
v 0.324739 0.171505 0.447260
v 0.322952 0.171505 0.435977
v 0.317765 0.171505 0.425799
v 0.309688 0.171505 0.417721
v 0.299510 0.171505 0.412535
v 0.281591 0.180823 0.426838
v 0.288227 0.180823 0.425787
v 0.275606 0.180823 0.429888
v 0.270855 0.180823 0.434638
v 0.267805 0.180823 0.440624
v 0.266754 0.180823 0.447260
v 0.267805 0.180823 0.453895
v 0.270855 0.180823 0.459881
v 0.275606 0.180823 0.464631
v 0.281591 0.180823 0.467681
v 0.288227 0.180823 0.468732
v 0.294862 0.180823 0.467681
v 0.300848 0.180823 0.464631
v 0.305598 0.180823 0.459881
v 0.308648 0.180823 0.453895
v 0.309699 0.180823 0.447260
v 0.308648 0.180823 0.440624
v 0.305598 0.180823 0.434638
v 0.300848 0.180823 0.429888
v 0.294862 0.180823 0.426838
v 0.281591 0.174073 0.426838
v 0.288227 0.174073 0.425787
v 0.275606 0.174073 0.429888
v 0.270855 0.174073 0.434638
v 0.267805 0.174073 0.440624
v 0.266754 0.174073 0.447260
v 0.267805 0.174073 0.453895
v 0.270855 0.174073 0.459881
v 0.275606 0.174073 0.464631
v 0.281591 0.174073 0.467681
v 0.288227 0.174073 0.468732
v 0.294862 0.174073 0.467681
v 0.300848 0.174073 0.464631
v 0.305598 0.174073 0.459881
v 0.308648 0.174073 0.453895
v 0.309699 0.174073 0.447260
v 0.308648 0.174073 0.440624
v 0.305598 0.174073 0.434638
v 0.300848 0.174073 0.429888
v 0.294862 0.174073 0.426838
v -0.271415 0.079782 1.047193
v -0.271415 0.161074 1.047193
v -0.258109 0.079782 1.045085
v -0.258109 0.161074 1.045085
v -0.246105 0.079782 1.038969
v -0.246105 0.161074 1.038969
v -0.236579 0.079782 1.029443
v -0.236579 0.161074 1.029443
v -0.230463 0.079782 1.017440
v -0.230463 0.161074 1.017440
v -0.228356 0.079782 1.004134
v -0.228356 0.161074 1.004134
v -0.230463 0.079782 0.990828
v -0.230463 0.161074 0.990828
v -0.236579 0.079782 0.978825
v -0.236579 0.161074 0.978825
v -0.246105 0.079782 0.969299
v -0.246105 0.161074 0.969299
v -0.258109 0.079782 0.963183
v -0.258109 0.161074 0.963183
v -0.271415 0.079782 0.961075
v -0.271415 0.161074 0.961075
v -0.284720 0.079782 0.963183
v -0.284720 0.161074 0.963183
v -0.296724 0.079782 0.969299
v -0.296724 0.161074 0.969299
v -0.306250 0.079782 0.978825
v -0.306250 0.161074 0.978825
v -0.312366 0.079782 0.990828
v -0.312366 0.161074 0.990828
v -0.314473 0.079782 1.004134
v -0.314473 0.161074 1.004134
v -0.312366 0.079782 1.017440
v -0.312366 0.161074 1.017440
v -0.306250 0.079782 1.029443
v -0.306250 0.161074 1.029443
v -0.296724 0.079782 1.038969
v -0.296724 0.161074 1.038969
v -0.284720 0.079782 1.045085
v -0.284720 0.161074 1.045085
v -0.260132 0.171505 1.038859
v -0.271415 0.171505 1.040646
v -0.249954 0.171505 1.033673
v -0.241876 0.171505 1.025595
v -0.236690 0.171505 1.015417
v -0.234903 0.171505 1.004134
v -0.236690 0.171505 0.992851
v -0.241876 0.171505 0.982673
v -0.249954 0.171505 0.974596
v -0.260132 0.171505 0.969409
v -0.271415 0.171505 0.967622
v -0.282697 0.171505 0.969409
v -0.292876 0.171505 0.974595
v -0.300953 0.171505 0.982673
v -0.306139 0.171505 0.992851
v -0.307926 0.171505 1.004134
v -0.306139 0.171505 1.015417
v -0.300953 0.171505 1.025595
v -0.292876 0.171505 1.033673
v -0.282697 0.171505 1.038859
v -0.264779 0.180823 1.024556
v -0.271415 0.180823 1.025607
v -0.258793 0.180823 1.021506
v -0.254043 0.180823 1.016755
v -0.250993 0.180823 1.010769
v -0.249942 0.180823 1.004134
v -0.250993 0.180823 0.997499
v -0.254043 0.180823 0.991513
v -0.258793 0.180823 0.986762
v -0.264779 0.180823 0.983712
v -0.271415 0.180823 0.982661
v -0.278050 0.180823 0.983713
v -0.284036 0.180823 0.986762
v -0.288786 0.180823 0.991513
v -0.291836 0.180823 0.997499
v -0.292887 0.180823 1.004134
v -0.291836 0.180823 1.010769
v -0.288786 0.180823 1.016755
v -0.284036 0.180823 1.021506
v -0.278050 0.180823 1.024556
v -0.264779 0.174073 1.024556
v -0.271415 0.174073 1.025607
v -0.258793 0.174073 1.021506
v -0.254043 0.174073 1.016755
v -0.250993 0.174073 1.010769
v -0.249942 0.174073 1.004134
v -0.250993 0.174073 0.997499
v -0.254043 0.174073 0.991513
v -0.258793 0.174073 0.986762
v -0.264779 0.174073 0.983712
v -0.271415 0.174073 0.982661
v -0.278050 0.174073 0.983713
v -0.284036 0.174073 0.986762
v -0.288786 0.174073 0.991513
v -0.291836 0.174073 0.997499
v -0.292887 0.174073 1.004134
v -0.291836 0.174073 1.010769
v -0.288786 0.174073 1.016755
v -0.284036 0.174073 1.021506
v -0.278050 0.174073 1.024556
v 0.288227 0.079782 1.047193
v 0.288227 0.161074 1.047193
v 0.274921 0.079782 1.045085
v 0.274921 0.161074 1.045085
v 0.262918 0.079782 1.038969
v 0.262918 0.161074 1.038969
v 0.253392 0.079782 1.029443
v 0.253392 0.161074 1.029443
v 0.247276 0.079782 1.017440
v 0.247276 0.161074 1.017440
v 0.245168 0.079782 1.004134
v 0.245168 0.161074 1.004134
v 0.247276 0.079782 0.990828
v 0.247276 0.161074 0.990828
v 0.253392 0.079782 0.978825
v 0.253392 0.161074 0.978825
v 0.262918 0.079782 0.969299
v 0.262918 0.161074 0.969299
v 0.274921 0.079782 0.963183
v 0.274921 0.161074 0.963183
v 0.288227 0.079782 0.961075
v 0.288227 0.161074 0.961075
v 0.301533 0.079782 0.963183
v 0.301533 0.161074 0.963183
v 0.313536 0.079782 0.969299
v 0.313536 0.161074 0.969299
v 0.323062 0.079782 0.978825
v 0.323062 0.161074 0.978825
v 0.329178 0.079782 0.990828
v 0.329178 0.161074 0.990828
v 0.331285 0.079782 1.004134
v 0.331285 0.161074 1.004134
v 0.329178 0.079782 1.017440
v 0.329178 0.161074 1.017440
v 0.323062 0.079782 1.029443
v 0.323062 0.161074 1.029443
v 0.313536 0.079782 1.038969
v 0.313536 0.161074 1.038969
v 0.301533 0.079782 1.045085
v 0.301533 0.161074 1.045085
v 0.276944 0.171505 1.038859
v 0.288227 0.171505 1.040646
v 0.266766 0.171505 1.033673
v 0.258688 0.171505 1.025595
v 0.253502 0.171505 1.015417
v 0.251715 0.171505 1.004134
v 0.253502 0.171505 0.992851
v 0.258688 0.171505 0.982673
v 0.266766 0.171505 0.974595
v 0.276944 0.171505 0.969409
v 0.288227 0.171505 0.967622
v 0.299510 0.171505 0.969409
v 0.309688 0.171505 0.974595
v 0.317765 0.171505 0.982673
v 0.322951 0.171505 0.992851
v 0.324739 0.171505 1.004134
v 0.322952 0.171505 1.015417
v 0.317765 0.171505 1.025595
v 0.309688 0.171505 1.033673
v 0.299510 0.171505 1.038859
v 0.281591 0.180823 1.024556
v 0.288227 0.180823 1.025607
v 0.275605 0.180823 1.021506
v 0.270855 0.180823 1.016755
v 0.267805 0.180823 1.010769
v 0.266754 0.180823 1.004134
v 0.267805 0.180823 0.997499
v 0.270855 0.180823 0.991513
v 0.275605 0.180823 0.986762
v 0.281591 0.180823 0.983712
v 0.288227 0.180823 0.982661
v 0.294862 0.180823 0.983712
v 0.300848 0.180823 0.986762
v 0.305598 0.180823 0.991513
v 0.308648 0.180823 0.997499
v 0.309700 0.180823 1.004134
v 0.308648 0.180823 1.010769
v 0.305598 0.180823 1.016755
v 0.300848 0.180823 1.021506
v 0.294862 0.180823 1.024556
v 0.281591 0.174073 1.024556
v 0.288227 0.174073 1.025607
v 0.275605 0.174073 1.021506
v 0.270855 0.174073 1.016755
v 0.267805 0.174073 1.010769
v 0.266754 0.174073 1.004134
v 0.267805 0.174073 0.997499
v 0.270855 0.174073 0.991513
v 0.275605 0.174073 0.986762
v 0.281591 0.174073 0.983712
v 0.288227 0.174073 0.982661
v 0.294862 0.174073 0.983712
v 0.300848 0.174073 0.986762
v 0.305598 0.174073 0.991513
v 0.308648 0.174073 0.997499
v 0.309700 0.174073 1.004134
v 0.308648 0.174073 1.010769
v 0.305598 0.174073 1.016755
v 0.300848 0.174073 1.021506
v 0.294862 0.174073 1.024556
v -0.095022 -0.059299 -0.000871
v -0.095022 -0.004310 -0.000871
v -0.095022 -0.059299 -0.055859
v -0.095022 -0.004310 -0.055859
v 0.111834 -0.059299 -0.000871
v 0.111834 -0.004310 -0.000871
v 0.111834 -0.059299 -0.055859
v 0.111834 -0.004310 -0.055859
v 0.093029 -0.059299 -0.055859
v 0.074224 -0.059299 -0.055859
v 0.055418 -0.059299 -0.055859
v 0.036613 -0.059299 -0.055859
v 0.017808 -0.059299 -0.055859
v -0.000997 -0.059299 -0.055859
v -0.019802 -0.059299 -0.055859
v -0.038607 -0.059299 -0.055859
v -0.057412 -0.059299 -0.055859
v -0.076217 -0.059299 -0.055859
v -0.076217 -0.004310 -0.055859
v -0.057412 -0.004310 -0.055859
v -0.038607 -0.004310 -0.055859
v -0.019802 -0.004310 -0.055859
v -0.000997 -0.004310 -0.055859
v 0.017808 -0.004310 -0.055859
v 0.036613 -0.004310 -0.055859
v 0.055419 -0.004310 -0.055859
v 0.074224 -0.004310 -0.055859
v 0.093029 -0.004310 -0.055859
v -0.076217 -0.059299 -0.000871
v -0.057412 -0.059299 -0.000871
v -0.038607 -0.059299 -0.000871
v -0.019802 -0.059299 -0.000871
v -0.000997 -0.059299 -0.000871
v 0.017808 -0.059299 -0.000871
v 0.036613 -0.059299 -0.000871
v 0.055419 -0.059299 -0.000871
v 0.074224 -0.059299 -0.000871
v 0.093029 -0.059299 -0.000871
v 0.093029 -0.004310 -0.000871
v 0.074224 -0.004310 -0.000871
v 0.055419 -0.004310 -0.000871
v 0.036613 -0.004310 -0.000871
v 0.017808 -0.004310 -0.000871
v -0.000997 -0.004310 -0.000871
v -0.019802 -0.004310 -0.000871
v -0.038607 -0.004310 -0.000871
v -0.057412 -0.004310 -0.000871
v -0.076217 -0.004310 -0.000871
v -0.095022 -0.032110 -0.000871
v -0.095022 -0.013781 -0.000871
v -0.095022 -0.013781 -0.055859
v -0.095022 -0.032110 -0.055859
v 0.111834 -0.013781 -0.055859
v 0.111834 -0.032110 -0.055859
v 0.111834 -0.013781 -0.000871
v 0.111834 -0.032110 -0.000871
v 0.093029 -0.013781 -0.000871
v 0.093029 -0.032110 -0.000871
v 0.074224 -0.013781 -0.000871
v 0.074224 -0.032110 -0.000871
v 0.055419 -0.013781 -0.000871
v 0.055419 -0.032110 -0.000871
v 0.036613 -0.013781 -0.000871
v 0.036613 -0.032110 -0.000871
v 0.017808 -0.013781 -0.000871
v 0.017808 -0.032110 -0.000871
v -0.000997 -0.013781 -0.000871
v -0.000997 -0.032110 -0.000871
v -0.019802 -0.013781 -0.000871
v -0.019802 -0.032110 -0.000871
v -0.038607 -0.013781 -0.000871
v -0.038607 -0.032110 -0.000871
v -0.057412 -0.013781 -0.000871
v -0.057412 -0.032110 -0.000871
v -0.076217 -0.013781 -0.000871
v -0.076217 -0.032110 -0.000871
v -0.076217 -0.013781 -0.055859
v -0.076217 -0.032110 -0.055859
v -0.057412 -0.013781 -0.055859
v -0.057412 -0.032110 -0.055859
v -0.038607 -0.013781 -0.055859
v -0.038607 -0.032110 -0.055859
v -0.019802 -0.013781 -0.055859
v -0.019802 -0.032110 -0.055859
v -0.000997 -0.013781 -0.055859
v -0.000997 -0.032110 -0.055859
v 0.017808 -0.013781 -0.055859
v 0.017808 -0.032110 -0.055859
v 0.036613 -0.013781 -0.055859
v 0.036613 -0.032110 -0.055859
v 0.055419 -0.013781 -0.055859
v 0.055418 -0.032110 -0.055859
v 0.074224 -0.013781 -0.055859
v 0.074224 -0.032110 -0.055859
v 0.093029 -0.013781 -0.055859
v 0.093029 -0.032110 -0.055859
v -0.076217 -0.013781 -0.088703
v -0.076217 -0.032110 -0.088703
v -0.057412 -0.013781 -0.088703
v -0.057412 -0.032110 -0.088703
v -0.038607 -0.013781 -0.088703
v -0.038607 -0.032110 -0.088703
v -0.019802 -0.013781 -0.088703
v -0.019802 -0.032110 -0.088703
v -0.000997 -0.013781 -0.088703
v -0.000997 -0.032110 -0.088703
v 0.017808 -0.013781 -0.088703
v 0.017808 -0.032110 -0.088703
v 0.036613 -0.013781 -0.088703
v 0.036613 -0.032110 -0.088703
v 0.055419 -0.013781 -0.088703
v 0.055418 -0.032110 -0.088703
v 0.074224 -0.013781 -0.088703
v 0.074224 -0.032110 -0.088703
v 0.093029 -0.013781 -0.088703
v 0.093029 -0.032110 -0.088703
v -0.100679 -0.059222 -0.086022
v -0.091566 -0.004387 -0.090013
v -0.100679 -0.059222 -0.140857
v -0.091566 -0.004387 -0.136866
v 0.117491 -0.059222 -0.086022
v 0.108378 -0.004387 -0.090013
v 0.117491 -0.059222 -0.140857
v 0.108378 -0.004387 -0.136866
v 0.068024 -0.059222 -0.140857
v -0.051211 -0.059222 -0.140857
v -0.072575 -0.004387 -0.136866
v 0.089387 -0.004387 -0.136866
v -0.051211 -0.059222 -0.086022
v 0.068024 -0.059222 -0.086022
v 0.089387 -0.004387 -0.090013
v -0.072575 -0.004387 -0.090013
v -0.100679 -0.004387 -0.086022
v -0.100679 -0.004387 -0.140857
v 0.068024 -0.004387 -0.140857
v 0.117491 -0.004387 -0.140857
v 0.117491 -0.004387 -0.086022
v -0.051211 -0.004387 -0.086022
v -0.051211 -0.004387 -0.140857
v 0.068024 -0.004387 -0.086022
v -0.091566 -0.016450 -0.090013
v -0.091566 -0.016450 -0.136866
v 0.089387 -0.016450 -0.136866
v 0.108378 -0.016450 -0.136866
v 0.108378 -0.016450 -0.090013
v -0.072575 -0.016450 -0.090013
v -0.072575 -0.016450 -0.136866
v 0.089387 -0.016450 -0.090013
v -0.100679 -0.044425 -0.086022
v -0.100679 -0.044425 -0.140857
v 0.117491 -0.044425 -0.140857
v 0.117491 -0.044425 -0.086022
v 0.068024 -0.044425 -0.086022
v -0.051211 -0.044425 -0.086022
v -0.051211 -0.044425 -0.140857
v 0.068024 -0.044425 -0.140857
v 0.117491 -0.044425 -0.056012
v 0.117491 -0.059222 -0.056012
v 0.068024 -0.059222 -0.056012
v -0.100679 -0.059222 -0.056012
v -0.051211 -0.059222 -0.056012
v 0.068024 -0.044425 -0.056012
v -0.051211 -0.044425 -0.056012
v -0.100679 -0.044425 -0.056012
v -0.092186 -0.064821 -0.674837
v -0.073970 -0.064821 -0.693054
v -0.083078 -0.064821 -0.677278
v -0.076410 -0.064821 -0.683946
v -0.073970 0.012163 -0.693054
v -0.092186 0.012163 -0.674837
v -0.076410 0.012163 -0.683946
v -0.083078 0.012163 -0.677278
v -0.073970 -0.064821 -0.733605
v -0.092186 -0.064821 -0.751822
v -0.076410 -0.064821 -0.742713
v -0.083078 -0.064821 -0.749381
v -0.092186 0.012163 -0.751822
v -0.073970 0.012163 -0.733605
v -0.083078 0.012163 -0.749381
v -0.076410 0.012163 -0.742713
v -0.150954 -0.064821 -0.693054
v -0.132738 -0.064821 -0.674837
v -0.148514 -0.064821 -0.683946
v -0.141846 -0.064821 -0.677278
v -0.132738 0.012163 -0.674837
v -0.150954 0.012163 -0.693054
v -0.141846 0.012163 -0.677278
v -0.148514 0.012163 -0.683946
v -0.132738 -0.064821 -0.751822
v -0.150954 -0.064821 -0.733605
v -0.141846 -0.064821 -0.749381
v -0.148514 -0.064821 -0.742713
v -0.150954 0.012163 -0.733605
v -0.132738 0.012163 -0.751822
v -0.148514 0.012163 -0.742713
v -0.141846 0.012163 -0.749381
v -0.098674 -0.001624 -0.699542
v -0.100206 0.195201 -0.701073
v -0.098674 -0.001624 -0.727117
v -0.100206 0.195201 -0.725585
v -0.126250 -0.001624 -0.699542
v -0.124718 0.195201 -0.701073
v -0.126250 -0.001624 -0.727117
v -0.124718 0.195201 -0.725585
v -0.098674 0.187445 -0.699542
v -0.098674 0.187445 -0.727117
v -0.126250 0.187445 -0.727117
v -0.126250 0.187445 -0.699542
v -0.104765 0.206455 -0.705632
v -0.104765 0.206455 -0.721026
v -0.120159 0.206455 -0.721027
v -0.120159 0.206455 -0.705632
v -0.110404 0.216861 -0.711271
v -0.110404 0.216861 -0.715388
v -0.114521 0.216861 -0.715388
v -0.114521 0.216861 -0.711271
v -0.199964 -0.064821 -0.674837
v -0.181748 -0.064821 -0.693054
v -0.190856 -0.064821 -0.677278
v -0.184188 -0.064821 -0.683946
v -0.181748 0.012163 -0.693054
v -0.199964 0.012163 -0.674837
v -0.184188 0.012163 -0.683946
v -0.190856 0.012163 -0.677278
v -0.181748 -0.064821 -0.733605
v -0.199964 -0.064821 -0.751822
v -0.184188 -0.064821 -0.742713
v -0.190856 -0.064821 -0.749381
v -0.199964 0.012163 -0.751822
v -0.181748 0.012163 -0.733605
v -0.190856 0.012163 -0.749381
v -0.184188 0.012163 -0.742713
v -0.258732 -0.064821 -0.693054
v -0.240516 -0.064821 -0.674837
v -0.256292 -0.064821 -0.683946
v -0.249624 -0.064821 -0.677278
v -0.240516 0.012163 -0.674837
v -0.258732 0.012163 -0.693054
v -0.249624 0.012163 -0.677278
v -0.256292 0.012163 -0.683946
v -0.240516 -0.064821 -0.751822
v -0.258732 -0.064821 -0.733605
v -0.249624 -0.064821 -0.749381
v -0.256292 -0.064821 -0.742713
v -0.258732 0.012163 -0.733605
v -0.240516 0.012163 -0.751822
v -0.256292 0.012163 -0.742713
v -0.249624 0.012163 -0.749381
v -0.206452 -0.001624 -0.699542
v -0.207984 0.195201 -0.701073
v -0.206452 -0.001624 -0.727117
v -0.207984 0.195201 -0.725585
v -0.234028 -0.001624 -0.699542
v -0.232496 0.195201 -0.701073
v -0.234028 -0.001624 -0.727117
v -0.232496 0.195201 -0.725586
v -0.206452 0.187445 -0.699542
v -0.206452 0.187445 -0.727117
v -0.234028 0.187445 -0.727117
v -0.234028 0.187445 -0.699542
v -0.212543 0.206455 -0.705632
v -0.212543 0.206455 -0.721026
v -0.227937 0.206455 -0.721026
v -0.227937 0.206455 -0.705632
v -0.218182 0.216861 -0.711271
v -0.218182 0.216861 -0.715388
v -0.222299 0.216861 -0.715388
v -0.222299 0.216861 -0.711271
v -0.307742 -0.064821 -0.674837
v -0.289526 -0.064821 -0.693054
v -0.298634 -0.064821 -0.677278
v -0.291966 -0.064821 -0.683945
v -0.289526 0.012163 -0.693054
v -0.307742 0.012163 -0.674837
v -0.291966 0.012163 -0.683945
v -0.298634 0.012163 -0.677278
v -0.289526 -0.064821 -0.733605
v -0.307742 -0.064821 -0.751822
v -0.291966 -0.064821 -0.742713
v -0.298634 -0.064821 -0.749381
v -0.307742 0.012163 -0.751822
v -0.289526 0.012163 -0.733605
v -0.298634 0.012163 -0.749381
v -0.291966 0.012163 -0.742713
v -0.366510 -0.064821 -0.693054
v -0.348294 -0.064821 -0.674837
v -0.364069 -0.064821 -0.683946
v -0.357402 -0.064821 -0.677278
v -0.348294 0.012163 -0.674837
v -0.366510 0.012163 -0.693054
v -0.357402 0.012163 -0.677278
v -0.364069 0.012163 -0.683946
v -0.348294 -0.064821 -0.751822
v -0.366510 -0.064821 -0.733605
v -0.357402 -0.064821 -0.749381
v -0.364069 -0.064821 -0.742713
v -0.366510 0.012163 -0.733605
v -0.348294 0.012163 -0.751822
v -0.364069 0.012163 -0.742713
v -0.357402 0.012163 -0.749381
v -0.314230 -0.001624 -0.699542
v -0.315762 0.195201 -0.701073
v -0.314230 -0.001624 -0.727117
v -0.315762 0.195201 -0.725585
v -0.341805 -0.001624 -0.699542
v -0.340274 0.195201 -0.701073
v -0.341805 -0.001624 -0.727117
v -0.340274 0.195201 -0.725585
v -0.314230 0.187445 -0.699542
v -0.314230 0.187445 -0.727117
v -0.341805 0.187445 -0.727117
v -0.341805 0.187445 -0.699542
v -0.320321 0.206455 -0.705632
v -0.320321 0.206455 -0.721026
v -0.335715 0.206455 -0.721026
v -0.335715 0.206455 -0.705632
v -0.325960 0.216861 -0.711271
v -0.325960 0.216861 -0.715388
v -0.330077 0.216861 -0.715388
v -0.330077 0.216861 -0.711271
v -0.415520 -0.064821 -0.674837
v -0.397304 -0.064821 -0.693054
v -0.406412 -0.064821 -0.677278
v -0.399745 -0.064821 -0.683946
v -0.397304 0.012163 -0.693054
v -0.415520 0.012163 -0.674837
v -0.399745 0.012163 -0.683946
v -0.406412 0.012163 -0.677278
v -0.397304 -0.064821 -0.733605
v -0.415521 -0.064821 -0.751822
v -0.399745 -0.064821 -0.742713
v -0.406412 -0.064821 -0.749381
v -0.415521 0.012163 -0.751822
v -0.397304 0.012163 -0.733605
v -0.406412 0.012163 -0.749381
v -0.399745 0.012163 -0.742713
v -0.474288 -0.064821 -0.693054
v -0.456072 -0.064821 -0.674837
v -0.471848 -0.064821 -0.683945
v -0.465180 -0.064821 -0.677278
v -0.456072 0.012163 -0.674837
v -0.474288 0.012163 -0.693054
v -0.465180 0.012163 -0.677278
v -0.471848 0.012163 -0.683945
v -0.456072 -0.064821 -0.751822
v -0.474288 -0.064821 -0.733605
v -0.465180 -0.064821 -0.749381
v -0.471848 -0.064821 -0.742713
v -0.474288 0.012163 -0.733605
v -0.456072 0.012163 -0.751822
v -0.471848 0.012163 -0.742713
v -0.465180 0.012163 -0.749381
v -0.422009 -0.001624 -0.699542
v -0.423540 0.195201 -0.701073
v -0.422009 -0.001624 -0.727117
v -0.423540 0.195201 -0.725585
v -0.449584 -0.001624 -0.699542
v -0.448052 0.195201 -0.701073
v -0.449584 -0.001624 -0.727117
v -0.448052 0.195201 -0.725585
v -0.422009 0.187445 -0.699542
v -0.422009 0.187445 -0.727117
v -0.449584 0.187445 -0.727117
v -0.449584 0.187445 -0.699542
v -0.428099 0.206455 -0.705632
v -0.428099 0.206455 -0.721027
v -0.443493 0.206455 -0.721027
v -0.443493 0.206455 -0.705632
v -0.433737 0.216861 -0.711271
v -0.433737 0.216861 -0.715388
v -0.437854 0.216861 -0.715388
v -0.437854 0.216861 -0.711271
v -0.092186 -0.064821 -0.782615
v -0.073970 -0.064821 -0.800832
v -0.083078 -0.064821 -0.785056
v -0.076410 -0.064821 -0.791723
v -0.073970 0.012163 -0.800832
v -0.092186 0.012163 -0.782615
v -0.076410 0.012163 -0.791723
v -0.083078 0.012163 -0.785056
v -0.073970 -0.064821 -0.841383
v -0.092186 -0.064821 -0.859599
v -0.076410 -0.064821 -0.850491
v -0.083078 -0.064821 -0.857159
v -0.092186 0.012163 -0.859599
v -0.073970 0.012163 -0.841383
v -0.083078 0.012163 -0.857159
v -0.076410 0.012163 -0.850491
v -0.150954 -0.064821 -0.800832
v -0.132738 -0.064821 -0.782615
v -0.148514 -0.064821 -0.791723
v -0.141846 -0.064821 -0.785056
v -0.132738 0.012163 -0.782615
v -0.150954 0.012163 -0.800832
v -0.141846 0.012163 -0.785056
v -0.148514 0.012163 -0.791723
v -0.132738 -0.064821 -0.859600
v -0.150954 -0.064821 -0.841383
v -0.141846 -0.064821 -0.857159
v -0.148514 -0.064821 -0.850491
v -0.150954 0.012163 -0.841383
v -0.132738 0.012163 -0.859600
v -0.148514 0.012163 -0.850491
v -0.141846 0.012163 -0.857159
v -0.098674 -0.001624 -0.807320
v -0.100206 0.195201 -0.808851
v -0.098674 -0.001624 -0.834895
v -0.100206 0.195201 -0.833364
v -0.126250 -0.001624 -0.807320
v -0.124718 0.195201 -0.808851
v -0.126250 -0.001624 -0.834895
v -0.124718 0.195201 -0.833363
v -0.098674 0.187445 -0.807320
v -0.098674 0.187445 -0.834895
v -0.126250 0.187445 -0.834895
v -0.126250 0.187445 -0.807320
v -0.104765 0.206455 -0.813410
v -0.104765 0.206455 -0.828804
v -0.120159 0.206455 -0.828804
v -0.120159 0.206455 -0.813410
v -0.110404 0.216861 -0.819049
v -0.110404 0.216861 -0.823166
v -0.114521 0.216861 -0.823166
v -0.114521 0.216861 -0.819049
v -0.199964 -0.064821 -0.782615
v -0.181748 -0.064821 -0.800832
v -0.190856 -0.064821 -0.785056
v -0.184188 -0.064821 -0.791723
v -0.181748 0.012163 -0.800832
v -0.199964 0.012163 -0.782615
v -0.184188 0.012163 -0.791723
v -0.190856 0.012163 -0.785056
v -0.181748 -0.064821 -0.841383
v -0.199964 -0.064821 -0.859600
v -0.184188 -0.064821 -0.850491
v -0.190856 -0.064821 -0.857159
v -0.199964 0.012163 -0.859600
v -0.181748 0.012163 -0.841383
v -0.190856 0.012163 -0.857159
v -0.184188 0.012163 -0.850491
v -0.258732 -0.064821 -0.800832
v -0.240516 -0.064821 -0.782615
v -0.256292 -0.064821 -0.791723
v -0.249624 -0.064821 -0.785056
v -0.240516 0.012163 -0.782615
v -0.258732 0.012163 -0.800832
v -0.249624 0.012163 -0.785056
v -0.256292 0.012163 -0.791723
v -0.240516 -0.064821 -0.859599
v -0.258732 -0.064821 -0.841383
v -0.249624 -0.064821 -0.857159
v -0.256292 -0.064821 -0.850491
v -0.258732 0.012163 -0.841383
v -0.240516 0.012163 -0.859599
v -0.256292 0.012163 -0.850491
v -0.249624 0.012163 -0.857159
v -0.206452 -0.001624 -0.807320
v -0.207984 0.195201 -0.808851
v -0.206452 -0.001624 -0.834895
v -0.207984 0.195201 -0.833363
v -0.234028 -0.001624 -0.807320
v -0.232496 0.195201 -0.808851
v -0.234028 -0.001624 -0.834895
v -0.232496 0.195201 -0.833364
v -0.206452 0.187445 -0.807320
v -0.206452 0.187445 -0.834895
v -0.234028 0.187445 -0.834895
v -0.234028 0.187445 -0.807320
v -0.212543 0.206455 -0.813410
v -0.212543 0.206455 -0.828804
v -0.227937 0.206455 -0.828804
v -0.227937 0.206455 -0.813410
v -0.218182 0.216861 -0.819049
v -0.218182 0.216861 -0.823166
v -0.222299 0.216861 -0.823166
v -0.222299 0.216861 -0.819049
v -0.307742 -0.064821 -0.782615
v -0.289526 -0.064821 -0.800832
v -0.298634 -0.064821 -0.785056
v -0.291966 -0.064821 -0.791723
v -0.289526 0.012163 -0.800832
v -0.307742 0.012163 -0.782615
v -0.291966 0.012163 -0.791723
v -0.298634 0.012163 -0.785056
v -0.289526 -0.064821 -0.841383
v -0.307742 -0.064821 -0.859600
v -0.291966 -0.064821 -0.850491
v -0.298634 -0.064821 -0.857159
v -0.307742 0.012163 -0.859600
v -0.289526 0.012163 -0.841383
v -0.298634 0.012163 -0.857159
v -0.291966 0.012163 -0.850491
v -0.366510 -0.064821 -0.800832
v -0.348294 -0.064821 -0.782615
v -0.364069 -0.064821 -0.791723
v -0.357402 -0.064821 -0.785056
v -0.348294 0.012163 -0.782615
v -0.366510 0.012163 -0.800832
v -0.357402 0.012163 -0.785056
v -0.364069 0.012163 -0.791723
v -0.348294 -0.064821 -0.859600
v -0.366510 -0.064821 -0.841383
v -0.357402 -0.064821 -0.857159
v -0.364069 -0.064821 -0.850491
v -0.366510 0.012163 -0.841383
v -0.348294 0.012163 -0.859600
v -0.364069 0.012163 -0.850491
v -0.357402 0.012163 -0.857159
v -0.314230 -0.001624 -0.807320
v -0.315762 0.195201 -0.808851
v -0.314230 -0.001624 -0.834895
v -0.315762 0.195201 -0.833364
v -0.341805 -0.001624 -0.807320
v -0.340274 0.195201 -0.808851
v -0.341805 -0.001624 -0.834895
v -0.340274 0.195201 -0.833364
v -0.314230 0.187445 -0.807320
v -0.314230 0.187445 -0.834895
v -0.341805 0.187445 -0.834895
v -0.341805 0.187445 -0.807320
v -0.320321 0.206455 -0.813410
v -0.320321 0.206455 -0.828804
v -0.335715 0.206455 -0.828804
v -0.335715 0.206455 -0.813410
v -0.325960 0.216861 -0.819049
v -0.325960 0.216861 -0.823166
v -0.330077 0.216861 -0.823166
v -0.330077 0.216861 -0.819049
v -0.415520 -0.064821 -0.782615
v -0.397304 -0.064821 -0.800832
v -0.406412 -0.064821 -0.785056
v -0.399745 -0.064821 -0.791723
v -0.397304 0.012163 -0.800832
v -0.415520 0.012163 -0.782615
v -0.399745 0.012163 -0.791723
v -0.406412 0.012163 -0.785056
v -0.397304 -0.064821 -0.841383
v -0.415521 -0.064821 -0.859599
v -0.399745 -0.064821 -0.850491
v -0.406412 -0.064821 -0.857159
v -0.415521 0.012163 -0.859599
v -0.397304 0.012163 -0.841383
v -0.406412 0.012163 -0.857159
v -0.399745 0.012163 -0.850491
v -0.474288 -0.064821 -0.800832
v -0.456072 -0.064821 -0.782615
v -0.471848 -0.064821 -0.791724
v -0.465180 -0.064821 -0.785056
v -0.456072 0.012163 -0.782615
v -0.474288 0.012163 -0.800832
v -0.465180 0.012163 -0.785056
v -0.471848 0.012163 -0.791724
v -0.456072 -0.064821 -0.859599
v -0.474288 -0.064821 -0.841383
v -0.465180 -0.064821 -0.857159
v -0.471848 -0.064821 -0.850491
v -0.474288 0.012163 -0.841383
v -0.456072 0.012163 -0.859599
v -0.471848 0.012163 -0.850491
v -0.465180 0.012163 -0.857159
v -0.422009 -0.001624 -0.807320
v -0.423540 0.195201 -0.808851
v -0.422009 -0.001624 -0.834895
v -0.423540 0.195201 -0.833363
v -0.449584 -0.001624 -0.807320
v -0.448052 0.195201 -0.808851
v -0.449584 -0.001624 -0.834895
v -0.448052 0.195201 -0.833363
v -0.422009 0.187445 -0.807320
v -0.422009 0.187445 -0.834895
v -0.449584 0.187445 -0.834895
v -0.449584 0.187445 -0.807320
v -0.428099 0.206455 -0.813410
v -0.428099 0.206455 -0.828804
v -0.443493 0.206455 -0.828804
v -0.443493 0.206455 -0.813410
v -0.433737 0.216861 -0.819049
v -0.433737 0.216861 -0.823166
v -0.437854 0.216861 -0.823166
v -0.437854 0.216861 -0.819049
v -0.435378 -0.052548 -0.552747
v -0.467073 -0.052548 -0.563045
v -0.467073 -0.052548 -0.596371
v -0.435378 -0.052548 -0.606670
v -0.415789 -0.052548 -0.579708
v -0.444138 -0.010910 -0.579708
v -0.415884 -0.056482 -0.570528
v -0.415884 -0.056482 -0.588888
v -0.444138 -0.056482 -0.550001
v -0.426676 -0.056482 -0.555674
v -0.472392 -0.056482 -0.570528
v -0.461600 -0.056482 -0.555674
v -0.461600 -0.056482 -0.603742
v -0.472392 -0.056482 -0.588888
v -0.426676 -0.056482 -0.603742
v -0.444138 -0.056482 -0.609416
v -0.423215 -0.051366 -0.564507
v -0.452130 -0.051366 -0.555112
v -0.470000 -0.051366 -0.579708
v -0.452130 -0.051366 -0.604305
v -0.423215 -0.051366 -0.594910
v -0.438286 -0.043422 -0.561697
v -0.425199 -0.043422 -0.579708
v -0.459460 -0.043422 -0.568577
v -0.459460 -0.043422 -0.590840
v -0.438286 -0.043422 -0.597720
v 0.471450 -0.052548 -0.464442
v 0.439755 -0.052548 -0.474740
v 0.439755 -0.052548 -0.508066
v 0.471450 -0.052548 -0.518365
v 0.491039 -0.052548 -0.491403
v 0.462690 -0.010910 -0.491403
v 0.490944 -0.056482 -0.482223
v 0.490944 -0.056482 -0.500583
v 0.462690 -0.056482 -0.461695
v 0.480152 -0.056482 -0.467369
v 0.434436 -0.056482 -0.482223
v 0.445228 -0.056482 -0.467369
v 0.445228 -0.056482 -0.515437
v 0.434436 -0.056482 -0.500583
v 0.480152 -0.056482 -0.515437
v 0.462690 -0.056482 -0.521111
v 0.483613 -0.051366 -0.476202
v 0.454698 -0.051366 -0.466807
v 0.436828 -0.051366 -0.491403
v 0.454698 -0.051366 -0.516000
v 0.483613 -0.051366 -0.506605
v 0.468542 -0.043422 -0.473391
v 0.481629 -0.043422 -0.491403
v 0.447368 -0.043422 -0.480271
v 0.447368 -0.043422 -0.502535
v 0.468542 -0.043422 -0.509415
v 0.471450 -0.052548 -0.393143
v 0.439755 -0.052548 -0.403442
v 0.439755 -0.052548 -0.436768
v 0.471450 -0.052548 -0.447066
v 0.491039 -0.052548 -0.420105
v 0.462690 -0.010910 -0.420105
v 0.490944 -0.056482 -0.410925
v 0.490944 -0.056482 -0.429285
v 0.462690 -0.056482 -0.390397
v 0.480152 -0.056482 -0.396071
v 0.434436 -0.056482 -0.410925
v 0.445228 -0.056482 -0.396071
v 0.445228 -0.056482 -0.444139
v 0.434436 -0.056482 -0.429285
v 0.480152 -0.056482 -0.444139
v 0.462690 -0.056482 -0.449812
v 0.483613 -0.051366 -0.404903
v 0.454698 -0.051366 -0.395508
v 0.436828 -0.051366 -0.420105
v 0.454698 -0.051366 -0.444701
v 0.483613 -0.051366 -0.435306
v 0.468542 -0.043422 -0.402093
v 0.481629 -0.043422 -0.420105
v 0.447368 -0.043422 -0.408973
v 0.447368 -0.043422 -0.431237
v 0.468542 -0.043422 -0.438116
v 0.471450 -0.052548 -0.321845
v 0.439755 -0.052548 -0.332143
v 0.439755 -0.052548 -0.365469
v 0.471450 -0.052548 -0.375768
v 0.491039 -0.052548 -0.348806
v 0.462690 -0.010910 -0.348806
v 0.490944 -0.056482 -0.339626
v 0.490944 -0.056482 -0.357986
v 0.462690 -0.056482 -0.319099
v 0.480152 -0.056482 -0.324772
v 0.434436 -0.056482 -0.339626
v 0.445228 -0.056482 -0.324772
v 0.445228 -0.056482 -0.372840
v 0.434436 -0.056482 -0.357986
v 0.480152 -0.056482 -0.372840
v 0.462690 -0.056482 -0.378514
v 0.483613 -0.051366 -0.333605
v 0.454698 -0.051366 -0.324210
v 0.436828 -0.051366 -0.348806
v 0.454698 -0.051366 -0.373403
v 0.483613 -0.051366 -0.364008
v 0.468542 -0.043422 -0.330795
v 0.481629 -0.043422 -0.348806
v 0.447368 -0.043422 -0.337674
v 0.447368 -0.043422 -0.359938
v 0.468542 -0.043422 -0.366818
v 0.471450 -0.052548 -0.250546
v 0.439755 -0.052548 -0.260845
v 0.439755 -0.052548 -0.294171
v 0.471450 -0.052548 -0.304469
v 0.491039 -0.052548 -0.277508
v 0.462690 -0.010910 -0.277508
v 0.490944 -0.056482 -0.268328
v 0.490944 -0.056482 -0.286688
v 0.462690 -0.056482 -0.247800
v 0.480152 -0.056482 -0.253474
v 0.434436 -0.056482 -0.268328
v 0.445228 -0.056482 -0.253474
v 0.445228 -0.056482 -0.301542
v 0.434436 -0.056482 -0.286688
v 0.480152 -0.056482 -0.301542
v 0.462690 -0.056482 -0.307216
v 0.483613 -0.051366 -0.262306
v 0.454698 -0.051366 -0.252911
v 0.436828 -0.051366 -0.277508
v 0.454698 -0.051366 -0.302104
v 0.483613 -0.051366 -0.292709
v 0.468542 -0.043422 -0.259496
v 0.481629 -0.043422 -0.277508
v 0.447368 -0.043422 -0.266376
v 0.447368 -0.043422 -0.288640
v 0.468542 -0.043422 -0.295520
v 0.471450 -0.052548 -0.179248
v 0.439755 -0.052548 -0.189546
v 0.439755 -0.052548 -0.222872
v 0.471450 -0.052548 -0.233171
v 0.491039 -0.052548 -0.206209
v 0.462690 -0.010910 -0.206209
v 0.490944 -0.056482 -0.197029
v 0.490944 -0.056482 -0.215389
v 0.462690 -0.056482 -0.176502
v 0.480152 -0.056482 -0.182175
v 0.434436 -0.056482 -0.197029
v 0.445228 -0.056482 -0.182175
v 0.445228 -0.056482 -0.230243
v 0.434436 -0.056482 -0.215389
v 0.480152 -0.056482 -0.230243
v 0.462690 -0.056482 -0.235917
v 0.483613 -0.051366 -0.191008
v 0.454698 -0.051366 -0.181613
v 0.436828 -0.051366 -0.206209
v 0.454698 -0.051366 -0.230806
v 0.483613 -0.051366 -0.221411
v 0.468542 -0.043422 -0.188198
v 0.481629 -0.043422 -0.206209
v 0.447368 -0.043422 -0.195078
v 0.447368 -0.043422 -0.217341
v 0.468542 -0.043422 -0.224221
v 0.471450 -0.052548 -0.107949
v 0.439755 -0.052548 -0.118248
v 0.439755 -0.052548 -0.151574
v 0.471450 -0.052548 -0.161872
v 0.491039 -0.052548 -0.134911
v 0.462690 -0.010910 -0.134911
v 0.490944 -0.056482 -0.125731
v 0.490944 -0.056482 -0.144091
v 0.462690 -0.056482 -0.105203
v 0.480152 -0.056482 -0.110877
v 0.434436 -0.056482 -0.125731
v 0.445228 -0.056482 -0.110877
v 0.445228 -0.056482 -0.158945
v 0.434436 -0.056482 -0.144091
v 0.480152 -0.056482 -0.158945
v 0.462690 -0.056482 -0.164619
v 0.483613 -0.051366 -0.119709
v 0.454698 -0.051366 -0.110314
v 0.436828 -0.051366 -0.134911
v 0.454698 -0.051366 -0.159507
v 0.483613 -0.051366 -0.150112
v 0.468542 -0.043422 -0.116899
v 0.481629 -0.043422 -0.134911
v 0.447368 -0.043422 -0.123779
v 0.447368 -0.043422 -0.146043
v 0.468542 -0.043422 -0.152923
v 0.471450 -0.052548 -0.036651
v 0.439755 -0.052548 -0.046950
v 0.439755 -0.052548 -0.080275
v 0.471450 -0.052548 -0.090574
v 0.491039 -0.052548 -0.063612
v 0.462690 -0.010910 -0.063612
v 0.490944 -0.056482 -0.054432
v 0.490944 -0.056482 -0.072793
v 0.462690 -0.056482 -0.033905
v 0.480152 -0.056482 -0.039578
v 0.434436 -0.056482 -0.054432
v 0.445228 -0.056482 -0.039578
v 0.445228 -0.056482 -0.087646
v 0.434436 -0.056482 -0.072792
v 0.480152 -0.056482 -0.087646
v 0.462690 -0.056482 -0.093320
v 0.483613 -0.051366 -0.048411
v 0.454698 -0.051366 -0.039016
v 0.436828 -0.051366 -0.063612
v 0.454698 -0.051366 -0.088209
v 0.483613 -0.051366 -0.078814
v 0.468542 -0.043422 -0.045601
v 0.481629 -0.043422 -0.063612
v 0.447368 -0.043422 -0.052481
v 0.447368 -0.043422 -0.074744
v 0.468542 -0.043422 -0.081624
v 0.099841 -0.064821 -0.674837
v 0.081625 -0.064821 -0.693054
v 0.090733 -0.064821 -0.677278
v 0.084065 -0.064821 -0.683946
v 0.081625 0.012163 -0.693054
v 0.099841 0.012163 -0.674837
v 0.084065 0.012163 -0.683946
v 0.090733 0.012163 -0.677278
v 0.081625 -0.064821 -0.733605
v 0.099841 -0.064821 -0.751822
v 0.084065 -0.064821 -0.742713
v 0.090733 -0.064821 -0.749381
v 0.099841 0.012163 -0.751822
v 0.081625 0.012163 -0.733605
v 0.090733 0.012163 -0.749381
v 0.084065 0.012163 -0.742713
v 0.158609 -0.064821 -0.693054
v 0.140392 -0.064821 -0.674837
v 0.156168 -0.064821 -0.683946
v 0.149501 -0.064821 -0.677278
v 0.140392 0.012163 -0.674837
v 0.158609 0.012163 -0.693054
v 0.149501 0.012163 -0.677278
v 0.156168 0.012163 -0.683946
v 0.140392 -0.064821 -0.751822
v 0.158609 -0.064821 -0.733605
v 0.149501 -0.064821 -0.749381
v 0.156168 -0.064821 -0.742713
v 0.158609 0.012163 -0.733605
v 0.140392 0.012163 -0.751822
v 0.156168 0.012163 -0.742713
v 0.149501 0.012163 -0.749381
v 0.106329 -0.001624 -0.699542
v 0.107861 0.195201 -0.701073
v 0.106329 -0.001624 -0.727117
v 0.107861 0.195201 -0.725585
v 0.133904 -0.001624 -0.699542
v 0.132373 0.195201 -0.701073
v 0.133904 -0.001624 -0.727117
v 0.132373 0.195201 -0.725585
v 0.106329 0.187445 -0.699542
v 0.106329 0.187445 -0.727117
v 0.133904 0.187445 -0.727117
v 0.133904 0.187445 -0.699542
v 0.112420 0.206455 -0.705632
v 0.112420 0.206455 -0.721026
v 0.127814 0.206455 -0.721027
v 0.127814 0.206455 -0.705632
v 0.118058 0.216861 -0.711271
v 0.118058 0.216861 -0.715388
v 0.122175 0.216861 -0.715388
v 0.122175 0.216861 -0.711271
v 0.207619 -0.064821 -0.674837
v 0.189403 -0.064821 -0.693054
v 0.198511 -0.064821 -0.677278
v 0.191843 -0.064821 -0.683946
v 0.189403 0.012163 -0.693054
v 0.207619 0.012163 -0.674837
v 0.191843 0.012163 -0.683946
v 0.198511 0.012163 -0.677278
v 0.189403 -0.064821 -0.733605
v 0.207619 -0.064821 -0.751822
v 0.191843 -0.064821 -0.742713
v 0.198511 -0.064821 -0.749381
v 0.207619 0.012163 -0.751822
v 0.189403 0.012163 -0.733605
v 0.198511 0.012163 -0.749381
v 0.191843 0.012163 -0.742713
v 0.266387 -0.064821 -0.693054
v 0.248170 -0.064821 -0.674837
v 0.263946 -0.064821 -0.683945
v 0.257279 -0.064821 -0.677278
v 0.248170 0.012163 -0.674837
v 0.266387 0.012163 -0.693054
v 0.257279 0.012163 -0.677278
v 0.263946 0.012163 -0.683945
v 0.248170 -0.064821 -0.751822
v 0.266387 -0.064821 -0.733605
v 0.257279 -0.064821 -0.749381
v 0.263946 -0.064821 -0.742713
v 0.266387 0.012163 -0.733605
v 0.248170 0.012163 -0.751822
v 0.263946 0.012163 -0.742713
v 0.257279 0.012163 -0.749381
v 0.214107 -0.001624 -0.699542
v 0.215639 0.195201 -0.701073
v 0.214107 -0.001624 -0.727117
v 0.215639 0.195201 -0.725585
v 0.241682 -0.001624 -0.699542
v 0.240151 0.195201 -0.701073
v 0.241682 -0.001624 -0.727117
v 0.240151 0.195201 -0.725585
v 0.214107 0.187445 -0.699542
v 0.214107 0.187445 -0.727117
v 0.241682 0.187445 -0.727117
v 0.241682 0.187445 -0.699542
v 0.220198 0.206455 -0.705632
v 0.220198 0.206455 -0.721026
v 0.235592 0.206455 -0.721026
v 0.235592 0.206455 -0.705632
v 0.225836 0.216861 -0.711271
v 0.225836 0.216861 -0.715388
v 0.229953 0.216861 -0.715388
v 0.229953 0.216861 -0.711271
v 0.315397 -0.064821 -0.674837
v 0.297181 -0.064821 -0.693054
v 0.306289 -0.064821 -0.677278
v 0.299621 -0.064821 -0.683946
v 0.297181 0.012163 -0.693054
v 0.315397 0.012163 -0.674837
v 0.299621 0.012163 -0.683946
v 0.306289 0.012163 -0.677278
v 0.297181 -0.064821 -0.733605
v 0.315397 -0.064821 -0.751822
v 0.299621 -0.064821 -0.742713
v 0.306289 -0.064821 -0.749381
v 0.315397 0.012163 -0.751822
v 0.297181 0.012163 -0.733605
v 0.306289 0.012163 -0.749381
v 0.299621 0.012163 -0.742713
v 0.374165 -0.064821 -0.693054
v 0.355948 -0.064821 -0.674837
v 0.371724 -0.064821 -0.683945
v 0.365057 -0.064821 -0.677278
v 0.355948 0.012163 -0.674837
v 0.374165 0.012163 -0.693054
v 0.365057 0.012163 -0.677278
v 0.371724 0.012163 -0.683945
v 0.355948 -0.064821 -0.751822
v 0.374165 -0.064821 -0.733605
v 0.365057 -0.064821 -0.749381
v 0.371724 -0.064821 -0.742713
v 0.374165 0.012163 -0.733605
v 0.355948 0.012163 -0.751822
v 0.371724 0.012163 -0.742713
v 0.365057 0.012163 -0.749381
v 0.321885 -0.001624 -0.699542
v 0.323417 0.195201 -0.701073
v 0.321885 -0.001624 -0.727117
v 0.323417 0.195201 -0.725586
v 0.349460 -0.001624 -0.699542
v 0.347929 0.195201 -0.701073
v 0.349460 -0.001624 -0.727117
v 0.347929 0.195201 -0.725585
v 0.321885 0.187445 -0.699542
v 0.321885 0.187445 -0.727117
v 0.349460 0.187445 -0.727117
v 0.349460 0.187445 -0.699542
v 0.327976 0.206455 -0.705632
v 0.327976 0.206455 -0.721026
v 0.343370 0.206455 -0.721027
v 0.343370 0.206455 -0.705632
v 0.333614 0.216861 -0.711271
v 0.333614 0.216861 -0.715388
v 0.337731 0.216861 -0.715388
v 0.337731 0.216861 -0.711271
v 0.423175 -0.064821 -0.674837
v 0.404959 -0.064821 -0.693054
v 0.414067 -0.064821 -0.677278
v 0.407399 -0.064821 -0.683946
v 0.404959 0.012163 -0.693054
v 0.423175 0.012163 -0.674837
v 0.407399 0.012163 -0.683946
v 0.414067 0.012163 -0.677278
v 0.404959 -0.064821 -0.733605
v 0.423175 -0.064821 -0.751822
v 0.407399 -0.064821 -0.742713
v 0.414067 -0.064821 -0.749381
v 0.423175 0.012163 -0.751822
v 0.404959 0.012163 -0.733605
v 0.414067 0.012163 -0.749381
v 0.407399 0.012163 -0.742713
v 0.481943 -0.064821 -0.693054
v 0.463726 -0.064821 -0.674837
v 0.479502 -0.064821 -0.683946
v 0.472835 -0.064821 -0.677278
v 0.463726 0.012163 -0.674837
v 0.481943 0.012163 -0.693054
v 0.472835 0.012163 -0.677278
v 0.479502 0.012163 -0.683946
v 0.463727 -0.064821 -0.751822
v 0.481943 -0.064821 -0.733605
v 0.472835 -0.064821 -0.749381
v 0.479502 -0.064821 -0.742713
v 0.481943 0.012163 -0.733605
v 0.463727 0.012163 -0.751822
v 0.479502 0.012163 -0.742713
v 0.472835 0.012163 -0.749381
v 0.429663 -0.001624 -0.699542
v 0.431195 0.195201 -0.701073
v 0.429663 -0.001624 -0.727117
v 0.431195 0.195201 -0.725585
v 0.457238 -0.001624 -0.699542
v 0.455707 0.195201 -0.701073
v 0.457238 -0.001624 -0.727117
v 0.455707 0.195201 -0.725585
v 0.429663 0.187445 -0.699542
v 0.429663 0.187445 -0.727117
v 0.457238 0.187445 -0.727117
v 0.457238 0.187445 -0.699542
v 0.435754 0.206455 -0.705632
v 0.435754 0.206455 -0.721027
v 0.451148 0.206455 -0.721026
v 0.451148 0.206455 -0.705632
v 0.441392 0.216861 -0.711271
v 0.441392 0.216861 -0.715388
v 0.445509 0.216861 -0.715388
v 0.445509 0.216861 -0.711271
v 0.099841 -0.064821 -0.782615
v 0.081625 -0.064821 -0.800832
v 0.090733 -0.064821 -0.785056
v 0.084065 -0.064821 -0.791724
v 0.081625 0.012163 -0.800832
v 0.099841 0.012163 -0.782615
v 0.084065 0.012163 -0.791724
v 0.090733 0.012163 -0.785056
v 0.081625 -0.064821 -0.841383
v 0.099841 -0.064821 -0.859599
v 0.084065 -0.064821 -0.850491
v 0.090733 -0.064821 -0.857159
v 0.099841 0.012163 -0.859599
v 0.081625 0.012163 -0.841383
v 0.090733 0.012163 -0.857159
v 0.084065 0.012163 -0.850491
v 0.158609 -0.064821 -0.800832
v 0.140392 -0.064821 -0.782615
v 0.156168 -0.064821 -0.791723
v 0.149501 -0.064821 -0.785056
v 0.140392 0.012163 -0.782615
v 0.158609 0.012163 -0.800832
v 0.149501 0.012163 -0.785056
v 0.156168 0.012163 -0.791723
v 0.140392 -0.064821 -0.859599
v 0.158609 -0.064821 -0.841383
v 0.149501 -0.064821 -0.857159
v 0.156168 -0.064821 -0.850491
v 0.158609 0.012163 -0.841383
v 0.140392 0.012163 -0.859599
v 0.156168 0.012163 -0.850491
v 0.149501 0.012163 -0.857159
v 0.106329 -0.001624 -0.807320
v 0.107861 0.195201 -0.808851
v 0.106329 -0.001624 -0.834895
v 0.107861 0.195201 -0.833363
v 0.133904 -0.001624 -0.807320
v 0.132373 0.195201 -0.808851
v 0.133904 -0.001624 -0.834895
v 0.132373 0.195201 -0.833363
v 0.106329 0.187445 -0.807320
v 0.106329 0.187445 -0.834895
v 0.133904 0.187445 -0.834895
v 0.133904 0.187445 -0.807320
v 0.112420 0.206455 -0.813410
v 0.112420 0.206455 -0.828804
v 0.127814 0.206455 -0.828804
v 0.127814 0.206455 -0.813410
v 0.118058 0.216861 -0.819049
v 0.118058 0.216861 -0.823166
v 0.122175 0.216861 -0.823166
v 0.122175 0.216861 -0.819049
v 0.207619 -0.064821 -0.782615
v 0.189403 -0.064821 -0.800832
v 0.198511 -0.064821 -0.785056
v 0.191843 -0.064821 -0.791723
v 0.189403 0.012163 -0.800832
v 0.207619 0.012163 -0.782615
v 0.191843 0.012163 -0.791723
v 0.198511 0.012163 -0.785056
v 0.189403 -0.064821 -0.841383
v 0.207619 -0.064821 -0.859600
v 0.191843 -0.064821 -0.850491
v 0.198511 -0.064821 -0.857159
v 0.207619 0.012163 -0.859600
v 0.189403 0.012163 -0.841383
v 0.198511 0.012163 -0.857159
v 0.191843 0.012163 -0.850491
v 0.266387 -0.064821 -0.800832
v 0.248170 -0.064821 -0.782615
v 0.263946 -0.064821 -0.791723
v 0.257279 -0.064821 -0.785056
v 0.248170 0.012163 -0.782615
v 0.266387 0.012163 -0.800832
v 0.257279 0.012163 -0.785056
v 0.263946 0.012163 -0.791723
v 0.248170 -0.064821 -0.859600
v 0.266387 -0.064821 -0.841383
v 0.257279 -0.064821 -0.857159
v 0.263946 -0.064821 -0.850491
v 0.266387 0.012163 -0.841383
v 0.248170 0.012163 -0.859600
v 0.263946 0.012163 -0.850491
v 0.257279 0.012163 -0.857159
v 0.214107 -0.001624 -0.807320
v 0.215639 0.195201 -0.808851
v 0.214107 -0.001624 -0.834895
v 0.215639 0.195201 -0.833364
v 0.241682 -0.001624 -0.807320
v 0.240151 0.195201 -0.808851
v 0.241683 -0.001624 -0.834895
v 0.240151 0.195201 -0.833364
v 0.214107 0.187445 -0.807320
v 0.214107 0.187445 -0.834895
v 0.241683 0.187445 -0.834895
v 0.241682 0.187445 -0.807320
v 0.220198 0.206455 -0.813410
v 0.220198 0.206455 -0.828804
v 0.235592 0.206455 -0.828804
v 0.235592 0.206455 -0.813410
v 0.225836 0.216861 -0.819049
v 0.225836 0.216861 -0.823166
v 0.229953 0.216861 -0.823166
v 0.229953 0.216861 -0.819049
v 0.315397 -0.064821 -0.782615
v 0.297181 -0.064821 -0.800832
v 0.306289 -0.064821 -0.785056
v 0.299621 -0.064821 -0.791723
v 0.297181 0.012163 -0.800832
v 0.315397 0.012163 -0.782615
v 0.299621 0.012163 -0.791723
v 0.306289 0.012163 -0.785056
v 0.297181 -0.064821 -0.841383
v 0.315397 -0.064821 -0.859599
v 0.299621 -0.064821 -0.850491
v 0.306289 -0.064821 -0.857159
v 0.315397 0.012163 -0.859599
v 0.297181 0.012163 -0.841383
v 0.306289 0.012163 -0.857159
v 0.299621 0.012163 -0.850491
v 0.374165 -0.064821 -0.800832
v 0.355948 -0.064821 -0.782615
v 0.371724 -0.064821 -0.791723
v 0.365057 -0.064821 -0.785056
v 0.355948 0.012163 -0.782615
v 0.374165 0.012163 -0.800832
v 0.365057 0.012163 -0.785056
v 0.371724 0.012163 -0.791723
v 0.355948 -0.064821 -0.859600
v 0.374165 -0.064821 -0.841383
v 0.365057 -0.064821 -0.857159
v 0.371724 -0.064821 -0.850491
v 0.374165 0.012163 -0.841383
v 0.355948 0.012163 -0.859600
v 0.371724 0.012163 -0.850491
v 0.365057 0.012163 -0.857159
v 0.321885 -0.001624 -0.807320
v 0.323417 0.195201 -0.808851
v 0.321885 -0.001624 -0.834895
v 0.323417 0.195201 -0.833364
v 0.349460 -0.001624 -0.807320
v 0.347929 0.195201 -0.808851
v 0.349460 -0.001624 -0.834895
v 0.347929 0.195201 -0.833363
v 0.321885 0.187445 -0.807320
v 0.321885 0.187445 -0.834895
v 0.349460 0.187445 -0.834895
v 0.349460 0.187445 -0.807320
v 0.327976 0.206455 -0.813410
v 0.327976 0.206455 -0.828804
v 0.343370 0.206455 -0.828804
v 0.343370 0.206455 -0.813410
v 0.333614 0.216861 -0.819049
v 0.333614 0.216861 -0.823166
v 0.337731 0.216861 -0.823166
v 0.337731 0.216861 -0.819049
v 0.423175 -0.064821 -0.782615
v 0.404959 -0.064821 -0.800832
v 0.414067 -0.064821 -0.785056
v 0.407399 -0.064821 -0.791723
v 0.404959 0.012163 -0.800832
v 0.423175 0.012163 -0.782615
v 0.407399 0.012163 -0.791723
v 0.414067 0.012163 -0.785056
v 0.404959 -0.064821 -0.841383
v 0.423175 -0.064821 -0.859600
v 0.407399 -0.064821 -0.850491
v 0.414067 -0.064821 -0.857159
v 0.423175 0.012163 -0.859600
v 0.404959 0.012163 -0.841383
v 0.414067 0.012163 -0.857159
v 0.407399 0.012163 -0.850491
v 0.481943 -0.064821 -0.800832
v 0.463727 -0.064821 -0.782615
v 0.479502 -0.064821 -0.791723
v 0.472835 -0.064821 -0.785056
v 0.463727 0.012163 -0.782615
v 0.481943 0.012163 -0.800832
v 0.472835 0.012163 -0.785056
v 0.479502 0.012163 -0.791723
v 0.463727 -0.064821 -0.859599
v 0.481943 -0.064821 -0.841383
v 0.472835 -0.064821 -0.857159
v 0.479502 -0.064821 -0.850491
v 0.481943 0.012163 -0.841383
v 0.463727 0.012163 -0.859599
v 0.479502 0.012163 -0.850491
v 0.472835 0.012163 -0.857159
v 0.429663 -0.001624 -0.807320
v 0.431195 0.195201 -0.808851
v 0.429663 -0.001624 -0.834895
v 0.431195 0.195201 -0.833363
v 0.457238 -0.001624 -0.807320
v 0.455707 0.195201 -0.808851
v 0.457238 -0.001624 -0.834895
v 0.455707 0.195201 -0.833363
v 0.429663 0.187445 -0.807320
v 0.429663 0.187445 -0.834895
v 0.457238 0.187445 -0.834895
v 0.457238 0.187445 -0.807320
v 0.435754 0.206455 -0.813410
v 0.435754 0.206455 -0.828804
v 0.451148 0.206455 -0.828804
v 0.451148 0.206455 -0.813410
v 0.441392 0.216861 -0.819049
v 0.441392 0.216861 -0.823166
v 0.445509 0.216861 -0.823166
v 0.445509 0.216861 -0.819049
v -0.494845 -0.050957 -0.645192
v -0.053413 -0.050957 -0.645192
v -0.494845 -0.050957 -0.889245
v -0.053413 -0.050957 -0.889245
v -0.070481 -0.050957 -0.660482
v -0.070481 -0.050957 -0.873954
v -0.477777 -0.050957 -0.660482
v -0.477777 -0.050957 -0.873954
v 0.062669 -0.050957 -0.645192
v 0.504101 -0.050957 -0.645192
v 0.062669 -0.050957 -0.889245
v 0.504101 -0.050957 -0.889245
v 0.487033 -0.050957 -0.660482
v 0.487033 -0.050957 -0.873954
v 0.079737 -0.050957 -0.660482
v 0.079737 -0.050957 -0.873954
v 0.289859 -0.057416 -0.009105
v 0.289859 -0.038280 -0.009105
v 0.289859 -0.057416 -0.199502
v 0.289859 -0.038280 -0.199502
v 0.358378 -0.057416 -0.009105
v 0.358378 -0.038280 -0.009105
v 0.358379 -0.057416 -0.199502
v 0.358379 -0.038280 -0.199502
v 0.289859 -0.057416 -0.136036
v 0.289859 -0.057416 -0.072571
v 0.289859 -0.038280 -0.072571
v 0.289859 -0.038280 -0.136036
v 0.358378 -0.057416 -0.072571
v 0.358378 -0.057416 -0.136036
v 0.358378 -0.038280 -0.136036
v 0.358378 -0.038280 -0.072571
v 0.289859 -0.009438 -0.072571
v 0.317177 0.017880 -0.099888
v 0.291196 -0.000996 -0.073908
v 0.295077 0.006619 -0.077788
v 0.301120 0.012663 -0.083831
v 0.308735 0.016543 -0.091447
v 0.317177 0.017880 -0.108719
v 0.289859 -0.009438 -0.136036
v 0.308736 0.016543 -0.117160
v 0.301120 0.012663 -0.124776
v 0.295077 0.006619 -0.130819
v 0.291196 -0.000996 -0.134699
v 0.358378 -0.009438 -0.136036
v 0.331061 0.017880 -0.108719
v 0.357042 -0.000996 -0.134699
v 0.353161 0.006619 -0.130819
v 0.347118 0.012663 -0.124776
v 0.339502 0.016543 -0.117160
v 0.331061 0.017880 -0.099888
v 0.358378 -0.009438 -0.072571
v 0.339502 0.016543 -0.091447
v 0.347118 0.012663 -0.083831
v 0.353161 0.006619 -0.077788
v 0.357042 -0.000996 -0.073908
v 0.289859 -0.028779 -0.136036
v 0.289859 -0.028779 -0.072571
v 0.358378 -0.028779 -0.072571
v 0.358378 -0.028779 -0.136036
v 0.353624 -0.054172 0.091632
v 0.353482 -0.054172 0.083541
v 0.297176 -0.054172 0.084524
v 0.297318 -0.054172 0.092615
v 0.295914 -0.054172 0.012201
v 0.296298 -0.054172 0.034162
v 0.296654 -0.054172 0.038648
v 0.297531 -0.054172 0.042807
v 0.298883 -0.054172 0.046628
v 0.300665 -0.054172 0.050095
v 0.302832 -0.054172 0.053198
v 0.305338 -0.054172 0.055921
v 0.308139 -0.054172 0.058252
v 0.311189 -0.054172 0.060177
v 0.314442 -0.054172 0.061683
v 0.317854 -0.054172 0.062758
v 0.321379 -0.054172 0.063387
v 0.324972 -0.054172 0.063558
v 0.328315 -0.054172 0.063307
v 0.331659 -0.054172 0.062666
v 0.334948 -0.054172 0.061626
v 0.338124 -0.054172 0.060181
v 0.341129 -0.054172 0.058322
v 0.343908 -0.054172 0.056042
v 0.346402 -0.054172 0.053334
v 0.348554 -0.054172 0.050189
v 0.350307 -0.054172 0.046601
v 0.351604 -0.054172 0.042561
v 0.352388 -0.054172 0.038062
v 0.352602 -0.054172 0.033097
v 0.352220 -0.054172 0.011219
v 0.345096 -0.054172 0.019436
v 0.345314 -0.054172 0.031903
v 0.345184 -0.054172 0.035670
v 0.344677 -0.054172 0.039092
v 0.343819 -0.054172 0.042171
v 0.342638 -0.054172 0.044912
v 0.341161 -0.054172 0.047321
v 0.339415 -0.054172 0.049400
v 0.337428 -0.054172 0.051156
v 0.335226 -0.054172 0.052591
v 0.332838 -0.054172 0.053710
v 0.330291 -0.054172 0.054519
v 0.327611 -0.054172 0.055020
v 0.324826 -0.054172 0.055219
v 0.322957 -0.054172 0.055158
v 0.320864 -0.054172 0.054891
v 0.318621 -0.054172 0.054383
v 0.316298 -0.054172 0.053597
v 0.313969 -0.054172 0.052498
v 0.311705 -0.054172 0.051051
v 0.309580 -0.054172 0.049219
v 0.307664 -0.054172 0.046967
v 0.306030 -0.054172 0.044259
v 0.304751 -0.054172 0.041060
v 0.303899 -0.054172 0.037334
v 0.303545 -0.054172 0.033045
v 0.303321 -0.054172 0.020165
v -0.216420 -0.075670 -0.287061
v -0.216420 -0.075670 -0.202611
v -0.216420 -0.038313 -0.202611
v -0.216420 -0.038313 -0.287061
v -0.146559 -0.075670 -0.202611
v -0.146559 -0.075670 -0.287061
v -0.146559 -0.038313 -0.287061
v -0.146559 -0.038313 -0.202611
v -0.216420 0.003006 -0.202611
v -0.216420 0.003006 -0.287061
v -0.146559 0.003006 -0.287061
v -0.146559 0.003006 -0.202611
v -0.216420 -0.075670 -0.273126
v -0.216420 -0.075670 -0.216546
v -0.216420 -0.038313 -0.216546
v -0.216420 -0.038313 -0.273126
v -0.146559 -0.075670 -0.216546
v -0.146559 -0.075670 -0.273127
v -0.146559 -0.038313 -0.273127
v -0.146559 -0.038313 -0.216546
v -0.216420 0.003006 -0.216546
v -0.216420 0.003006 -0.273126
v -0.146559 0.003006 -0.273127
v -0.146559 0.003006 -0.216546
v -0.208981 -0.038313 -0.216546
v -0.208981 -0.038313 -0.273127
v -0.153999 -0.038313 -0.273126
v -0.153999 -0.038313 -0.216546
v -0.211160 0.000193 -0.216546
v -0.211160 0.000193 -0.273127
v -0.151820 0.000193 -0.273126
v -0.151820 0.000193 -0.216546
v -0.204502 -0.075670 -0.185586
v -0.216420 -0.075670 -0.197505
v -0.210461 -0.075670 -0.187183
v -0.214823 -0.075670 -0.191545
v -0.216420 -0.038313 -0.197505
v -0.204502 -0.042848 -0.185586
v -0.214823 -0.039959 -0.191545
v -0.210461 -0.042848 -0.187183
v -0.216420 -0.075670 -0.292168
v -0.204502 -0.075670 -0.304086
v -0.214823 -0.075670 -0.298127
v -0.210461 -0.075670 -0.302489
v -0.204502 -0.042848 -0.304086
v -0.216420 -0.038313 -0.292168
v -0.210461 -0.042848 -0.302489
v -0.214823 -0.039959 -0.298127
v -0.146559 -0.075670 -0.197505
v -0.158478 -0.075670 -0.185586
v -0.148156 -0.075670 -0.191545
v -0.152519 -0.075670 -0.187183
v -0.158478 -0.042848 -0.185586
v -0.146559 -0.038313 -0.197505
v -0.152519 -0.042848 -0.187183
v -0.148156 -0.039959 -0.191545
v -0.158478 -0.075670 -0.304086
v -0.146559 -0.075670 -0.292168
v -0.152519 -0.075670 -0.302489
v -0.148156 -0.075670 -0.298127
v -0.146559 -0.038313 -0.292168
v -0.158478 -0.042848 -0.304086
v -0.148156 -0.039959 -0.298127
v -0.152519 -0.042848 -0.302489
v -0.216420 -0.075670 -0.048049
v -0.216420 -0.075670 0.036400
v -0.216420 -0.038313 0.036400
v -0.216420 -0.038313 -0.048049
v -0.146559 -0.075670 0.036400
v -0.146559 -0.075670 -0.048049
v -0.146559 -0.038313 -0.048049
v -0.146559 -0.038313 0.036400
v -0.216420 0.003006 0.036400
v -0.216420 0.003006 -0.048049
v -0.146559 0.003006 -0.048049
v -0.146559 0.003006 0.036400
v -0.216420 -0.075670 -0.034115
v -0.216420 -0.075670 0.022466
v -0.216420 -0.038313 0.022466
v -0.216420 -0.038313 -0.034115
v -0.146559 -0.075670 0.022466
v -0.146559 -0.075670 -0.034115
v -0.146559 -0.038313 -0.034115
v -0.146559 -0.038313 0.022466
v -0.216420 0.003006 0.022466
v -0.216420 0.003006 -0.034115
v -0.146559 0.003006 -0.034115
v -0.146559 0.003006 0.022466
v -0.208981 -0.038313 0.022466
v -0.208981 -0.038313 -0.034115
v -0.153999 -0.038313 -0.034115
v -0.153999 -0.038313 0.022466
v -0.211160 0.000193 0.022466
v -0.211160 0.000193 -0.034115
v -0.151820 0.000193 -0.034115
v -0.151820 0.000193 0.022466
v -0.204502 -0.075670 0.053426
v -0.216420 -0.075670 0.041507
v -0.210461 -0.075670 0.051829
v -0.214823 -0.075670 0.047466
v -0.216420 -0.038313 0.041507
v -0.204502 -0.042848 0.053426
v -0.214823 -0.039959 0.047466
v -0.210461 -0.042848 0.051829
v -0.216420 -0.075670 -0.053156
v -0.204502 -0.075670 -0.065075
v -0.214823 -0.075670 -0.059115
v -0.210461 -0.075670 -0.063478
v -0.204502 -0.042848 -0.065075
v -0.216420 -0.038313 -0.053156
v -0.210461 -0.042848 -0.063478
v -0.214823 -0.039959 -0.059115
v -0.146559 -0.075670 0.041507
v -0.158478 -0.075670 0.053426
v -0.148156 -0.075670 0.047466
v -0.152519 -0.075670 0.051829
v -0.158478 -0.042848 0.053426
v -0.146559 -0.038313 0.041507
v -0.152519 -0.042848 0.051829
v -0.148156 -0.039959 0.047466
v -0.158478 -0.075670 -0.065075
v -0.146559 -0.075670 -0.053156
v -0.152519 -0.075670 -0.063478
v -0.148156 -0.075670 -0.059115
v -0.146559 -0.038313 -0.053156
v -0.158478 -0.042848 -0.065075
v -0.148156 -0.039959 -0.059115
v -0.152519 -0.042848 -0.063478
v -0.245203 -0.054172 0.043339
v -0.245344 -0.054172 0.035248
v -0.301650 -0.054172 0.036231
v -0.301509 -0.054172 0.044322
v -0.249590 -0.054172 0.014346
v -0.248856 -0.054172 0.012449
v -0.248194 -0.054172 0.010624
v -0.247605 -0.054172 0.008864
v -0.247085 -0.054172 0.007163
v -0.246635 -0.054172 0.005514
v -0.246252 -0.054172 0.003912
v -0.245936 -0.054172 0.002351
v -0.245685 -0.054172 0.000825
v -0.245497 -0.054172 -0.000673
v -0.245372 -0.054172 -0.002148
v -0.245308 -0.054172 -0.003606
v -0.245304 -0.054172 -0.005054
v -0.245637 -0.054172 -0.009421
v -0.246462 -0.054172 -0.013545
v -0.247749 -0.054172 -0.017398
v -0.249472 -0.054172 -0.020954
v -0.251603 -0.054172 -0.024185
v -0.254112 -0.054172 -0.027064
v -0.256973 -0.054172 -0.029564
v -0.260157 -0.054172 -0.031657
v -0.263636 -0.054172 -0.033315
v -0.267382 -0.054172 -0.034512
v -0.271368 -0.054172 -0.035221
v -0.275565 -0.054172 -0.035413
v -0.278594 -0.054172 -0.035166
v -0.281730 -0.054172 -0.034522
v -0.284901 -0.054172 -0.033475
v -0.288034 -0.054172 -0.032014
v -0.291058 -0.054172 -0.030134
v -0.293900 -0.054172 -0.027825
v -0.296489 -0.054172 -0.025081
v -0.298753 -0.054172 -0.021892
v -0.300618 -0.054172 -0.018252
v -0.302013 -0.054172 -0.014152
v -0.302866 -0.054172 -0.009584
v -0.303105 -0.054172 -0.004541
v -0.303025 -0.054172 -0.002390
v -0.302866 -0.054172 -0.000350
v -0.302630 -0.054172 0.001588
v -0.302324 -0.054172 0.003432
v -0.301950 -0.054172 0.005190
v -0.301512 -0.054172 0.006869
v -0.301016 -0.054172 0.008479
v -0.300465 -0.054172 0.010028
v -0.299863 -0.054172 0.011522
v -0.299215 -0.054172 0.012971
v -0.298524 -0.054172 0.014383
v -0.297795 -0.054172 0.015765
v -0.288961 -0.054172 0.015611
v -0.289982 -0.054172 0.014028
v -0.290922 -0.054172 0.012423
v -0.291781 -0.054172 0.010800
v -0.292558 -0.054172 0.009165
v -0.293251 -0.054172 0.007519
v -0.293859 -0.054172 0.005869
v -0.294382 -0.054172 0.004216
v -0.294817 -0.054172 0.002567
v -0.295164 -0.054172 0.000923
v -0.295421 -0.054172 -0.000709
v -0.295587 -0.054172 -0.002328
v -0.295662 -0.054172 -0.003928
v -0.295540 -0.054172 -0.007223
v -0.295066 -0.054172 -0.010329
v -0.294259 -0.054172 -0.013227
v -0.293133 -0.054172 -0.015901
v -0.291706 -0.054172 -0.018331
v -0.289994 -0.054172 -0.020502
v -0.288015 -0.054172 -0.022396
v -0.285784 -0.054172 -0.023994
v -0.283317 -0.054172 -0.025280
v -0.280633 -0.054172 -0.026236
v -0.277747 -0.054172 -0.026844
v -0.274676 -0.054172 -0.027087
v -0.271647 -0.054172 -0.026944
v -0.268767 -0.054172 -0.026421
v -0.266055 -0.054172 -0.025540
v -0.263534 -0.054172 -0.024321
v -0.261224 -0.054172 -0.022787
v -0.259146 -0.054172 -0.020958
v -0.257322 -0.054172 -0.018857
v -0.255772 -0.054172 -0.016504
v -0.254518 -0.054172 -0.013921
v -0.253579 -0.054172 -0.011130
v -0.252978 -0.054172 -0.008151
v -0.252736 -0.054172 -0.005007
v -0.252746 -0.054172 -0.003387
v -0.252833 -0.054172 -0.001784
v -0.252999 -0.054172 -0.000193
v -0.253245 -0.054172 0.001391
v -0.253573 -0.054172 0.002975
v -0.253983 -0.054172 0.004564
v -0.254478 -0.054172 0.006162
v -0.255058 -0.054172 0.007776
v -0.255724 -0.054172 0.009411
v -0.256480 -0.054172 0.011073
v -0.257324 -0.054172 0.012766
v -0.258259 -0.054172 0.014497
v -0.296484 -0.054172 -0.192550
v -0.296860 -0.054172 -0.214098
v -0.293218 -0.054172 -0.211180
v -0.289854 -0.054172 -0.208564
v -0.286738 -0.054172 -0.206243
v -0.283838 -0.054172 -0.204207
v -0.281123 -0.054172 -0.202447
v -0.278565 -0.054172 -0.200956
v -0.276131 -0.054172 -0.199723
v -0.273792 -0.054172 -0.198742
v -0.271517 -0.054172 -0.198002
v -0.269275 -0.054172 -0.197496
v -0.267035 -0.054172 -0.197215
v -0.264769 -0.054172 -0.197150
v -0.262240 -0.054172 -0.197338
v -0.259864 -0.054172 -0.197802
v -0.257654 -0.054172 -0.198530
v -0.255624 -0.054172 -0.199506
v -0.253788 -0.054172 -0.200717
v -0.252158 -0.054172 -0.202149
v -0.250749 -0.054172 -0.203790
v -0.249574 -0.054172 -0.205625
v -0.248646 -0.054172 -0.207639
v -0.247979 -0.054172 -0.209821
v -0.247587 -0.054172 -0.212156
v -0.247483 -0.054172 -0.214629
v -0.247539 -0.054172 -0.215757
v -0.247668 -0.054172 -0.216873
v -0.247869 -0.054172 -0.217978
v -0.248145 -0.054172 -0.219074
v -0.248495 -0.054172 -0.220165
v -0.248920 -0.054172 -0.221252
v -0.249421 -0.054172 -0.222338
v -0.249998 -0.054172 -0.223425
v -0.250652 -0.054172 -0.224515
v -0.251383 -0.054172 -0.225611
v -0.252193 -0.054172 -0.226714
v -0.253081 -0.054172 -0.227828
v -0.263236 -0.054172 -0.227650
v -0.261853 -0.054172 -0.226548
v -0.260628 -0.054172 -0.225458
v -0.259553 -0.054172 -0.224380
v -0.258621 -0.054172 -0.223314
v -0.257825 -0.054172 -0.222258
v -0.257157 -0.054172 -0.221212
v -0.256610 -0.054172 -0.220173
v -0.256175 -0.054172 -0.219142
v -0.255846 -0.054172 -0.218117
v -0.255616 -0.054172 -0.217097
v -0.255476 -0.054172 -0.216081
v -0.255419 -0.054172 -0.215069
v -0.255485 -0.054172 -0.213715
v -0.255726 -0.054172 -0.212426
v -0.256132 -0.054172 -0.211212
v -0.256696 -0.054172 -0.210082
v -0.257408 -0.054172 -0.209046
v -0.258260 -0.054172 -0.208113
v -0.259243 -0.054172 -0.207293
v -0.260349 -0.054172 -0.206596
v -0.261567 -0.054172 -0.206031
v -0.262891 -0.054172 -0.205607
v -0.264311 -0.054172 -0.205336
v -0.265818 -0.054172 -0.205225
v -0.266958 -0.054172 -0.205232
v -0.268031 -0.054172 -0.205296
v -0.269053 -0.054172 -0.205416
v -0.270033 -0.054172 -0.205592
v -0.270986 -0.054172 -0.205823
v -0.271924 -0.054172 -0.206109
v -0.272860 -0.054172 -0.206451
v -0.273805 -0.054172 -0.206847
v -0.274773 -0.054172 -0.207298
v -0.275777 -0.054172 -0.207804
v -0.276829 -0.054172 -0.208364
v -0.277941 -0.054172 -0.208977
v -0.280047 -0.054172 -0.210214
v -0.282224 -0.054172 -0.211585
v -0.284457 -0.054172 -0.213072
v -0.286727 -0.054172 -0.214651
v -0.289018 -0.054172 -0.216302
v -0.291312 -0.054172 -0.218004
v -0.293594 -0.054172 -0.219735
v -0.295845 -0.054172 -0.221475
v -0.298048 -0.054172 -0.223201
v -0.300188 -0.054172 -0.224894
v -0.302246 -0.054172 -0.226531
v -0.304206 -0.054172 -0.228092
v -0.304784 -0.054172 -0.228081
v -0.304162 -0.054172 -0.192415
v -0.252482 -0.054172 -0.236097
v -0.251748 -0.054172 -0.237993
v -0.251086 -0.054172 -0.239818
v -0.250497 -0.054172 -0.241578
v -0.249977 -0.054172 -0.243280
v -0.249527 -0.054172 -0.244928
v -0.249145 -0.054172 -0.246530
v -0.248828 -0.054172 -0.248091
v -0.248577 -0.054172 -0.249617
v -0.248389 -0.054172 -0.251115
v -0.248265 -0.054172 -0.252590
v -0.248201 -0.054172 -0.254049
v -0.248196 -0.054172 -0.255497
v -0.248529 -0.054172 -0.259863
v -0.249354 -0.054172 -0.263987
v -0.250642 -0.054172 -0.267840
v -0.252365 -0.054172 -0.271396
v -0.254495 -0.054172 -0.274628
v -0.257004 -0.054172 -0.277507
v -0.259865 -0.054172 -0.280006
v -0.263049 -0.054172 -0.282099
v -0.266528 -0.054172 -0.283758
v -0.270275 -0.054172 -0.284955
v -0.274260 -0.054172 -0.285663
v -0.278457 -0.054172 -0.285855
v -0.281486 -0.054172 -0.285608
v -0.284622 -0.054172 -0.284965
v -0.287793 -0.054172 -0.283917
v -0.290926 -0.054172 -0.282457
v -0.293950 -0.054172 -0.280576
v -0.296793 -0.054172 -0.278268
v -0.299381 -0.054172 -0.275523
v -0.301645 -0.054172 -0.272335
v -0.303510 -0.054172 -0.268694
v -0.304905 -0.054172 -0.264594
v -0.305758 -0.054172 -0.260027
v -0.305997 -0.054172 -0.254983
v -0.305917 -0.054172 -0.252833
v -0.305758 -0.054172 -0.250792
v -0.305522 -0.054172 -0.248854
v -0.305216 -0.054172 -0.247011
v -0.304842 -0.054172 -0.245253
v -0.304404 -0.054172 -0.243573
v -0.303908 -0.054172 -0.241963
v -0.303357 -0.054172 -0.240415
v -0.302755 -0.054172 -0.238920
v -0.302107 -0.054172 -0.237471
v -0.301416 -0.054172 -0.236059
v -0.300688 -0.054172 -0.234677
v -0.291854 -0.054172 -0.234831
v -0.292874 -0.054172 -0.236415
v -0.293814 -0.054172 -0.238020
v -0.294673 -0.054172 -0.239642
v -0.295450 -0.054172 -0.241278
v -0.296143 -0.054172 -0.242923
v -0.296752 -0.054172 -0.244574
v -0.297274 -0.054172 -0.246226
v -0.297709 -0.054172 -0.247876
v -0.298056 -0.054172 -0.249519
v -0.298313 -0.054172 -0.251152
v -0.298480 -0.054172 -0.252770
v -0.298554 -0.054172 -0.254370
v -0.298432 -0.054172 -0.257666
v -0.297959 -0.054172 -0.260771
v -0.297151 -0.054172 -0.263670
v -0.296025 -0.054172 -0.266343
v -0.294598 -0.054172 -0.268774
v -0.292887 -0.054172 -0.270944
v -0.290907 -0.054172 -0.272838
v -0.288676 -0.054172 -0.274436
v -0.286210 -0.054172 -0.275722
v -0.283525 -0.054172 -0.276678
v -0.280639 -0.054172 -0.277286
v -0.277568 -0.054172 -0.277530
v -0.274539 -0.054172 -0.277387
v -0.271659 -0.054172 -0.276864
v -0.268947 -0.054172 -0.275982
v -0.266426 -0.054172 -0.274763
v -0.264116 -0.054172 -0.273229
v -0.262039 -0.054172 -0.271400
v -0.260214 -0.054172 -0.269299
v -0.258664 -0.054172 -0.266946
v -0.257410 -0.054172 -0.264363
v -0.256471 -0.054172 -0.261572
v -0.255871 -0.054172 -0.258594
v -0.255628 -0.054172 -0.255449
v -0.255638 -0.054172 -0.253829
v -0.255725 -0.054172 -0.252227
v -0.255891 -0.054172 -0.250636
v -0.256137 -0.054172 -0.249051
v -0.256465 -0.054172 -0.247467
v -0.256876 -0.054172 -0.245879
v -0.257370 -0.054172 -0.244280
v -0.257950 -0.054172 -0.242666
v -0.258617 -0.054172 -0.241031
v -0.259372 -0.054172 -0.239370
v -0.260216 -0.054172 -0.237676
v -0.261151 -0.054172 -0.235945
v -0.453434 -0.064930 0.258159
v -0.453434 -0.018588 0.258159
v -0.453434 -0.064930 0.084056
v -0.453434 -0.018588 0.084056
v -0.359060 -0.064930 0.258159
v -0.359060 -0.018588 0.258159
v -0.359060 -0.064930 0.084056
v -0.359060 -0.018588 0.084056
v 0.208467 -0.054172 -0.034221
v 0.205885 -0.054172 -0.037690
v 0.203146 -0.054172 -0.040874
v 0.200265 -0.054172 -0.043768
v 0.197256 -0.054172 -0.046367
v 0.194133 -0.054172 -0.048669
v 0.190909 -0.054172 -0.050669
v 0.187600 -0.054172 -0.052363
v 0.184219 -0.054172 -0.053747
v 0.180781 -0.054172 -0.054816
v 0.177299 -0.054172 -0.055568
v 0.173788 -0.054172 -0.055997
v 0.170261 -0.054172 -0.056100
v 0.167373 -0.054172 -0.055899
v 0.164664 -0.054172 -0.055408
v 0.162147 -0.054172 -0.054641
v 0.159838 -0.054172 -0.053612
v 0.157751 -0.054172 -0.052334
v 0.155901 -0.054172 -0.050822
v 0.154303 -0.054172 -0.049089
v 0.152971 -0.054172 -0.047148
v 0.151920 -0.054172 -0.045014
v 0.151164 -0.054172 -0.042700
v 0.150719 -0.054172 -0.040220
v 0.150599 -0.054172 -0.037588
v 0.150794 -0.054172 -0.035374
v 0.151286 -0.054172 -0.033245
v 0.152053 -0.054172 -0.031222
v 0.153074 -0.054172 -0.029327
v 0.154325 -0.054172 -0.027580
v 0.155787 -0.054172 -0.026003
v 0.157436 -0.054172 -0.024617
v 0.159251 -0.054172 -0.023443
v 0.161210 -0.054172 -0.022501
v 0.163291 -0.054172 -0.021814
v 0.165472 -0.054172 -0.021403
v 0.167731 -0.054172 -0.021287
v 0.170011 -0.054172 -0.021466
v 0.172178 -0.054172 -0.021908
v 0.174213 -0.054172 -0.022599
v 0.176100 -0.054172 -0.023523
v 0.177823 -0.054172 -0.024662
v 0.179365 -0.054172 -0.026002
v 0.180710 -0.054172 -0.027525
v 0.181840 -0.054172 -0.029217
v 0.182739 -0.054172 -0.031061
v 0.183391 -0.054172 -0.033040
v 0.183778 -0.054172 -0.035140
v 0.183885 -0.054172 -0.037343
v 0.183846 -0.054172 -0.038254
v 0.183763 -0.054172 -0.039131
v 0.183640 -0.054172 -0.039974
v 0.183482 -0.054172 -0.040783
v 0.183293 -0.054172 -0.041560
v 0.183076 -0.054172 -0.042305
v 0.182835 -0.054172 -0.043018
v 0.182575 -0.054172 -0.043701
v 0.182299 -0.054172 -0.044353
v 0.182012 -0.054172 -0.044976
v 0.181717 -0.054172 -0.045571
v 0.181419 -0.054172 -0.046137
v 0.183396 -0.054172 -0.045497
v 0.185377 -0.054172 -0.044675
v 0.187347 -0.054172 -0.043683
v 0.189294 -0.054172 -0.042533
v 0.191203 -0.054172 -0.041240
v 0.193060 -0.054172 -0.039816
v 0.194853 -0.054172 -0.038273
v 0.196567 -0.054172 -0.036625
v 0.198188 -0.054172 -0.034886
v 0.199703 -0.054172 -0.033066
v 0.201098 -0.054172 -0.031181
v 0.202360 -0.054172 -0.029242
v 0.173050 -0.054172 -0.047725
v 0.173609 -0.054172 -0.046879
v 0.174102 -0.054172 -0.046090
v 0.174532 -0.054172 -0.045347
v 0.174903 -0.054172 -0.044637
v 0.175218 -0.054172 -0.043951
v 0.175482 -0.054172 -0.043277
v 0.175697 -0.054172 -0.042603
v 0.175868 -0.054172 -0.041920
v 0.175997 -0.054172 -0.041215
v 0.176090 -0.054172 -0.040477
v 0.176149 -0.054172 -0.039696
v 0.176178 -0.054172 -0.038860
v 0.176125 -0.054172 -0.037548
v 0.175925 -0.054172 -0.036301
v 0.175585 -0.054172 -0.035127
v 0.175115 -0.054172 -0.034037
v 0.174523 -0.054172 -0.033038
v 0.173818 -0.054172 -0.032140
v 0.173007 -0.054172 -0.031352
v 0.172100 -0.054172 -0.030684
v 0.171104 -0.054172 -0.030143
v 0.170029 -0.054172 -0.029739
v 0.168882 -0.054172 -0.029482
v 0.167672 -0.054172 -0.029380
v 0.166327 -0.054172 -0.029431
v 0.165061 -0.054172 -0.029628
v 0.163882 -0.054172 -0.029965
v 0.162796 -0.054172 -0.030436
v 0.161810 -0.054172 -0.031033
v 0.160931 -0.054172 -0.031750
v 0.160165 -0.054172 -0.032581
v 0.159519 -0.054172 -0.033520
v 0.158999 -0.054172 -0.034559
v 0.158613 -0.054172 -0.035693
v 0.158367 -0.054172 -0.036914
v 0.158268 -0.054172 -0.038217
v 0.158360 -0.054172 -0.039674
v 0.158683 -0.054172 -0.041095
v 0.159229 -0.054172 -0.042455
v 0.159992 -0.054172 -0.043729
v 0.160964 -0.054172 -0.044890
v 0.162139 -0.054172 -0.045914
v 0.163510 -0.054172 -0.046774
v 0.165069 -0.054172 -0.047445
v 0.166809 -0.054172 -0.047901
v 0.168725 -0.054172 -0.048117
v 0.170807 -0.054172 -0.048067
v 0.207181 -0.054172 -0.065333
v 0.207040 -0.054172 -0.073424
v 0.174263 -0.054172 -0.072852
v 0.172966 -0.054172 -0.072844
v 0.171717 -0.054172 -0.072870
v 0.170516 -0.054172 -0.072935
v 0.169363 -0.054172 -0.073045
v 0.168258 -0.054172 -0.073205
v 0.167203 -0.054172 -0.073421
v 0.166196 -0.054172 -0.073697
v 0.165238 -0.054172 -0.074040
v 0.164329 -0.054172 -0.074456
v 0.163470 -0.054172 -0.074948
v 0.162660 -0.054172 -0.075524
v 0.161900 -0.054172 -0.076187
v 0.161261 -0.054172 -0.076856
v 0.160650 -0.054172 -0.077603
v 0.160071 -0.054172 -0.078429
v 0.159529 -0.054172 -0.079333
v 0.159030 -0.054172 -0.080315
v 0.158578 -0.054172 -0.081374
v 0.158178 -0.054172 -0.082509
v 0.157835 -0.054172 -0.083721
v 0.157553 -0.054172 -0.085008
v 0.157339 -0.054172 -0.086370
v 0.157195 -0.054172 -0.087807
v 0.157128 -0.054172 -0.089318
v 0.157140 -0.054172 -0.090519
v 0.157218 -0.054172 -0.091687
v 0.157363 -0.054172 -0.092822
v 0.157574 -0.054172 -0.093923
v 0.157853 -0.054172 -0.094991
v 0.158199 -0.054172 -0.096026
v 0.158612 -0.054172 -0.097028
v 0.159094 -0.054172 -0.097996
v 0.159643 -0.054172 -0.098931
v 0.160262 -0.054172 -0.099833
v 0.160949 -0.054172 -0.100702
v 0.161705 -0.054172 -0.101538
v 0.162338 -0.054172 -0.102153
v 0.162989 -0.054172 -0.102700
v 0.163669 -0.054172 -0.103181
v 0.164392 -0.054172 -0.103600
v 0.165169 -0.054172 -0.103961
v 0.166014 -0.054172 -0.104266
v 0.166939 -0.054172 -0.104519
v 0.167957 -0.054172 -0.104724
v 0.169079 -0.054172 -0.104883
v 0.170320 -0.054172 -0.105001
v 0.171691 -0.054172 -0.105080
v 0.173204 -0.054172 -0.105125
v 0.206476 -0.054172 -0.105705
v 0.206335 -0.054172 -0.113796
v 0.171329 -0.054172 -0.113185
v 0.167674 -0.054172 -0.112887
v 0.164381 -0.054172 -0.112152
v 0.161442 -0.054172 -0.111020
v 0.158849 -0.054172 -0.109529
v 0.156597 -0.054172 -0.107719
v 0.154676 -0.054172 -0.105627
v 0.153079 -0.054172 -0.103293
v 0.151799 -0.054172 -0.100756
v 0.150828 -0.054172 -0.098055
v 0.150159 -0.054172 -0.095228
v 0.149784 -0.054172 -0.092315
v 0.149695 -0.054172 -0.089353
v 0.149952 -0.054172 -0.085344
v 0.150566 -0.054172 -0.081694
v 0.151521 -0.054172 -0.078403
v 0.152803 -0.054172 -0.075469
v 0.154397 -0.054172 -0.072892
v 0.156287 -0.054172 -0.070670
v 0.158459 -0.054172 -0.068802
v 0.160896 -0.054172 -0.067287
v 0.163584 -0.054172 -0.066125
v 0.166508 -0.054172 -0.065313
v 0.169652 -0.054172 -0.064850
v 0.173001 -0.054172 -0.064737
v -0.492116 -0.058220 0.107068
v -0.492116 -0.053308 0.107068
v -0.492116 -0.058220 0.091536
v -0.492116 -0.053308 0.091536
v -0.450944 -0.043654 0.107068
v -0.450944 -0.024604 0.107068
v -0.450944 -0.043654 0.091536
v -0.450944 -0.024604 0.091536
v -0.450944 -0.058220 0.091536
v -0.471840 -0.058220 0.091536
v -0.481978 -0.058220 0.091536
v -0.481978 -0.051335 0.091536
v -0.471840 -0.044460 0.091536
v -0.461702 -0.036923 0.091536
v -0.481978 -0.058220 0.107068
v -0.471840 -0.058220 0.107068
v -0.450944 -0.058220 0.107068
v -0.461702 -0.036923 0.107068
v -0.471840 -0.044460 0.107068
v -0.481978 -0.051335 0.107068
v -0.320377 -0.058220 0.107068
v -0.320377 -0.053308 0.107068
v -0.320377 -0.058220 0.091536
v -0.320377 -0.053308 0.091536
v -0.361549 -0.043654 0.107068
v -0.361549 -0.024604 0.107068
v -0.361549 -0.043654 0.091536
v -0.361549 -0.024604 0.091536
v -0.361549 -0.058220 0.091536
v -0.340653 -0.058220 0.091536
v -0.330515 -0.058220 0.091536
v -0.330515 -0.051335 0.091536
v -0.340653 -0.044460 0.091536
v -0.350791 -0.036923 0.091536
v -0.330515 -0.058220 0.107068
v -0.340653 -0.058220 0.107068
v -0.361549 -0.058220 0.107068
v -0.350791 -0.036923 0.107068
v -0.340653 -0.044460 0.107068
v -0.330515 -0.051335 0.107068
v -0.492116 -0.058220 0.235147
v -0.492116 -0.053308 0.235147
v -0.492116 -0.058220 0.250680
v -0.492116 -0.053308 0.250680
v -0.450944 -0.043654 0.235147
v -0.450944 -0.024604 0.235147
v -0.450944 -0.043654 0.250680
v -0.450944 -0.024604 0.250680
v -0.450944 -0.058220 0.250680
v -0.471840 -0.058220 0.250680
v -0.481978 -0.058220 0.250680
v -0.481978 -0.051335 0.250680
v -0.471840 -0.044460 0.250680
v -0.461702 -0.036923 0.250680
v -0.481978 -0.058220 0.235147
v -0.471840 -0.058220 0.235147
v -0.450944 -0.058220 0.235147
v -0.461702 -0.036923 0.235147
v -0.471840 -0.044460 0.235147
v -0.481978 -0.051335 0.235147
v -0.320377 -0.058220 0.235147
v -0.320377 -0.053308 0.235147
v -0.320377 -0.058220 0.250680
v -0.320377 -0.053308 0.250680
v -0.361549 -0.043654 0.235147
v -0.361549 -0.024604 0.235147
v -0.361549 -0.043654 0.250680
v -0.361549 -0.024604 0.250680
v -0.361549 -0.058220 0.250680
v -0.340653 -0.058220 0.250680
v -0.330515 -0.058220 0.250680
v -0.330515 -0.051335 0.250680
v -0.340653 -0.044460 0.250680
v -0.350791 -0.036923 0.250680
v -0.330515 -0.058220 0.235147
v -0.340653 -0.058220 0.235147
v -0.361549 -0.058220 0.235147
v -0.350791 -0.036923 0.235147
v -0.340653 -0.044460 0.235147
v -0.330515 -0.051335 0.235147
v -0.216330 -0.054444 -0.595733
v -0.216330 -0.054444 -0.602576
v -0.225069 -0.054444 -0.594872
v -0.226404 -0.054444 -0.601584
v -0.233472 -0.054444 -0.592323
v -0.236090 -0.054444 -0.598645
v -0.241216 -0.054444 -0.588184
v -0.245018 -0.054444 -0.593874
v -0.248003 -0.054444 -0.582614
v -0.252842 -0.054444 -0.587452
v -0.253574 -0.054444 -0.575826
v -0.259264 -0.054444 -0.579628
v -0.257713 -0.054444 -0.568082
v -0.264035 -0.054444 -0.570701
v -0.260262 -0.054444 -0.559679
v -0.266974 -0.054444 -0.561014
v -0.261123 -0.054444 -0.550940
v -0.267966 -0.054444 -0.550940
v -0.260262 -0.054444 -0.542202
v -0.266974 -0.054444 -0.540867
v -0.257713 -0.054444 -0.533799
v -0.264035 -0.054444 -0.531180
v -0.253574 -0.054444 -0.526055
v -0.259264 -0.054444 -0.522253
v -0.248003 -0.054444 -0.519267
v -0.252842 -0.054444 -0.514429
v -0.241216 -0.054444 -0.513697
v -0.245018 -0.054444 -0.508007
v -0.233472 -0.054444 -0.509557
v -0.236090 -0.054444 -0.503235
v -0.225069 -0.054444 -0.507008
v -0.226404 -0.054444 -0.500297
v -0.216330 -0.054444 -0.506148
v -0.216330 -0.054444 -0.499305
v -0.207592 -0.054444 -0.507008
v -0.206257 -0.054444 -0.500297
v -0.199189 -0.054444 -0.509557
v -0.196570 -0.054444 -0.503236
v -0.191445 -0.054444 -0.513697
v -0.187643 -0.054444 -0.508007
v -0.184657 -0.054444 -0.519267
v -0.179819 -0.054444 -0.514429
v -0.179087 -0.054444 -0.526055
v -0.173397 -0.054444 -0.522253
v -0.174947 -0.054444 -0.533799
v -0.168625 -0.054444 -0.531180
v -0.172398 -0.054444 -0.542202
v -0.165687 -0.054444 -0.540867
v -0.171538 -0.054444 -0.550940
v -0.164695 -0.054444 -0.550940
v -0.172398 -0.054444 -0.559679
v -0.165687 -0.054444 -0.561014
v -0.174947 -0.054444 -0.568082
v -0.168625 -0.054444 -0.570701
v -0.179087 -0.054444 -0.575826
v -0.173397 -0.054444 -0.579628
v -0.184657 -0.054444 -0.582614
v -0.179819 -0.054444 -0.587452
v -0.191445 -0.054444 -0.588184
v -0.187643 -0.054444 -0.593874
v -0.199189 -0.054444 -0.592323
v -0.196570 -0.054444 -0.598645
v -0.207592 -0.054444 -0.594872
v -0.206257 -0.054444 -0.601584
v -0.216134 -0.055891 -0.509431
v -0.174810 -0.055294 -0.551147
v -0.257850 -0.054498 -0.550734
v -0.216527 -0.053901 -0.592450
v -0.257818 -0.051210 -0.550655
v -0.216102 -0.052603 -0.509352
v -0.174779 -0.052006 -0.551068
v -0.216495 -0.050613 -0.592372
v -0.185813 -0.054172 -0.371656
v -0.185955 -0.054172 -0.379747
v -0.242261 -0.054172 -0.378764
v -0.242119 -0.054172 -0.370673
v -0.186880 -0.054172 -0.432750
v -0.243186 -0.054172 -0.431768
v -0.243045 -0.054172 -0.423677
v -0.218689 -0.054172 -0.424102
v -0.218542 -0.054172 -0.415681
v -0.218346 -0.054172 -0.412569
v -0.217884 -0.054172 -0.409754
v -0.217173 -0.054172 -0.407232
v -0.216230 -0.054172 -0.404997
v -0.215073 -0.054172 -0.403046
v -0.213719 -0.054172 -0.401374
v -0.212187 -0.054172 -0.399978
v -0.210492 -0.054172 -0.398851
v -0.208652 -0.054172 -0.397992
v -0.206686 -0.054172 -0.397394
v -0.204610 -0.054172 -0.397054
v -0.202442 -0.054172 -0.396967
v -0.200253 -0.054172 -0.397123
v -0.198155 -0.054172 -0.397515
v -0.196171 -0.054172 -0.398146
v -0.194317 -0.054172 -0.399021
v -0.192615 -0.054172 -0.400141
v -0.191083 -0.054172 -0.401511
v -0.189742 -0.054172 -0.403135
v -0.188610 -0.054172 -0.405014
v -0.187708 -0.054172 -0.407154
v -0.187055 -0.054172 -0.409557
v -0.186670 -0.054172 -0.412226
v -0.186573 -0.054172 -0.415165
v -0.194004 -0.054172 -0.424533
v -0.193838 -0.054172 -0.415038
v -0.193898 -0.054172 -0.413305
v -0.194130 -0.054172 -0.411771
v -0.194519 -0.054172 -0.410429
v -0.195046 -0.054172 -0.409267
v -0.195696 -0.054172 -0.408276
v -0.196452 -0.054172 -0.407446
v -0.197295 -0.054172 -0.406768
v -0.198211 -0.054172 -0.406232
v -0.199182 -0.054172 -0.405828
v -0.200191 -0.054172 -0.405547
v -0.201222 -0.054172 -0.405378
v -0.202257 -0.054172 -0.405311
v -0.203612 -0.054172 -0.405368
v -0.204866 -0.054172 -0.405581
v -0.206018 -0.054172 -0.405946
v -0.207064 -0.054172 -0.406457
v -0.208001 -0.054172 -0.407107
v -0.208827 -0.054172 -0.407891
v -0.209537 -0.054172 -0.408802
v -0.210130 -0.054172 -0.409836
v -0.210602 -0.054172 -0.410984
v -0.210950 -0.054172 -0.412243
v -0.211172 -0.054172 -0.413605
v -0.211264 -0.054172 -0.415064
v -0.211424 -0.054172 -0.424229
v -0.187005 -0.054172 -0.439933
v -0.187827 -0.054172 -0.486992
v -0.195092 -0.054172 -0.486866
v -0.194752 -0.054172 -0.467381
v -0.243793 -0.054172 -0.466525
v -0.243651 -0.054172 -0.458435
v -0.194611 -0.054172 -0.459291
v -0.194270 -0.054172 -0.439806
v -0.144980 0.112068 0.879083
v 0.161792 0.112068 0.879083
v -0.144980 0.112068 0.572311
v 0.161792 0.112068 0.572311
v 0.526216 -0.054114 -0.078986
v 0.520082 -0.054114 -0.082581
v 0.525749 -0.054114 -0.081414
v 0.524419 -0.054114 -0.082950
v 0.522429 -0.054114 -0.083360
v 0.495647 -0.054114 -0.068903
v 0.495647 -0.054114 -0.062037
v 0.493767 -0.054114 -0.067328
v 0.493107 -0.054114 -0.065470
v 0.493767 -0.054114 -0.063612
v 0.520082 -0.054114 -0.048359
v 0.526215 -0.054114 -0.051955
v 0.522429 -0.054114 -0.047580
v 0.524419 -0.054114 -0.047990
v 0.525748 -0.054114 -0.049526
v -0.469846 -0.070885 1.137712
v -0.465351 -0.070885 1.138155
v -0.461029 -0.070885 1.139466
v -0.457046 -0.070885 1.141595
v -0.453554 -0.070885 1.144461
v -0.450689 -0.070885 1.147952
v -0.448560 -0.070885 1.151935
v -0.447248 -0.070885 1.156258
v -0.446806 -0.070885 1.160753
v -0.447248 -0.070885 1.165247
v -0.448560 -0.070885 1.169570
v -0.450689 -0.070885 1.173553
v -0.453554 -0.070885 1.177045
v -0.457046 -0.070885 1.179910
v -0.461029 -0.070885 1.182039
v -0.465351 -0.070885 1.183350
v -0.469846 -0.070885 1.183793
v -0.474341 -0.070885 1.183350
v -0.478663 -0.070885 1.182039
v -0.482646 -0.070885 1.179910
v -0.486138 -0.070885 1.177045
v -0.489003 -0.070885 1.173553
v -0.491132 -0.070885 1.169570
v -0.492443 -0.070885 1.165247
v -0.492886 -0.070885 1.160753
v -0.492443 -0.070885 1.156258
v -0.491132 -0.070885 1.151935
v -0.489003 -0.070885 1.147952
v -0.486138 -0.070885 1.144461
v -0.482646 -0.070885 1.141595
v -0.478663 -0.070885 1.139466
v -0.474341 -0.070885 1.138155
v -0.469846 -0.052997 1.151459
v -0.469846 -0.066677 1.137712
v -0.469846 -0.054830 1.144585
v -0.469846 -0.059837 1.139554
v -0.468033 -0.052997 1.151637
v -0.465351 -0.066677 1.138155
v -0.466692 -0.054830 1.144896
v -0.465710 -0.059837 1.139961
v -0.466289 -0.052997 1.152166
v -0.461029 -0.066677 1.139466
v -0.463659 -0.054830 1.145816
v -0.461733 -0.059837 1.141168
v -0.464683 -0.052997 1.153025
v -0.457046 -0.066677 1.141595
v -0.460864 -0.054830 1.147310
v -0.458069 -0.059837 1.143127
v -0.463274 -0.052997 1.154181
v -0.453554 -0.066677 1.144461
v -0.458414 -0.054830 1.149321
v -0.454856 -0.059837 1.145763
v -0.462118 -0.052997 1.155589
v -0.450689 -0.066677 1.147952
v -0.456404 -0.054830 1.151771
v -0.452220 -0.059837 1.148975
v -0.461259 -0.052997 1.157196
v -0.448560 -0.066677 1.151935
v -0.454909 -0.054830 1.154566
v -0.450261 -0.059837 1.152640
v -0.460731 -0.052997 1.158939
v -0.447248 -0.066677 1.156258
v -0.453990 -0.054830 1.157599
v -0.449055 -0.059837 1.156617
v -0.460552 -0.052997 1.160753
v -0.446806 -0.066677 1.160753
v -0.453679 -0.054830 1.160752
v -0.448647 -0.059837 1.160753
v -0.460731 -0.052997 1.162566
v -0.447248 -0.066677 1.165247
v -0.453990 -0.054830 1.163906
v -0.449055 -0.059837 1.164888
v -0.461259 -0.052997 1.164309
v -0.448560 -0.066677 1.169570
v -0.454909 -0.054830 1.166939
v -0.450261 -0.059837 1.168865
v -0.462118 -0.052997 1.165916
v -0.450689 -0.066677 1.173553
v -0.456404 -0.054830 1.169734
v -0.452220 -0.059837 1.172530
v -0.463274 -0.052997 1.167324
v -0.453554 -0.066677 1.177045
v -0.458414 -0.054830 1.172184
v -0.454856 -0.059837 1.175742
v -0.464683 -0.052997 1.168480
v -0.457046 -0.066677 1.179910
v -0.460864 -0.054830 1.174195
v -0.458069 -0.059837 1.178378
v -0.466289 -0.052997 1.169339
v -0.461029 -0.066677 1.182039
v -0.463659 -0.054830 1.175689
v -0.461733 -0.059837 1.180337
v -0.468033 -0.052997 1.169868
v -0.465351 -0.066677 1.183350
v -0.466692 -0.054830 1.176609
v -0.465710 -0.059837 1.181544
v -0.469846 -0.052997 1.170046
v -0.469846 -0.066677 1.183793
v -0.469846 -0.054830 1.176920
v -0.469846 -0.059837 1.181951
v -0.471659 -0.052997 1.169868
v -0.474341 -0.066677 1.183350
v -0.473000 -0.054830 1.176609
v -0.473981 -0.059837 1.181544
v -0.473403 -0.052997 1.169339
v -0.478663 -0.066677 1.182039
v -0.476033 -0.054830 1.175689
v -0.477958 -0.059837 1.180337
v -0.475009 -0.052997 1.168480
v -0.482646 -0.066677 1.179910
v -0.478828 -0.054830 1.174195
v -0.481623 -0.059837 1.178378
v -0.476418 -0.052997 1.167324
v -0.486138 -0.066677 1.177045
v -0.481277 -0.054830 1.172184
v -0.484836 -0.059837 1.175742
v -0.477573 -0.052997 1.165916
v -0.489003 -0.066677 1.173553
v -0.483288 -0.054830 1.169734
v -0.487472 -0.059837 1.172530
v -0.478432 -0.052997 1.164309
v -0.491132 -0.066677 1.169570
v -0.484782 -0.054830 1.166939
v -0.489431 -0.059837 1.168865
v -0.478961 -0.052997 1.162566
v -0.492443 -0.066677 1.165247
v -0.485702 -0.054830 1.163906
v -0.490637 -0.059837 1.164888
v -0.479140 -0.052997 1.160753
v -0.492886 -0.066677 1.160753
v -0.486013 -0.054830 1.160752
v -0.491045 -0.059837 1.160752
v -0.478961 -0.052997 1.158939
v -0.492443 -0.066677 1.156258
v -0.485702 -0.054830 1.157599
v -0.490637 -0.059837 1.156617
v -0.478432 -0.052997 1.157196
v -0.491132 -0.066677 1.151935
v -0.484782 -0.054830 1.154566
v -0.489431 -0.059837 1.152640
v -0.477573 -0.052997 1.155589
v -0.489003 -0.066677 1.147952
v -0.483288 -0.054830 1.151771
v -0.487472 -0.059837 1.148975
v -0.476418 -0.052997 1.154181
v -0.486138 -0.066677 1.144461
v -0.481277 -0.054830 1.149321
v -0.484836 -0.059837 1.145763
v -0.475009 -0.052997 1.153025
v -0.482646 -0.066677 1.141595
v -0.478828 -0.054830 1.147310
v -0.481623 -0.059837 1.143127
v -0.473403 -0.052997 1.152166
v -0.478663 -0.066677 1.139466
v -0.476033 -0.054830 1.145816
v -0.477958 -0.059837 1.141168
v -0.471659 -0.052997 1.151637
v -0.474341 -0.066677 1.138155
v -0.473000 -0.054830 1.144896
v -0.473981 -0.059837 1.139961
v 0.486659 -0.070885 1.137712
v 0.482163 -0.070885 1.138155
v 0.477841 -0.070885 1.139466
v 0.473858 -0.070885 1.141595
v 0.470366 -0.070885 1.144461
v 0.467501 -0.070885 1.147952
v 0.465372 -0.070885 1.151935
v 0.464061 -0.070885 1.156258
v 0.463618 -0.070885 1.160753
v 0.464061 -0.070885 1.165247
v 0.465372 -0.070885 1.169570
v 0.467501 -0.070885 1.173553
v 0.470366 -0.070885 1.177044
v 0.473858 -0.070885 1.179910
v 0.477841 -0.070885 1.182039
v 0.482163 -0.070885 1.183350
v 0.486659 -0.070885 1.183793
v 0.491153 -0.070885 1.183350
v 0.495476 -0.070885 1.182039
v 0.499459 -0.070885 1.179910
v 0.502950 -0.070885 1.177044
v 0.505816 -0.070885 1.173553
v 0.507945 -0.070885 1.169570
v 0.509256 -0.070885 1.165247
v 0.509699 -0.070885 1.160753
v 0.509256 -0.070885 1.156258
v 0.507945 -0.070885 1.151935
v 0.505816 -0.070885 1.147952
v 0.502950 -0.070885 1.144461
v 0.499459 -0.070885 1.141595
v 0.495476 -0.070885 1.139466
v 0.491153 -0.070885 1.138155
v 0.486659 -0.052997 1.151459
v 0.486659 -0.066677 1.137712
v 0.486659 -0.054830 1.144586
v 0.486659 -0.059837 1.139554
v 0.484845 -0.052997 1.151637
v 0.482163 -0.066677 1.138155
v 0.483504 -0.054830 1.144896
v 0.482523 -0.059837 1.139961
v 0.483102 -0.052997 1.152166
v 0.477841 -0.066677 1.139466
v 0.480472 -0.054830 1.145816
v 0.478546 -0.059837 1.141168
v 0.481495 -0.052997 1.153025
v 0.473858 -0.066677 1.141595
v 0.477677 -0.054830 1.147310
v 0.474881 -0.059837 1.143127
v 0.480087 -0.052997 1.154181
v 0.470366 -0.066677 1.144461
v 0.475227 -0.054830 1.149321
v 0.471669 -0.059837 1.145763
v 0.478931 -0.052997 1.155589
v 0.467501 -0.066677 1.147952
v 0.473216 -0.054830 1.151771
v 0.469033 -0.059837 1.148975
v 0.478072 -0.052997 1.157196
v 0.465372 -0.066677 1.151935
v 0.471722 -0.054830 1.154566
v 0.467073 -0.059837 1.152640
v 0.477543 -0.052997 1.158939
v 0.464061 -0.066677 1.156258
v 0.470802 -0.054830 1.157599
v 0.465867 -0.059837 1.156617
v 0.477365 -0.052997 1.160753
v 0.463618 -0.066677 1.160753
v 0.470491 -0.054830 1.160753
v 0.465460 -0.059837 1.160753
v 0.477543 -0.052997 1.162566
v 0.464061 -0.066677 1.165247
v 0.470802 -0.054830 1.163906
v 0.465867 -0.059837 1.164888
v 0.478072 -0.052997 1.164309
v 0.465372 -0.066677 1.169570
v 0.471722 -0.054830 1.166939
v 0.467073 -0.059837 1.168865
v 0.478931 -0.052997 1.165916
v 0.467501 -0.066677 1.173553
v 0.473216 -0.054830 1.169734
v 0.469033 -0.059837 1.172530
v 0.480087 -0.052997 1.167324
v 0.470366 -0.066677 1.177044
v 0.475227 -0.054830 1.172184
v 0.471669 -0.059837 1.175742
v 0.481495 -0.052997 1.168480
v 0.473858 -0.066677 1.179910
v 0.477676 -0.054830 1.174195
v 0.474881 -0.059837 1.178378
v 0.483102 -0.052997 1.169339
v 0.477841 -0.066677 1.182039
v 0.480472 -0.054830 1.175689
v 0.478546 -0.059837 1.180337
v 0.484845 -0.052997 1.169868
v 0.482163 -0.066677 1.183350
v 0.483504 -0.054830 1.176609
v 0.482523 -0.059837 1.181544
v 0.486659 -0.052997 1.170046
v 0.486659 -0.066677 1.183793
v 0.486659 -0.054830 1.176919
v 0.486659 -0.059837 1.181951
v 0.488472 -0.052997 1.169868
v 0.491153 -0.066677 1.183350
v 0.489813 -0.054830 1.176609
v 0.490794 -0.059837 1.181544
v 0.490215 -0.052997 1.169339
v 0.495476 -0.066677 1.182039
v 0.492845 -0.054830 1.175689
v 0.494771 -0.059837 1.180337
v 0.491822 -0.052997 1.168480
v 0.499459 -0.066677 1.179910
v 0.495640 -0.054830 1.174195
v 0.498436 -0.059837 1.178378
v 0.493230 -0.052997 1.167324
v 0.502950 -0.066677 1.177044
v 0.498090 -0.054830 1.172184
v 0.501648 -0.059837 1.175742
v 0.494386 -0.052997 1.165916
v 0.505816 -0.066677 1.173553
v 0.500101 -0.054830 1.169734
v 0.504284 -0.059837 1.172530
v 0.495245 -0.052997 1.164309
v 0.507945 -0.066677 1.169570
v 0.501595 -0.054830 1.166939
v 0.506243 -0.059837 1.168865
v 0.495774 -0.052997 1.162566
v 0.509256 -0.066677 1.165247
v 0.502515 -0.054830 1.163906
v 0.507450 -0.059837 1.164888
v 0.495952 -0.052997 1.160753
v 0.509699 -0.066677 1.160753
v 0.502825 -0.054830 1.160753
v 0.507857 -0.059837 1.160753
v 0.495774 -0.052997 1.158939
v 0.509256 -0.066677 1.156258
v 0.502515 -0.054830 1.157599
v 0.507450 -0.059837 1.156617
v 0.495245 -0.052997 1.157196
v 0.507945 -0.066677 1.151935
v 0.501595 -0.054830 1.154566
v 0.506243 -0.059837 1.152640
v 0.494386 -0.052997 1.155589
v 0.505816 -0.066677 1.147952
v 0.500101 -0.054830 1.151771
v 0.504284 -0.059837 1.148975
v 0.493230 -0.052997 1.154181
v 0.502950 -0.066677 1.144461
v 0.498090 -0.054830 1.149321
v 0.501648 -0.059837 1.145763
v 0.491822 -0.052997 1.153025
v 0.499459 -0.066677 1.141595
v 0.495640 -0.054830 1.147310
v 0.498436 -0.059837 1.143127
v 0.490215 -0.052997 1.152166
v 0.495476 -0.066677 1.139466
v 0.492845 -0.054830 1.145816
v 0.494771 -0.059837 1.141168
v 0.488472 -0.052997 1.151637
v 0.491153 -0.066677 1.138155
v 0.489812 -0.054830 1.144896
v 0.490794 -0.059837 1.139961
v 0.479383 -0.056786 -0.616385
v 0.474888 -0.056786 -0.615943
v 0.470566 -0.056786 -0.614632
v 0.466583 -0.056786 -0.612502
v 0.463091 -0.056786 -0.609637
v 0.460226 -0.056786 -0.606146
v 0.458097 -0.056786 -0.602162
v 0.456786 -0.056786 -0.597840
v 0.456343 -0.056786 -0.593345
v 0.456786 -0.056786 -0.588850
v 0.458097 -0.056786 -0.584528
v 0.460226 -0.056786 -0.580545
v 0.463091 -0.056786 -0.577053
v 0.466583 -0.056786 -0.574188
v 0.470566 -0.056786 -0.572059
v 0.474888 -0.056786 -0.570748
v 0.479383 -0.056786 -0.570305
v 0.483878 -0.056786 -0.570748
v 0.488200 -0.056786 -0.572059
v 0.492183 -0.056786 -0.574188
v 0.495675 -0.056786 -0.577053
v 0.498540 -0.056786 -0.580545
v 0.500669 -0.056786 -0.584528
v 0.501981 -0.056786 -0.588850
v 0.502423 -0.056786 -0.593345
v 0.501981 -0.056786 -0.597840
v 0.500669 -0.056786 -0.602162
v 0.498540 -0.056786 -0.606146
v 0.495675 -0.056786 -0.609637
v 0.492184 -0.056786 -0.612502
v 0.488200 -0.056786 -0.614632
v 0.483878 -0.056786 -0.615943
v 0.479383 -0.038898 -0.602639
v 0.479383 -0.052578 -0.616385
v 0.479383 -0.040731 -0.609512
v 0.479383 -0.045738 -0.614544
v 0.477570 -0.038898 -0.602460
v 0.474888 -0.052578 -0.615943
v 0.476229 -0.040731 -0.609201
v 0.475248 -0.045738 -0.614136
v 0.475827 -0.038898 -0.601932
v 0.470566 -0.052578 -0.614632
v 0.473196 -0.040731 -0.608281
v 0.471271 -0.045738 -0.612930
v 0.474220 -0.038898 -0.601073
v 0.466583 -0.052578 -0.612502
v 0.470401 -0.040731 -0.606788
v 0.467606 -0.045738 -0.610971
v 0.472811 -0.038898 -0.599917
v 0.463091 -0.052578 -0.609637
v 0.467951 -0.040731 -0.604777
v 0.464394 -0.045738 -0.608335
v 0.471656 -0.038898 -0.598509
v 0.460226 -0.052578 -0.606146
v 0.465941 -0.040731 -0.602327
v 0.461757 -0.045738 -0.605122
v 0.470797 -0.038898 -0.596902
v 0.458097 -0.052578 -0.602162
v 0.464447 -0.040731 -0.599532
v 0.459798 -0.045738 -0.601458
v 0.470268 -0.038898 -0.595158
v 0.456786 -0.052578 -0.597840
v 0.463527 -0.040731 -0.596499
v 0.458592 -0.045738 -0.597481
v 0.470089 -0.038898 -0.593345
v 0.456343 -0.052578 -0.593345
v 0.463216 -0.040731 -0.593345
v 0.458185 -0.045738 -0.593345
v 0.470268 -0.038898 -0.591532
v 0.456786 -0.052578 -0.588850
v 0.463527 -0.040731 -0.590191
v 0.458592 -0.045738 -0.589210
v 0.470797 -0.038898 -0.589789
v 0.458097 -0.052578 -0.584528
v 0.464447 -0.040731 -0.587158
v 0.459798 -0.045738 -0.585233
v 0.471656 -0.038898 -0.588182
v 0.460226 -0.052578 -0.580545
v 0.465941 -0.040731 -0.584363
v 0.461757 -0.045738 -0.581568
v 0.472811 -0.038898 -0.586774
v 0.463091 -0.052578 -0.577053
v 0.467951 -0.040731 -0.581914
v 0.464394 -0.045738 -0.578356
v 0.474220 -0.038898 -0.585618
v 0.466583 -0.052578 -0.574188
v 0.470401 -0.040731 -0.579903
v 0.467606 -0.045738 -0.575719
v 0.475827 -0.038898 -0.584759
v 0.470566 -0.052578 -0.572059
v 0.473196 -0.040731 -0.578409
v 0.471271 -0.045738 -0.573760
v 0.477570 -0.038898 -0.584230
v 0.474888 -0.052578 -0.570748
v 0.476229 -0.040731 -0.577489
v 0.475247 -0.045738 -0.572554
v 0.479383 -0.038898 -0.584051
v 0.479383 -0.052578 -0.570305
v 0.479383 -0.040731 -0.577178
v 0.479383 -0.045738 -0.572147
v 0.481196 -0.038898 -0.584230
v 0.483878 -0.052578 -0.570748
v 0.482537 -0.040731 -0.577489
v 0.483519 -0.045738 -0.572554
v 0.482940 -0.038898 -0.584759
v 0.488200 -0.052578 -0.572059
v 0.485570 -0.040731 -0.578409
v 0.487495 -0.045738 -0.573760
v 0.484546 -0.038898 -0.585618
v 0.492183 -0.052578 -0.574188
v 0.488365 -0.040731 -0.579903
v 0.491160 -0.045738 -0.575720
v 0.485955 -0.038898 -0.586774
v 0.495675 -0.052578 -0.577053
v 0.490815 -0.040731 -0.581913
v 0.494373 -0.045738 -0.578356
v 0.487111 -0.038898 -0.588182
v 0.498540 -0.052578 -0.580545
v 0.492826 -0.040731 -0.584363
v 0.497009 -0.045738 -0.581568
v 0.487970 -0.038898 -0.589788
v 0.500669 -0.052578 -0.584528
v 0.494319 -0.040731 -0.587158
v 0.498968 -0.045738 -0.585233
v 0.488498 -0.038898 -0.591532
v 0.501981 -0.052578 -0.588850
v 0.495239 -0.040731 -0.590191
v 0.500174 -0.045738 -0.589210
v 0.488677 -0.038898 -0.593345
v 0.502423 -0.052578 -0.593345
v 0.495550 -0.040731 -0.593345
v 0.500582 -0.045738 -0.593345
v 0.488498 -0.038898 -0.595158
v 0.501981 -0.052578 -0.597840
v 0.495239 -0.040731 -0.596499
v 0.500174 -0.045738 -0.597481
v 0.487969 -0.038898 -0.596902
v 0.500669 -0.052578 -0.602162
v 0.494319 -0.040731 -0.599532
v 0.498968 -0.045738 -0.601458
v 0.487111 -0.038898 -0.598509
v 0.498540 -0.052578 -0.606146
v 0.492826 -0.040731 -0.602327
v 0.497009 -0.045738 -0.605123
v 0.485955 -0.038898 -0.599917
v 0.495675 -0.052578 -0.609637
v 0.490815 -0.040731 -0.604777
v 0.494373 -0.045738 -0.608335
v 0.484546 -0.038898 -0.601073
v 0.492184 -0.052578 -0.612502
v 0.488365 -0.040731 -0.606788
v 0.491160 -0.045738 -0.610971
v 0.482940 -0.038898 -0.601932
v 0.488200 -0.052578 -0.614632
v 0.485570 -0.040731 -0.608281
v 0.487495 -0.045738 -0.612930
v 0.481196 -0.038898 -0.602460
v 0.483878 -0.052578 -0.615943
v 0.482537 -0.040731 -0.609201
v 0.483519 -0.045738 -0.614136
vn -0.0000 1.0000 -0.0000
vn 0.0001 1.0000 -0.0000
vn -0.0001 1.0000 -0.0000
vn -1.0000 -0.0000 -0.0000
vn -0.0000 -0.0000 -1.0000
vn 1.0000 -0.0000 -0.0000
vn -0.0000 -0.0000 1.0000
vn -0.0000 -1.0000 -0.0000
vn -1.0000 -0.0000 -0.0071
vn 0.1565 -0.0000 0.9877
vn 0.8910 -0.0000 -0.4540
vn 0.9511 -0.0000 -0.3090
vn -0.1564 -0.0000 0.9877
vn -0.4244 -0.0000 0.9055
vn -0.3520 -0.0000 0.9360
vn -0.2653 -0.0000 0.9642
vn -0.1889 -0.0000 0.9820
vn -0.6834 -0.0000 0.7300
vn -0.6241 -0.0000 0.7814
vn -0.5503 -0.0000 0.8350
vn -0.4831 -0.0000 0.8756
vn -0.8756 -0.0000 0.4831
vn -0.8350 -0.0000 0.5503
vn -0.7814 -0.0000 0.6241
vn -0.7300 -0.0000 0.6835
vn -0.9820 -0.0000 0.1889
vn -0.9642 -0.0000 0.2653
vn -0.9360 -0.0000 0.3521
vn -0.9055 -0.0000 0.4244
vn -1.0000 -0.0000 0.0038
vn -0.9989 -0.0000 0.0466
vn -0.9954 -0.0000 0.0960
vn -0.9904 -0.0000 0.1386
vn 0.1889 -0.0000 0.9820
vn 0.2653 -0.0000 0.9642
vn 0.3520 -0.0000 0.9360
vn 0.4244 -0.0000 0.9055
vn 0.4831 -0.0000 0.8756
vn 0.5503 -0.0000 0.8350
vn 0.6241 -0.0000 0.7814
vn 0.6834 -0.0000 0.7300
vn 0.7300 -0.0000 0.6834
vn 0.7814 -0.0000 0.6241
vn 0.8350 -0.0000 0.5503
vn 0.8756 -0.0000 0.4831
vn 0.9055 -0.0000 0.4244
vn 0.9360 -0.0000 0.3521
vn 0.9642 -0.0000 0.2653
vn 0.9820 -0.0000 0.1889
vn 0.9923 -0.0000 0.1238
vn 0.9990 -0.0000 0.0456
vn 0.9990 -0.0000 -0.0456
vn 0.9923 -0.0000 -0.1238
vn -0.0654 -0.0000 0.9979
vn -0.2588 -0.0000 0.9659
vn -0.5000 -0.0000 0.8660
vn -0.7071 -0.0000 0.7071
vn -0.8660 -0.0000 0.5000
vn -0.9659 -0.0000 0.2588
vn -0.9979 -0.0000 0.0654
vn -0.0654 -0.0000 -0.9979
vn -0.2588 -0.0000 -0.9659
vn -0.5000 -0.0000 -0.8660
vn -0.7071 -0.0000 -0.7071
vn -0.8660 -0.0000 -0.5000
vn -0.9659 -0.0000 -0.2588
vn -0.9979 -0.0000 -0.0654
vn 0.9979 -0.0000 -0.0654
vn 0.9659 -0.0000 -0.2588
vn 0.8660 -0.0000 -0.5000
vn 0.7071 -0.0000 -0.7071
vn 0.5000 -0.0000 -0.8660
vn 0.2588 -0.0000 -0.9659
vn 0.0654 -0.0000 -0.9979
vn 0.0654 -0.0000 0.9979
vn 0.2588 -0.0000 0.9659
vn 0.5000 -0.0000 0.8660
vn 0.7071 -0.0000 0.7071
vn 0.8660 -0.0000 0.5000
vn 0.9659 -0.0000 0.2588
vn 0.9979 -0.0000 0.0654
vn -0.1951 -0.0000 0.9808
vn -0.3827 -0.0000 0.9239
vn -0.5556 -0.0000 0.8315
vn -0.8315 -0.0000 0.5556
vn -0.9239 -0.0000 0.3827
vn -0.9808 -0.0000 0.1951
vn -0.9808 -0.0000 -0.1951
vn -0.9239 -0.0000 -0.3827
vn -0.8315 -0.0000 -0.5556
vn -0.5556 -0.0000 -0.8315
vn -0.3827 -0.0000 -0.9239
vn -0.1951 -0.0000 -0.9808
vn 0.1951 -0.0000 -0.9808
vn 0.3827 -0.0000 -0.9239
vn 0.5556 -0.0000 -0.8315
vn 0.8315 -0.0000 -0.5556
vn 0.9239 -0.0000 -0.3827
vn 0.9808 -0.0000 -0.1951
vn 0.9808 -0.0000 0.1951
vn 0.9239 -0.0000 0.3827
vn 0.8315 -0.0000 0.5556
vn 0.5556 -0.0000 0.8315
vn 0.3827 -0.0000 0.9239
vn 0.1951 -0.0000 0.9808
vn -1.0000 0.0028 -0.0000
vn 1.0000 0.0027 -0.0000
vn -0.8564 -0.0000 0.5164
vn 0.8564 -0.0000 0.5164
vn 0.3090 -0.0000 -0.9511
vn 0.5878 -0.0000 -0.8090
vn 0.8090 -0.0000 -0.5878
vn 0.9511 -0.0000 0.3090
vn 0.8090 -0.0000 0.5878
vn 0.5878 -0.0000 0.8090
vn 0.3090 -0.0000 0.9511
vn -0.3090 -0.0000 0.9511
vn -0.5878 -0.0000 0.8090
vn -0.8090 -0.0000 0.5878
vn -0.9511 -0.0000 0.3090
vn -0.9511 -0.0000 -0.3090
vn -0.8090 -0.0000 -0.5878
vn -0.5878 -0.0000 -0.8090
vn 0.2617 0.5316 -0.8055
vn -0.0000 0.5316 -0.8470
vn -0.0000 0.6981 -0.7160
vn 0.2213 0.6981 -0.6810
vn -0.3090 -0.0000 -0.9511
vn -0.6810 0.6981 -0.2213
vn -0.7160 0.6981 -0.0000
vn -0.5267 0.8500 -0.0000
vn -0.5009 0.8500 -0.1628
vn -0.6852 0.5316 0.4978
vn -0.4978 0.5316 0.6852
vn -0.4209 0.6981 0.5793
vn -0.5793 0.6981 0.4209
vn -0.4978 0.5316 -0.6852
vn -0.6852 0.5316 -0.4978
vn -0.5793 0.6981 -0.4209
vn -0.4209 0.6981 -0.5793
vn 0.8055 0.5316 0.2617
vn 0.8470 0.5316 -0.0000
vn 0.7160 0.6981 -0.0000
vn 0.6810 0.6981 0.2213
vn -0.2617 0.5316 0.8055
vn -0.0000 0.5316 0.8470
vn -0.0000 0.6981 0.7160
vn -0.2213 0.6981 0.6810
vn -0.8055 0.5316 -0.2617
vn -0.8470 0.5316 -0.0000
vn 0.8055 0.5316 -0.2617
vn 0.6852 0.5316 -0.4978
vn 0.5793 0.6981 -0.4209
vn 0.6810 0.6981 -0.2213
vn 0.2617 0.5316 0.8055
vn 0.4978 0.5316 0.6852
vn 0.4209 0.6981 0.5793
vn 0.2213 0.6981 0.6810
vn -0.8055 0.5316 0.2617
vn -0.6810 0.6981 0.2213
vn -0.2617 0.5316 -0.8055
vn -0.2213 0.6981 -0.6810
vn 0.4978 0.5316 -0.6852
vn 0.4209 0.6981 -0.5793
vn 0.6852 0.5316 0.4978
vn 0.5793 0.6981 0.4209
vn 0.3096 0.8500 0.4261
vn 0.1628 0.8500 0.5009
vn 0.1628 0.8500 -0.5009
vn 0.3096 0.8500 -0.4261
vn -0.4261 0.8500 -0.3096
vn -0.0000 0.8500 0.5267
vn 0.4261 0.8500 -0.3096
vn -0.3096 0.8500 -0.4261
vn -0.1628 0.8500 0.5009
vn 0.5009 0.8500 -0.1628
vn -0.1628 0.8500 -0.5009
vn -0.3096 0.8500 0.4261
vn 0.5267 0.8500 -0.0000
vn -0.0000 0.8500 -0.5267
vn -0.4261 0.8500 0.3096
vn 0.5009 0.8500 0.1628
vn -0.5009 0.8500 0.1628
vn 0.4261 0.8500 0.3096
vn 0.1305 -0.0000 0.9914
vn 0.9914 -0.0000 0.1305
vn 0.1305 -0.0000 -0.9914
vn 0.9914 -0.0000 -0.1305
vn -0.9914 -0.0000 -0.1305
vn -0.1305 -0.0000 -0.9914
vn -0.1305 -0.0000 0.9914
vn -0.9914 -0.0000 0.1305
vn 0.9811 0.1937 -0.0000
vn -0.0000 0.1937 -0.9811
vn -0.9811 0.1937 -0.0000
vn -0.0000 0.1937 0.9811
vn 0.9268 0.3755 -0.0000
vn -0.8792 0.4764 -0.0000
vn -0.0000 0.3755 0.9268
vn -0.0000 0.3755 -0.9268
vn -0.9268 0.3755 -0.0000
vn 0.8792 0.4764 -0.0000
vn -0.0000 0.4764 0.8792
vn -0.0000 0.4764 -0.8792
vn 0.2757 0.4515 0.8486
vn 0.6241 0.6363 0.4534
vn 0.2233 0.6912 0.6873
vn -0.7219 0.4515 0.5245
vn -0.2384 0.6363 0.7337
vn -0.5847 0.6912 0.4248
vn -0.7219 0.4515 -0.5245
vn -0.7714 0.6363 -0.0000
vn -0.5847 0.6912 -0.4248
vn 0.2757 0.4515 -0.8486
vn -0.2384 0.6363 -0.7337
vn 0.2233 0.6912 -0.6873
vn 0.8923 0.4515 -0.0000
vn 0.6241 0.6363 -0.4534
vn 0.7227 0.6912 -0.0000
vn 0.7821 0.5410 -0.3092
vn 0.5358 0.5410 -0.6483
vn -0.0524 0.5410 -0.8394
vn -0.4510 0.5410 -0.7099
vn -0.8145 0.5410 -0.2095
vn -0.8145 0.5410 0.2095
vn -0.4510 0.5410 0.7099
vn -0.0524 0.5410 0.8394
vn 0.5358 0.5410 0.6483
vn 0.7821 0.5410 0.3092
vn -0.0590 0.9965 0.0590
vn -0.0590 0.9965 -0.0590
vn -0.1980 0.9600 -0.1980
vn -0.1980 0.9600 0.1980
vn -0.6430 0.7658 -0.0000
vn -0.8406 0.5417 -0.0000
vn -0.9605 0.2784 -0.0000
vn -0.9972 0.0744 -0.0000
vn 0.0590 0.9965 -0.0590
vn 0.0590 0.9965 0.0590
vn 0.1980 0.9600 0.1980
vn 0.1980 0.9600 -0.1980
vn 0.6430 0.7659 -0.0000
vn 0.8405 0.5417 -0.0000
vn 0.9605 0.2784 -0.0000
vn 0.9972 0.0744 -0.0000
vn -0.0000 0.7658 -0.6430
vn -0.0000 0.5417 -0.8406
vn -0.0000 0.2784 -0.9605
vn -0.0000 0.0744 -0.9972
vn -0.0000 0.0744 0.9972
vn -0.0000 0.2784 0.9605
vn -0.0000 0.5417 0.8406
vn -0.0000 0.7658 0.6430
vn -0.0000 0.7659 0.6430
vn -0.9984 -0.0565 -0.0000
vn 0.9984 -0.0565 -0.0000
vn -0.9929 -0.0000 0.1187
vn -0.9929 -0.0000 -0.1187
vn 0.9929 -0.0000 -0.1187
vn 0.9929 -0.0000 0.1187
vn -0.0000 0.9925 0.1226
vn -0.0000 0.9925 -0.1226
vn -0.0000 0.9446 -0.3281
vn -0.0000 0.8918 -0.4524
vn -0.0000 0.9446 0.3281
vn -0.0000 0.8918 0.4524
vn 0.0002 1.0000 -0.0000
vn -0.0133 0.9999 -0.0000
vn -0.0003 1.0000 -0.0000
vn -0.3839 0.9234 -0.0000
vn -0.1910 0.9816 -0.0000
vn -0.7532 0.6578 -0.0000
vn -0.6788 0.7343 -0.0000
vn -0.5791 0.8153 -0.0000
vn 0.3839 0.9234 -0.0000
vn 0.1910 0.9816 -0.0000
vn 0.7532 0.6578 -0.0000
vn 0.6788 0.7343 -0.0000
vn 0.5791 0.8153 -0.0000
vn -0.0097 -0.9997 -0.0239
vn 0.0097 0.9997 0.0239
vn -0.7104 0.0237 -0.7034
vn 0.7104 -0.0237 0.7034
vn 0.7037 0.0102 -0.7104
vn -0.7037 -0.0101 0.7104
vn -0.1168 0.9932 -0.0000
vn 0.0876 0.9962 -0.0000
vn 0.1934 0.1301 -0.9725
vn -0.0000 0.1301 -0.9915
vn -0.0000 0.4947 -0.8691
vn 0.1695 0.4947 -0.8524
vn -0.0000 0.8600 -0.5104
vn 0.0996 0.8600 -0.5006
vn -0.0000 0.9904 -0.1379
vn 0.0269 0.9904 -0.1352
vn 0.3794 0.1301 -0.9160
vn 0.3326 0.4947 -0.8029
vn 0.1953 0.8600 -0.4715
vn 0.0528 0.9904 -0.1274
vn 0.5509 0.1301 -0.8244
vn 0.4828 0.4947 -0.7226
vn 0.2835 0.8600 -0.4243
vn 0.0766 0.9904 -0.1146
vn 0.7011 0.1301 -0.7011
vn 0.6145 0.4947 -0.6145
vn 0.3609 0.8600 -0.3609
vn 0.0975 0.9904 -0.0975
vn 0.8244 0.1301 -0.5508
vn 0.7226 0.4947 -0.4828
vn 0.4243 0.8600 -0.2835
vn 0.1147 0.9904 -0.0766
vn 0.9160 0.1301 -0.3794
vn 0.8029 0.4947 -0.3326
vn 0.4715 0.8600 -0.1953
vn 0.1274 0.9904 -0.0528
vn 0.9725 0.1301 -0.1934
vn 0.8524 0.4947 -0.1695
vn 0.5006 0.8600 -0.0995
vn 0.1352 0.9904 -0.0269
vn 0.9915 0.1301 -0.0000
vn 0.8691 0.4947 -0.0000
vn 0.5104 0.8600 -0.0000
vn 0.1379 0.9904 -0.0000
vn 0.9725 0.1301 0.1934
vn 0.8524 0.4947 0.1695
vn 0.5006 0.8600 0.0995
vn 0.1353 0.9904 0.0269
vn 0.9160 0.1301 0.3794
vn 0.8029 0.4947 0.3326
vn 0.4715 0.8600 0.1953
vn 0.1274 0.9904 0.0528
vn 0.8244 0.1301 0.5508
vn 0.7226 0.4947 0.4828
vn 0.4243 0.8600 0.2835
vn 0.1147 0.9904 0.0766
vn 0.7011 0.1301 0.7011
vn 0.6145 0.4947 0.6145
vn 0.3609 0.8600 0.3609
vn 0.0975 0.9904 0.0975
vn 0.5509 0.1301 0.8244
vn 0.4828 0.4947 0.7226
vn 0.2835 0.8600 0.4243
vn 0.0766 0.9904 0.1146
vn 0.3794 0.1301 0.9160
vn 0.3326 0.4947 0.8029
vn 0.1953 0.8600 0.4715
vn 0.0528 0.9904 0.1274
vn 0.1934 0.1301 0.9725
vn 0.1695 0.4947 0.8524
vn 0.0996 0.8600 0.5006
vn 0.0269 0.9904 0.1352
vn -0.0000 0.1301 0.9915
vn -0.0000 0.4947 0.8691
vn -0.0000 0.8600 0.5104
vn -0.0000 0.9904 0.1379
vn -0.1934 0.1301 0.9725
vn -0.1695 0.4947 0.8524
vn -0.0996 0.8600 0.5006
vn -0.0269 0.9904 0.1352
vn -0.3794 0.1301 0.9160
vn -0.3326 0.4947 0.8029
vn -0.1953 0.8600 0.4715
vn -0.0528 0.9904 0.1274
vn -0.5508 0.1301 0.8244
vn -0.4828 0.4947 0.7226
vn -0.2835 0.8600 0.4244
vn -0.0766 0.9904 0.1147
vn -0.7011 0.1301 0.7011
vn -0.6145 0.4947 0.6145
vn -0.3609 0.8600 0.3609
vn -0.0975 0.9904 0.0975
vn -0.8244 0.1301 0.5508
vn -0.7226 0.4947 0.4828
vn -0.4244 0.8600 0.2835
vn -0.1147 0.9904 0.0766
vn -0.9160 0.1301 0.3794
vn -0.8029 0.4947 0.3326
vn -0.4715 0.8600 0.1953
vn -0.1274 0.9904 0.0528
vn -0.9725 0.1301 0.1934
vn -0.8524 0.4947 0.1695
vn -0.5006 0.8600 0.0996
vn -0.1352 0.9904 0.0269
vn -0.9915 0.1301 -0.0000
vn -0.8691 0.4947 -0.0000
vn -0.5104 0.8600 -0.0000
vn -0.1379 0.9904 -0.0000
vn -0.9725 0.1301 -0.1934
vn -0.8524 0.4947 -0.1696
vn -0.5005 0.8600 -0.0996
vn -0.1352 0.9904 -0.0269
vn -0.9160 0.1301 -0.3794
vn -0.8029 0.4947 -0.3326
vn -0.4715 0.8600 -0.1953
vn -0.1274 0.9904 -0.0528
vn -0.8244 0.1301 -0.5508
vn -0.7226 0.4947 -0.4828
vn -0.4243 0.8600 -0.2835
vn -0.1147 0.9904 -0.0766
vn -0.7011 0.1301 -0.7011
vn -0.6145 0.4947 -0.6145
vn -0.3609 0.8600 -0.3609
vn -0.0975 0.9904 -0.0975
vn -0.5508 0.1301 -0.8244
vn -0.4828 0.4947 -0.7226
vn -0.2835 0.8600 -0.4244
vn -0.0766 0.9904 -0.1147
vn -0.3794 0.1301 -0.9160
vn -0.3326 0.4947 -0.8029
vn -0.1953 0.8600 -0.4715
vn -0.0528 0.9904 -0.1274
vn -0.1934 0.1301 -0.9724
vn -0.1695 0.4947 -0.8524
vn -0.0996 0.8600 -0.5006
vn -0.0269 0.9904 -0.1352
vn -0.9239 -0.0000 0.3826
vn -0.9239 -0.0000 -0.3826
vn -0.1934 0.1301 -0.9725
vn -0.8524 0.4947 -0.1695
vn -0.5005 0.8600 0.0996
vn -0.4243 0.8600 0.2835
vn -0.1696 0.4947 0.8524
vn 0.1696 0.4947 0.8524
vn 0.0766 0.9904 0.1147
vn 0.9724 0.1301 0.1934
vn 0.5006 0.8600 0.0996
vn 0.9724 0.1301 -0.1934
vn 0.5006 0.8600 -0.0996
vn 0.0766 0.9904 -0.1147
vn -0.1696 0.4947 -0.8524
vn -0.5509 0.1301 -0.8244
vn -0.8244 0.1301 -0.5509
vn -0.4244 0.8600 -0.2835
vn -0.9724 0.1301 -0.1934
vn -0.5006 0.8600 -0.0996
vn -0.1353 0.9904 0.0269
vn -0.8244 0.1301 0.5509
vn -0.2835 0.8600 0.4243
vn -0.0766 0.9904 0.1146
vn 0.5508 0.1301 0.8244
vn 0.1146 0.9904 0.0766
vn 0.1352 0.9904 0.0269
vn 0.8244 0.1301 -0.5509
vn 0.5508 0.1301 -0.8244
vn 0.2835 0.8600 -0.4244
vn 0.1696 0.4947 -0.8524
vn 0.0996 0.8600 -0.5005
vn 0.5555 -0.0000 0.8315
vt 0.295455 0.000000
vt 0.272727 0.000000
vt 0.284091 0.000000
vt 0.306818 0.000000
vt 0.318182 0.000000
vt 0.261364 0.000000
vt 0.329545 0.000000
vt 0.250000 0.000000
vt 0.340909 0.000000
vt 0.352273 0.000000
vt 0.238636 0.000000
vt 0.363636 0.000000
vt 0.375000 0.000000
vt 0.227273 0.000000
vt 0.386364 0.000000
vt 0.397727 0.000000
vt 0.215909 0.000000
vt 0.409091 0.000000
vt 0.420455 0.000000
vt 0.204545 0.000000
vt 0.431818 0.000000
vt 0.443182 0.000000
vt 0.454545 0.000000
vt 0.465909 0.000000
vt 0.477273 0.000000
vt 0.488636 0.000000
vt 0.500000 0.000000
vt 0.511364 0.000000
vt 0.522727 0.000000
vt 0.534091 0.000000
vt 0.545455 0.000000
vt 0.556818 0.000000
vt 0.568182 0.000000
vt 0.193182 0.000000
vt 0.579545 0.000000
vt 0.590909 0.000000
vt 0.602273 0.000000
vt 0.181818 0.000000
vt 0.613636 0.000000
vt 0.625000 0.000000
vt 0.636364 0.000000
vt 0.170455 0.000000
vt 0.647727 0.000000
vt 0.659091 0.000000
vt 0.159091 0.000000
vt 0.670455 0.000000
vt 0.681818 0.000000
vt 0.147727 0.000000
vt 0.693182 0.000000
vt 0.704545 0.000000
vt 0.136364 0.000000
vt 0.715909 0.000000
vt 0.727273 0.000000
vt 0.125000 0.000000
vt 0.738636 0.000000
vt 0.750000 0.000000
vt 0.113636 0.000000
vt 0.761364 0.000000
vt 0.772727 0.000000
vt 0.102273 0.000000
vt 0.784091 0.000000
vt 0.795455 0.000000
vt 0.806818 0.000000
vt 0.090909 0.000000
vt 0.818182 0.000000
vt 0.829545 0.000000
vt 0.079545 0.000000
vt 0.840909 0.000000
vt 0.852273 0.000000
vt 0.068182 0.000000
vt 0.863636 0.000000
vt 0.056818 0.000000
vt 0.875000 0.000000
vt 0.045455 0.000000
vt 0.886364 0.000000
vt 0.897727 0.000000
vt 0.034091 0.000000
vt 0.909091 0.000000
vt 0.022727 0.000000
vt 0.920455 0.000000
vt 0.011364 0.000000
vt 0.931818 0.000000
vt 0.943182 0.000000
vt 0.000000 0.000000
vt 1.000000 0.000000
vt 0.954545 0.000000
vt 0.965909 0.000000
vt 0.977273 0.000000
vt 0.988636 0.000000
vt 0.688312 0.000000
vt 0.662338 0.000000
vt 0.675325 0.000000
vt 0.649351 0.000000
vt 0.025974 0.000000
vt 0.012987 0.000000
vt 0.038961 0.000000
vt 0.051948 0.000000
vt 0.987013 0.000000
vt 0.623377 0.000000
vt 0.701299 0.000000
vt 0.064935 0.000000
vt 0.610390 0.000000
vt 0.077922 0.000000
vt 0.597403 0.000000
vt 0.974026 0.000000
vt 0.584416 0.000000
vt 0.714286 0.000000
vt 0.103896 0.000000
vt 0.571429 0.000000
vt 0.116883 0.000000
vt 0.558442 0.000000
vt 0.961039 0.000000
vt 0.129870 0.000000
vt 0.142857 0.000000
vt 0.532468 0.000000
vt 0.155844 0.000000
vt 0.519481 0.000000
vt 0.506494 0.000000
vt 0.168831 0.000000
vt 0.948052 0.000000
vt 0.493506 0.000000
vt 0.480519 0.000000
vt 0.740260 0.000000
vt 0.194805 0.000000
vt 0.467532 0.000000
vt 0.207792 0.000000
vt 0.935065 0.000000
vt 0.220779 0.000000
vt 0.233766 0.000000
vt 0.441558 0.000000
vt 0.246753 0.000000
vt 0.428571 0.000000
vt 0.753247 0.000000
vt 0.259740 0.000000
vt 0.415584 0.000000
vt 0.402597 0.000000
vt 0.922078 0.000000
vt 0.285714 0.000000
vt 0.389610 0.000000
vt 0.298701 0.000000
vt 0.376623 0.000000
vt 0.311688 0.000000
vt 0.324675 0.000000
vt 0.350649 0.000000
vt 0.337662 0.000000
vt 0.766234 0.000000
vt 0.779221 0.000000
vt 0.896104 0.000000
vt 0.792208 0.000000
vt 0.883117 0.000000
vt 0.805195 0.000000
vt 0.870130 0.000000
vt 0.857143 0.000000
vt 0.831169 0.000000
vt 0.844156 0.000000
vt 0.750000 1.000000
vt 1.000000 1.000000
vt 0.000000 1.000000
vt 0.000000 0.860483
vt 0.250000 1.000000
vt 0.047099 1.000000
vt 0.047099 0.860483
vt 0.000000 0.860482
vt 1.000000 0.860483
vt 0.920924 0.860483
vt 0.920924 1.000000
vt 0.079075 1.000000
vt 0.079075 0.860482
vt 0.000000 0.250000
vt 1.000000 0.250000
vt 0.000000 0.750000
vt 1.000000 0.750000
vt 0.000000 0.500000
vt 1.000000 0.500000
vt 0.500000 1.000000
vt 0.047099 1.000000
vt 0.047099 0.860482
vt 0.700000 0.500000
vt 0.689890 0.500000
vt 0.689890 0.536269
vt 0.700000 0.536269
vt 0.001136 0.536269
vt 0.001136 0.500000
vt -0.000000 0.500000
vt -0.000000 0.536269
vt 0.689890 0.536269
vt 0.689890 0.500000
vt 0.700000 0.536269
vt -0.000000 0.536269
vt 0.001136 0.500000
vt 0.001136 0.536269
vt 0.934722 0.500000
vt 0.934722 0.536269
vt 0.944307 0.536269
vt 0.944307 0.500000
vt 0.955692 0.536269
vt 0.955692 0.500000
vt 0.965278 0.536269
vt 0.965278 0.500000
vt 0.884722 0.500000
vt 0.884722 0.536269
vt 0.894308 0.536269
vt 0.894308 0.500000
vt 0.905692 0.536269
vt 0.905692 0.500000
vt 0.915278 0.536269
vt 0.915278 0.500000
vt 0.834722 0.500000
vt 0.834722 0.536269
vt 0.844308 0.536269
vt 0.844308 0.500000
vt 0.855692 0.536269
vt 0.855692 0.500000
vt 0.865278 0.536269
vt 0.865278 0.500000
vt 0.784722 0.500000
vt 0.784722 0.536269
vt 0.794308 0.536269
vt 0.794308 0.500000
vt 0.805693 0.536269
vt 0.805693 0.500000
vt 0.815278 0.536269
vt 0.815278 0.500000
vt 0.734533 0.500000
vt 0.734533 0.536269
vt 0.744309 0.536269
vt 0.744309 0.500000
vt 0.755623 0.536269
vt 0.755623 0.500000
vt 0.765278 0.536269
vt 0.765278 0.500000
vt 0.965278 0.536269
vt 0.955692 0.536269
vt 0.955692 0.500000
vt 0.944308 0.536269
vt 0.944308 0.500000
vt 0.934722 0.536269
vt 0.934722 0.500000
vt 0.915278 0.500000
vt 0.915278 0.536269
vt 0.905692 0.536269
vt 0.905693 0.500000
vt 0.894308 0.536269
vt 0.894308 0.500000
vt 0.884722 0.536269
vt 0.884722 0.500000
vt 0.865278 0.500000
vt 0.865278 0.536269
vt 0.855692 0.536269
vt 0.855693 0.500000
vt 0.844308 0.536269
vt 0.844308 0.500000
vt 0.834722 0.536269
vt 0.815278 0.500000
vt 0.815278 0.536269
vt 0.805692 0.536269
vt 0.805692 0.500000
vt 0.794308 0.536269
vt 0.794308 0.500000
vt 0.784722 0.536269
vt 0.784722 0.500000
vt 0.765278 0.500000
vt 0.765278 0.536269
vt 0.755692 0.536269
vt 0.755692 0.500000
vt 0.744307 0.536269
vt 0.744307 0.500000
vt 0.734722 0.536269
vt 0.734722 0.500000
vt 0.971361 0.162308
vt 0.978254 0.175836
vt 0.986366 0.227058
vt 0.988106 0.241566
vt 0.988125 0.258258
vt 0.986411 0.272662
vt 0.981843 0.301502
vt 0.978620 0.315573
vt 0.973497 0.331350
vt 0.967837 0.344607
vt 0.954580 0.370625
vt 0.947179 0.383020
vt 0.937429 0.396442
vt 0.927940 0.407292
vt 0.907292 0.427940
vt 0.896428 0.437447
vt 0.883008 0.447199
vt 0.870625 0.454580
vt 0.844607 0.467837
vt 0.831339 0.473526
vt 0.815563 0.478653
vt 0.801503 0.481843
vt 0.750000 0.490000
vt 0.748315 0.489733
vt 0.748315 0.162308
vt 1.000000 0.536269
vt 1.000000 0.536269
vt 0.748314 0.489733
vt 0.801503 0.481843
vt 0.815572 0.478653
vt 0.831350 0.473526
vt 0.870625 0.454581
vt 0.883020 0.447199
vt 0.896442 0.437448
vt 0.907292 0.427940
vt 0.927940 0.407292
vt 0.937448 0.396442
vt 0.947199 0.383021
vt 0.954581 0.370625
vt 0.973526 0.331350
vt 0.978653 0.315573
vt 0.981843 0.301502
vt 0.987725 0.258295
vt 0.987724 0.241705
vt 0.986411 0.227339
vt 0.971361 0.162308
vt 0.748314 0.162308
vt 1.000000 0.047099
vt 0.000000 0.047099
vt 0.000597 0.047138
vt 0.018856 0.045964
vt 0.023848 0.045505
vt 0.029442 0.044768
vt 0.034138 0.043950
vt 0.043362 0.042043
vt 0.047762 0.040981
vt 0.052521 0.039578
vt 0.056362 0.038210
vt 0.063682 0.035240
vt 0.067061 0.033680
vt 0.070519 0.031749
vt 0.073126 0.029966
vt 0.077826 0.026223
vt 0.079857 0.024316
vt 0.081677 0.022047
vt 0.082792 0.020023
vt 0.084411 0.015874
vt 0.085047 0.013802
vt 0.085043 0.011401
vt 0.084395 0.009314
vt 0.081519 0.001946
vt 0.079075 0.000000
vt 0.920924 0.000000
vt 0.918481 0.001946
vt 0.915589 0.009354
vt 0.915125 0.011421
vt 0.915124 0.013807
vt 0.915589 0.015874
vt 0.917208 0.020023
vt 0.918340 0.022047
vt 0.920158 0.024316
vt 0.922174 0.026223
vt 0.926873 0.029966
vt 0.929491 0.031749
vt 0.932948 0.033680
vt 0.936318 0.035240
vt 0.943638 0.038210
vt 0.947486 0.039578
vt 0.952244 0.040981
vt 0.956638 0.042043
vt 0.965862 0.043950
vt 0.970562 0.044768
vt 0.976156 0.045505
vt 0.981143 0.045964
vt 0.999402 0.047138
vt 0.375000 0.957974
vt 0.625000 0.957974
vt 0.625000 0.968851
vt 0.375000 0.968851
vt 0.625000 0.978987
vt 0.375000 0.978987
vt 0.625000 1.000000
vt 0.375000 1.000000
vt 0.625000 0.021013
vt 0.375000 0.021013
vt 0.625000 0.031149
vt 0.375000 0.031149
vt 0.625000 0.042026
vt 0.375000 0.042026
vt 0.625000 0.292026
vt 0.375000 0.292026
vt 0.375000 0.281149
vt 0.625000 0.281149
vt 0.375000 0.271013
vt 0.625000 0.271013
vt 0.375000 0.250000
vt 0.625000 0.250000
vt 0.375000 0.228987
vt 0.625000 0.228987
vt 0.375000 0.218851
vt 0.625000 0.218851
vt 0.375000 0.207974
vt 0.625000 0.207974
vt 0.625000 0.542027
vt 0.375000 0.542027
vt 0.373686 0.531149
vt 0.626314 0.531149
vt 0.369835 0.521013
vt 0.630165 0.521013
vt 0.363708 0.511293
vt 0.636292 0.511292
vt 0.355723 0.503430
vt 0.644277 0.503429
vt 0.346424 0.498741
vt 0.653576 0.498741
vt 0.350651 0.482322
vt 0.649349 0.482322
vt 0.649349 0.767678
vt 0.350651 0.767678
vt 0.346424 0.751260
vt 0.653576 0.751259
vt 0.355723 0.746570
vt 0.644277 0.746570
vt 0.363708 0.738708
vt 0.636292 0.738707
vt 0.369835 0.728987
vt 0.630165 0.728987
vt 0.373686 0.718851
vt 0.626314 0.718851
vt 0.375000 0.707973
vt 0.625000 0.707973
vt 0.130630 0.728987
vt 0.126432 0.718851
vt 0.125000 0.707973
vt 0.220422 0.647518
vt 0.225502 0.653740
vt 0.231688 0.658909
vt 0.238731 0.662818
vt 0.246340 0.665300
vt 0.254199 0.666231
vt 0.261980 0.665549
vt 0.269372 0.663262
vt 0.276094 0.659458
vt 0.281910 0.654295
vt 0.286632 0.647997
vt 0.290111 0.640824
vt 0.292243 0.633061
vt 0.292961 0.625000
vt 0.292243 0.616939
vt 0.290111 0.609176
vt 0.286632 0.602003
vt 0.281910 0.595705
vt 0.276094 0.590542
vt 0.167026 0.750000
vt 0.156149 0.748568
vt 0.146013 0.744370
vt 0.137309 0.737691
vt 0.146013 0.505630
vt 0.156149 0.501432
vt 0.167026 0.500000
vt 0.212933 0.495581
vt 0.304745 0.486742
vt 0.269372 0.586738
vt 0.261980 0.584451
vt 0.254199 0.583769
vt 0.246340 0.584700
vt 0.238731 0.587182
vt 0.231688 0.591091
vt 0.225502 0.596260
vt 0.220422 0.602482
vt 0.216647 0.609521
vt 0.214324 0.617119
vt 0.213539 0.625000
vt 0.214324 0.632881
vt 0.216647 0.640479
vt 0.125000 0.542026
vt 0.126432 0.531149
vt 0.130630 0.521013
vt 0.137309 0.512309
vt 0.645168 0.800351
vt 0.523015 0.800352
vt 0.522810 0.810760
vt 0.643836 0.810760
vt 0.630513 0.914891
vt 0.520404 0.914891
vt 0.520199 0.925300
vt 0.629181 0.925300
vt 0.713368 0.647997
vt 0.718089 0.654295
vt 0.723906 0.659458
vt 0.730628 0.663262
vt 0.738020 0.665549
vt 0.745802 0.666231
vt 0.753660 0.665300
vt 0.761269 0.662819
vt 0.768312 0.658909
vt 0.774498 0.653740
vt 0.779578 0.647518
vt 0.783353 0.640479
vt 0.785676 0.632881
vt 0.786461 0.625000
vt 0.785677 0.617119
vt 0.783353 0.609521
vt 0.779578 0.602482
vt 0.774498 0.596260
vt 0.768312 0.591091
vt 0.832974 0.500000
vt 0.843851 0.501432
vt 0.853987 0.505630
vt 0.862691 0.512309
vt 0.869370 0.521013
vt 0.873568 0.531149
vt 0.875000 0.542026
vt 0.875000 0.707973
vt 0.873568 0.718851
vt 0.869370 0.728987
vt 0.862691 0.737691
vt 0.853987 0.744370
vt 0.843851 0.748568
vt 0.832974 0.750000
vt 0.801445 0.753035
vt 0.801753 0.730322
vt 0.801861 0.707241
vt 0.792289 0.707686
vt 0.698664 0.710254
vt 0.689894 0.709973
vt 0.686092 0.736943
vt 0.680877 0.764642
vt 0.791968 0.731012
vt 0.791402 0.754002
vt 0.690921 0.763676
vt 0.695259 0.736838
vt 0.755070 0.564637
vt 0.761269 0.587181
vt 0.738685 0.564138
vt 0.708395 0.563608
vt 0.753660 0.584700
vt 0.745802 0.583769
vt 0.738020 0.584451
vt 0.730628 0.586738
vt 0.723906 0.590542
vt 0.718090 0.595704
vt 0.713368 0.602003
vt 0.709889 0.609176
vt 0.707757 0.616939
vt 0.707039 0.625000
vt 0.707757 0.633061
vt 0.709889 0.640824
vt 0.784212 0.566042
vt 0.741824 0.497960
vt 1.000000 0.805696
vt 1.000000 0.595873
vt 0.968750 0.595873
vt 0.968750 0.805696
vt 0.937500 0.595873
vt 0.937500 0.805696
vt 0.906250 0.595873
vt 0.906250 0.805696
vt 0.875000 0.595873
vt 0.875000 0.805696
vt 0.843750 0.595873
vt 0.843750 0.805696
vt 0.812500 0.595873
vt 0.812500 0.805696
vt 0.781250 0.595873
vt 0.781250 0.805696
vt 0.750000 0.595873
vt 0.750000 0.805696
vt 0.718750 0.595873
vt 0.718750 0.805696
vt 0.687500 0.595873
vt 0.687500 0.805696
vt 0.656250 0.595873
vt 0.656250 0.805696
vt 0.625000 0.595873
vt 0.625000 0.805696
vt 0.593750 0.595873
vt 0.593750 0.805696
vt 0.562500 0.595873
vt 0.562500 0.805696
vt 0.531250 0.595873
vt 0.531250 0.805696
vt 0.500000 0.595873
vt 0.500000 0.805696
vt 0.468750 0.595873
vt 0.468750 0.805696
vt 0.437500 0.595873
vt 0.437500 0.805696
vt 0.406250 0.595873
vt 0.406250 0.805696
vt 0.375000 0.595873
vt 0.375000 0.805696
vt 0.343750 0.595873
vt 0.343750 0.805696
vt 0.312500 0.595873
vt 0.312500 0.805696
vt 0.281250 0.595873
vt 0.281250 0.805696
vt 0.250000 0.595873
vt 0.250000 0.805696
vt 0.218750 0.595873
vt 0.218750 0.805696
vt 0.187500 0.595873
vt 0.187500 0.805696
vt 0.156250 0.595873
vt 0.156250 0.805696
vt 0.125000 0.595873
vt 0.125000 0.805696
vt 0.093750 0.595873
vt 0.093750 0.805696
vt 0.062500 0.595873
vt 0.062500 0.805696
vt 0.031250 0.595873
vt 0.031250 0.805696
vt 0.000000 0.595873
vt 0.000000 0.805696
vt 0.594695 0.330235
vt 0.405305 0.330235
vt 0.393475 0.444114
vt 0.606525 0.444114
vt 0.291667 0.500000
vt 0.291667 0.750000
vt 0.375000 0.750000
vt 0.375000 0.500000
vt 0.395847 0.750000
vt 0.395847 0.500000
vt 0.395847 0.416667
vt 0.375000 0.416667
vt 0.395847 0.000000
vt 0.375000 0.250000
vt 0.395847 0.250000
vt 0.375000 0.333333
vt 0.395847 0.333333
vt 0.395847 0.750000
vt 0.375000 0.833333
vt 0.375000 0.916667
vt 0.395847 0.916667
vt 0.395847 0.833333
vt 0.125000 0.500000
vt 0.125000 0.750000
vt 0.208333 0.750000
vt 0.208333 0.500000
vt 0.395847 0.833333
vt 0.395847 0.000000
vt 0.395847 0.916667
vt 0.950000 1.000000
vt 0.950000 0.500000
vt 0.900000 1.000000
vt 0.900000 0.500000
vt 0.850000 1.000000
vt 0.850000 0.500000
vt 0.800000 1.000000
vt 0.800000 0.500000
vt 0.750000 1.000000
vt 0.750000 0.500000
vt 0.700000 1.000000
vt 0.650000 1.000000
vt 0.650000 0.500000
vt 0.600000 1.000000
vt 0.600000 0.500000
vt 0.550000 1.000000
vt 0.550000 0.500000
vt 0.500000 1.000000
vt 0.500000 0.500000
vt 0.450000 1.000000
vt 0.450000 0.500000
vt 0.400000 1.000000
vt 0.400000 0.500000
vt 0.350000 1.000000
vt 0.350000 0.500000
vt 0.300000 1.000000
vt 0.300000 0.500000
vt 0.250000 1.000000
vt 0.250000 0.500000
vt 0.200000 1.000000
vt 0.200000 0.500000
vt 0.150000 1.000000
vt 0.150000 0.500000
vt 0.100000 1.000000
vt 0.100000 0.500000
vt 0.050000 1.000000
vt 0.050000 0.500000
vt -0.000000 1.000000
vt 0.824164 0.478254
vt 0.891068 0.444164
vt 0.944164 0.391068
vt 0.978254 0.324164
vt 0.990000 0.250000
vt 0.944164 0.108932
vt 0.891068 0.055836
vt 0.824164 0.021746
vt 0.750000 0.010000
vt 0.675836 0.021746
vt 0.608932 0.055836
vt 0.555836 0.108932
vt 0.521746 0.175836
vt 0.510000 0.250000
vt 0.521746 0.324164
vt 0.555836 0.391068
vt 0.608932 0.444164
vt 0.675836 0.478254
vt 0.324164 0.478254
vt 0.250000 0.490000
vt 0.175836 0.478254
vt 0.108932 0.444164
vt 0.055836 0.391068
vt 0.021746 0.324164
vt 0.010000 0.250000
vt 0.021746 0.175836
vt 0.055836 0.108932
vt 0.108932 0.055836
vt 0.175836 0.021746
vt 0.250000 0.010000
vt 0.324164 0.021746
vt 0.391068 0.055836
vt 0.444164 0.108932
vt 0.478254 0.175836
vt 0.490000 0.250000
vt 0.478254 0.324164
vt 0.444164 0.391068
vt 0.391068 0.444164
vt 0.541667 0.000000
vt 0.541667 0.250000
vt 0.541667 0.477273
vt 0.625000 0.477273
vt 0.625000 0.500000
vt 0.541667 0.500000
vt 0.625000 0.750000
vt 0.541667 0.750000
vt 0.541667 0.977273
vt 0.625000 0.977273
vt 0.541667 1.000000
vt 0.352273 0.500000
vt 0.352273 0.750000
vt 0.852273 0.500000
vt 0.875000 0.500000
vt 0.875000 0.750000
vt 0.852273 0.750000
vt 0.647727 0.500000
vt 0.647727 0.750000
vt 0.670455 0.500000
vt 0.670455 0.750000
vt 0.693182 0.500000
vt 0.693182 0.750000
vt 0.715909 0.500000
vt 0.715909 0.750000
vt 0.738636 0.500000
vt 0.738636 0.750000
vt 0.761364 0.500000
vt 0.761364 0.750000
vt 0.784091 0.500000
vt 0.784091 0.750000
vt 0.806818 0.500000
vt 0.806818 0.750000
vt 0.829545 0.500000
vt 0.829545 0.750000
vt 0.147727 0.500000
vt 0.147727 0.750000
vt 0.170455 0.500000
vt 0.170455 0.750000
vt 0.193182 0.500000
vt 0.193182 0.750000
vt 0.215909 0.500000
vt 0.215909 0.750000
vt 0.238636 0.500000
vt 0.238636 0.750000
vt 0.261364 0.500000
vt 0.261364 0.750000
vt 0.284091 0.500000
vt 0.284091 0.750000
vt 0.306818 0.500000
vt 0.306818 0.750000
vt 0.329545 0.500000
vt 0.329545 0.750000
vt 0.625000 0.772727
vt 0.541667 0.772727
vt 0.625000 0.795455
vt 0.541667 0.795455
vt 0.625000 0.818182
vt 0.541667 0.818182
vt 0.625000 0.840909
vt 0.541667 0.840909
vt 0.625000 0.863636
vt 0.541667 0.863636
vt 0.625000 0.886364
vt 0.541667 0.886364
vt 0.625000 0.909091
vt 0.541667 0.909091
vt 0.625000 0.931818
vt 0.541667 0.931818
vt 0.625000 0.954545
vt 0.541667 0.954545
vt 0.625000 0.272727
vt 0.541667 0.272727
vt 0.625000 0.295455
vt 0.541667 0.295455
vt 0.625000 0.318182
vt 0.541667 0.318182
vt 0.625000 0.340909
vt 0.541667 0.340909
vt 0.625000 0.363636
vt 0.541667 0.363636
vt 0.625000 0.386364
vt 0.541667 0.386364
vt 0.625000 0.409091
vt 0.541667 0.409091
vt 0.625000 0.431818
vt 0.541667 0.431818
vt 0.625000 0.454545
vt 0.541667 0.454545
vt 0.375000 0.454545
vt 0.458333 0.454545
vt 0.458333 0.477273
vt 0.375000 0.477273
vt 0.458333 0.340909
vt 0.458333 0.318182
vt 0.375000 0.431818
vt 0.458333 0.431818
vt 0.375000 0.409091
vt 0.458333 0.409091
vt 0.375000 0.386364
vt 0.458333 0.386364
vt 0.375000 0.363636
vt 0.458333 0.363636
vt 0.375000 0.340909
vt 0.375000 0.318182
vt 0.375000 0.295455
vt 0.458333 0.295455
vt 0.375000 0.272727
vt 0.458333 0.272727
vt 0.458333 0.250000
vt 0.375000 0.954545
vt 0.458333 0.954545
vt 0.458333 0.977273
vt 0.375000 0.977273
vt 0.375000 0.931818
vt 0.458333 0.931818
vt 0.375000 0.909091
vt 0.458333 0.909091
vt 0.375000 0.886364
vt 0.458333 0.886364
vt 0.375000 0.863636
vt 0.458333 0.863636
vt 0.375000 0.840909
vt 0.458333 0.840909
vt 0.375000 0.818182
vt 0.458333 0.818182
vt 0.375000 0.795455
vt 0.458333 0.795455
vt 0.375000 0.772727
vt 0.458333 0.772727
vt 0.458333 0.750000
vt 0.458333 1.000000
vt 0.458333 0.500000
vt 0.458333 0.000000
vt 0.442464 0.000000
vt 0.442463 0.250000
vt 0.442464 0.416667
vt 0.625000 0.416667
vt 0.442463 0.500000
vt 0.442463 0.750000
vt 0.442464 0.916667
vt 0.625000 0.916667
vt 0.442464 1.000000
vt 0.818420 0.518198
vt 0.848247 0.518198
vt 0.681580 0.518198
vt 0.681580 0.731802
vt 0.708333 0.500000
vt 0.791667 0.500000
vt 0.791667 0.750000
vt 0.708333 0.750000
vt 0.625000 0.833333
vt 0.442464 0.833333
vt 0.625000 0.333333
vt 0.442464 0.333333
vt 0.848247 0.731802
vt 0.651753 0.518198
vt 0.651753 0.731802
vt 0.818420 0.731802
vt 0.375000 0.940843
vt 0.625000 0.940843
vt 0.375000 0.029578
vt 0.625000 0.029578
vt 0.375000 0.059157
vt 0.625000 0.059157
vt 0.625000 0.309157
vt 0.625000 0.279578
vt 0.375000 0.279578
vt 0.375000 0.309157
vt 0.625000 0.220422
vt 0.375000 0.220422
vt 0.625000 0.190843
vt 0.375000 0.190843
vt 0.625000 0.559157
vt 0.631293 0.529578
vt 0.368707 0.529578
vt 0.375000 0.559157
vt 0.648484 0.500198
vt 0.351516 0.500198
vt 0.660051 0.475894
vt 0.339949 0.475894
vt 0.660051 0.774106
vt 0.648484 0.749802
vt 0.351516 0.749802
vt 0.339949 0.774106
vt 0.631293 0.720422
vt 0.368707 0.720422
vt 0.625000 0.690843
vt 0.375000 0.690843
vt 0.125000 0.559157
vt 0.125000 0.690843
vt 0.132925 0.720422
vt 0.154578 0.742074
vt 0.184157 0.750000
vt 0.184157 0.500000
vt 0.154578 0.507925
vt 0.132925 0.529578
vt 0.815843 0.750000
vt 0.845422 0.742074
vt 0.867074 0.720422
vt 0.875000 0.690843
vt 0.875000 0.559157
vt 0.867074 0.529578
vt 0.845422 0.507925
vt 0.815843 0.500000
vt 0.592278 0.000000
vt 0.592278 0.250000
vt 0.592278 0.500000
vt 0.592278 0.750000
vt 0.592278 1.000000
vt 0.181819 0.314921
vt 0.272728 0.314921
vt 0.227273 0.393651
vt 0.000000 0.314921
vt 0.090910 0.314921
vt 0.045455 0.393651
vt 0.727273 0.314921
vt 0.818182 0.314921
vt 0.772727 0.393651
vt 0.545455 0.314921
vt 0.636364 0.314921
vt 0.590909 0.393651
vt 0.363637 0.314921
vt 0.454546 0.314921
vt 0.409092 0.393651
vt 0.500000 0.393651
vt 0.454546 0.472382
vt 0.681818 0.393651
vt 0.636364 0.472382
vt 0.863636 0.393651
vt 0.818182 0.472382
vt 0.909091 0.314921
vt 0.136365 0.393651
vt 0.090910 0.472382
vt 0.318182 0.393651
vt 0.272728 0.472382
vt 0.409092 0.236191
vt 0.500000 0.236191
vt 0.590909 0.236191
vt 0.681818 0.236191
vt 0.772727 0.236191
vt 0.863636 0.236191
vt 0.045455 0.236191
vt 0.136365 0.236191
vt 0.227273 0.236191
vt 0.318182 0.236191
vt 0.954545 0.236191
vt 0.038665 0.062652
vt 0.038665 0.937348
vt 0.961335 0.937348
vt 0.961335 0.062652
vt 0.375000 0.166667
vt 0.625000 0.166667
vt 0.375000 0.666667
vt 0.625000 0.666667
vt 0.125000 0.666667
vt 0.875000 0.666667
vt 0.875000 0.583333
vt 0.625000 0.583333
vt 0.375000 0.583333
vt 0.125000 0.583333
vt 0.625000 0.083333
vt 0.375000 0.083333
vt 0.775328 0.630797
vt 0.775328 0.619203
vt 0.806128 0.608118
vt 0.806128 0.641881
vt 0.833914 0.598119
vt 0.833914 0.651881
vt 0.861520 0.585333
vt 0.861520 0.664667
vt 0.625000 0.090184
vt 0.625000 0.159816
vt 0.625000 0.164911
vt 0.625000 0.085089
vt 0.625000 0.166667
vt 0.625000 0.083333
vt 0.724672 0.619203
vt 0.724672 0.630797
vt 0.693872 0.641881
vt 0.693872 0.608119
vt 0.666086 0.651881
vt 0.666086 0.598119
vt 0.634959 0.663400
vt 0.634959 0.586600
vt 0.627538 0.665825
vt 0.627538 0.584175
vt 0.625000 0.666667
vt 0.870122 0.583333
vt 0.870122 0.666667
vt 0.625000 0.166667
vt 0.625000 0.083333
vt 0.666667 0.000000
vt 0.333333 0.000000
vt 0.509434 0.000000
vt 0.490566 0.000000
vt 0.471698 0.000000
vt 0.452830 0.000000
vt 0.433962 0.000000
vt 0.415094 0.000000
vt 0.396226 0.000000
vt 0.377358 0.000000
vt 0.528302 0.000000
vt 0.547170 0.000000
vt 0.358491 0.000000
vt 0.566038 0.000000
vt 0.584906 0.000000
vt 0.603774 0.000000
vt 0.339623 0.000000
vt 0.622642 0.000000
vt 0.641509 0.000000
vt 0.320755 0.000000
vt 0.660377 0.000000
vt 0.301887 0.000000
vt 0.679245 0.000000
vt 0.698113 0.000000
vt 0.283019 0.000000
vt 0.716981 0.000000
vt 0.264151 0.000000
vt 0.735849 0.000000
vt 0.245283 0.000000
vt 0.754717 0.000000
vt 0.773585 0.000000
vt 0.226415 0.000000
vt 0.792453 0.000000
vt 0.207547 0.000000
vt 0.811321 0.000000
vt 0.830189 0.000000
vt 0.188679 0.000000
vt 0.849057 0.000000
vt 0.169811 0.000000
vt 0.867925 0.000000
vt 0.886792 0.000000
vt 0.150943 0.000000
vt 0.905660 0.000000
vt 0.132075 0.000000
vt 0.924528 0.000000
vt 0.943396 0.000000
vt 0.113208 0.000000
vt 0.962264 0.000000
vt 0.981132 0.000000
vt 0.094340 0.000000
vt 0.075472 0.000000
vt 0.056604 0.000000
vt 0.037736 0.000000
vt 0.018868 0.000000
vt 0.125000 0.638889
vt 0.375000 0.638889
vt 0.625000 0.638889
vt 0.375000 0.138889
vt 0.625000 0.138889
vt 0.875000 0.638889
vt 0.625000 0.611111
vt 0.625000 0.111111
vt 0.875000 0.611111
vt 0.375000 0.111111
vt 0.375000 0.611111
vt 0.125000 0.611111
vt 0.375000 0.957349
vt 0.625000 0.957349
vt 0.625000 0.029169
vt 0.375000 0.029169
vt 0.625000 0.058338
vt 0.375000 0.058338
vt 0.625000 0.292651
vt 0.375000 0.292651
vt 0.375000 0.271326
vt 0.625000 0.271326
vt 0.375000 0.220831
vt 0.625000 0.220831
vt 0.375000 0.191662
vt 0.625000 0.191662
vt 0.625000 0.558338
vt 0.375000 0.558338
vt 0.370954 0.529169
vt 0.629046 0.529169
vt 0.359899 0.499310
vt 0.640101 0.499310
vt 0.359453 0.472896
vt 0.640547 0.472896
vt 0.640547 0.777104
vt 0.359453 0.777104
vt 0.359899 0.750690
vt 0.640101 0.750690
vt 0.370954 0.720831
vt 0.629046 0.720831
vt 0.375000 0.691662
vt 0.625000 0.691662
vt 0.167651 0.750000
vt 0.146326 0.742184
vt 0.130714 0.720831
vt 0.125000 0.691662
vt 0.875000 0.691662
vt 0.125000 0.558338
vt 0.130714 0.529169
vt 0.146326 0.507816
vt 0.167651 0.500000
vt 0.875000 0.558338
vt 0.869286 0.529169
vt 0.832349 0.500000
vt 0.853674 0.507816
vt 0.869286 0.720831
vt 0.853674 0.742184
vt 0.832349 0.750000
vt 0.134021 0.000000
vt 0.113402 0.000000
vt 0.123711 0.000000
vt 0.103093 0.000000
vt 0.092784 0.000000
vt 0.144330 0.000000
vt 0.082474 0.000000
vt 0.072165 0.000000
vt 0.061856 0.000000
vt 0.154639 0.000000
vt 0.051546 0.000000
vt 0.041237 0.000000
vt 0.030928 0.000000
vt 0.164948 0.000000
vt 0.020619 0.000000
vt 0.010309 0.000000
vt 0.175258 0.000000
vt 0.896907 0.000000
vt 0.907216 0.000000
vt 0.917526 0.000000
vt 0.927835 0.000000
vt 0.938144 0.000000
vt 0.948454 0.000000
vt 0.958763 0.000000
vt 0.969072 0.000000
vt 0.979381 0.000000
vt 0.989691 0.000000
vt 0.185567 0.000000
vt 0.876289 0.000000
vt 0.886598 0.000000
vt 0.865979 0.000000
vt 0.855670 0.000000
vt 0.845361 0.000000
vt 0.195876 0.000000
vt 0.835052 0.000000
vt 0.824742 0.000000
vt 0.206186 0.000000
vt 0.814433 0.000000
vt 0.804124 0.000000
vt 0.216495 0.000000
vt 0.793814 0.000000
vt 0.226804 0.000000
vt 0.783505 0.000000
vt 0.773196 0.000000
vt 0.237113 0.000000
vt 0.762887 0.000000
vt 0.247423 0.000000
vt 0.752577 0.000000
vt 0.742268 0.000000
vt 0.257732 0.000000
vt 0.731959 0.000000
vt 0.268041 0.000000
vt 0.721649 0.000000
vt 0.278351 0.000000
vt 0.711340 0.000000
vt 0.288660 0.000000
vt 0.701031 0.000000
vt 0.298969 0.000000
vt 0.690722 0.000000
vt 0.515464 0.000000
vt 0.494845 0.000000
vt 0.505155 0.000000
vt 0.680412 0.000000
vt 0.525773 0.000000
vt 0.309278 0.000000
vt 0.536082 0.000000
vt 0.670103 0.000000
vt 0.546392 0.000000
vt 0.556701 0.000000
vt 0.659794 0.000000
vt 0.567010 0.000000
vt 0.319588 0.000000
vt 0.577320 0.000000
vt 0.649485 0.000000
vt 0.587629 0.000000
vt 0.597938 0.000000
vt 0.639175 0.000000
vt 0.608247 0.000000
vt 0.618557 0.000000
vt 0.628866 0.000000
vt 0.329897 0.000000
vt 0.484536 0.000000
vt 0.340206 0.000000
vt 0.474227 0.000000
vt 0.463918 0.000000
vt 0.453608 0.000000
vt 0.350515 0.000000
vt 0.443299 0.000000
vt 0.432990 0.000000
vt 0.422680 0.000000
vt 0.360825 0.000000
vt 0.412371 0.000000
vt 0.402062 0.000000
vt 0.391753 0.000000
vt 0.371134 0.000000
vt 0.381443 0.000000
vt 0.008333 0.000000
vt 0.600000 0.000000
vt 0.016667 0.000000
vt 0.025000 0.000000
vt 0.591667 0.000000
vt 0.583333 0.000000
vt 0.033333 0.000000
vt 0.575000 0.000000
vt 0.566667 0.000000
vt 0.041667 0.000000
vt 0.558333 0.000000
vt 0.550000 0.000000
vt 0.050000 0.000000
vt 0.541667 0.000000
vt 0.533333 0.000000
vt 0.058333 0.000000
vt 0.525000 0.000000
vt 0.066667 0.000000
vt 0.516667 0.000000
vt 0.508333 0.000000
vt 0.075000 0.000000
vt 0.408333 0.000000
vt 0.391667 0.000000
vt 0.400000 0.000000
vt 0.416667 0.000000
vt 0.425000 0.000000
vt 0.383333 0.000000
vt 0.433333 0.000000
vt 0.441667 0.000000
vt 0.450000 0.000000
vt 0.458333 0.000000
vt 0.466667 0.000000
vt 0.475000 0.000000
vt 0.366667 0.000000
vt 0.483333 0.000000
vt 0.491667 0.000000
vt 0.358333 0.000000
vt 0.083333 0.000000
vt 0.350000 0.000000
vt 0.341667 0.000000
vt 0.091667 0.000000
vt 0.683333 0.000000
vt 0.691667 0.000000
vt 0.700000 0.000000
vt 0.708333 0.000000
vt 0.716667 0.000000
vt 0.725000 0.000000
vt 0.675000 0.000000
vt 0.733333 0.000000
vt 0.325000 0.000000
vt 0.658333 0.000000
vt 0.650000 0.000000
vt 0.741667 0.000000
vt 0.641667 0.000000
vt 0.633333 0.000000
vt 0.758333 0.000000
vt 0.616667 0.000000
vt 0.100000 0.000000
vt 0.316667 0.000000
vt 0.608333 0.000000
vt 0.766667 0.000000
vt 0.775000 0.000000
vt 0.783333 0.000000
vt 0.308333 0.000000
vt 0.991667 0.000000
vt 0.791667 0.000000
vt 0.108333 0.000000
vt 0.800000 0.000000
vt 0.300000 0.000000
vt 0.983333 0.000000
vt 0.808333 0.000000
vt 0.116667 0.000000
vt 0.816667 0.000000
vt 0.291667 0.000000
vt 0.975000 0.000000
vt 0.825000 0.000000
vt 0.966667 0.000000
vt 0.283333 0.000000
vt 0.833333 0.000000
vt 0.841667 0.000000
vt 0.958333 0.000000
vt 0.275000 0.000000
vt 0.850000 0.000000
vt 0.133333 0.000000
vt 0.950000 0.000000
vt 0.858333 0.000000
vt 0.941667 0.000000
vt 0.266667 0.000000
vt 0.866667 0.000000
vt 0.141667 0.000000
vt 0.933333 0.000000
vt 0.883333 0.000000
vt 0.925000 0.000000
vt 0.258333 0.000000
vt 0.891667 0.000000
vt 0.916667 0.000000
vt 0.900000 0.000000
vt 0.908333 0.000000
vt 0.150000 0.000000
vt 0.158333 0.000000
vt 0.241667 0.000000
vt 0.166667 0.000000
vt 0.233333 0.000000
vt 0.175000 0.000000
vt 0.225000 0.000000
vt 0.183333 0.000000
vt 0.216667 0.000000
vt 0.191667 0.000000
vt 0.208333 0.000000
vt 0.200000 0.000000
vt 0.375000 0.437500
vt 0.625000 0.437500
vt 0.375000 0.937500
vt 0.625000 0.937500
vt 0.312500 0.500000
vt 0.312500 0.750000
vt 0.812500 0.500000
vt 0.812500 0.750000
vt 0.687500 0.500000
vt 0.687500 0.750000
vt 0.750000 0.500000
vt 0.750000 0.750000
vt 0.187500 0.500000
vt 0.187500 0.750000
vt 0.250000 0.500000
vt 0.250000 0.750000
vt 0.625000 0.812500
vt 0.375000 0.812500
vt 0.625000 0.875000
vt 0.375000 0.875000
vt 0.625000 0.312500
vt 0.375000 0.312500
vt 0.625000 0.375000
vt 0.375000 0.375000
vt 0.018182 0.000000
vt 0.527273 0.000000
vt 0.509091 0.000000
vt 0.490909 0.000000
vt 0.472727 0.000000
vt 0.436364 0.000000
vt 0.418182 0.000000
vt 0.381818 0.000000
vt 0.563636 0.000000
vt 0.581818 0.000000
vt 0.345455 0.000000
vt 0.618182 0.000000
vt 0.654545 0.000000
vt 0.327273 0.000000
vt 0.672727 0.000000
vt 0.690909 0.000000
vt 0.709091 0.000000
vt 0.309091 0.000000
vt 0.745455 0.000000
vt 0.290909 0.000000
vt 0.763636 0.000000
vt 0.781818 0.000000
vt 0.254545 0.000000
vt 0.836364 0.000000
vt 0.236364 0.000000
vt 0.854545 0.000000
vt 0.872727 0.000000
vt 0.218182 0.000000
vt 0.890909 0.000000
vt 0.927273 0.000000
vt 0.945455 0.000000
vt 0.963636 0.000000
vt 0.981818 0.000000
vt 0.054545 0.000000
vt 0.163636 0.000000
vt 0.145455 0.000000
vt 0.127273 0.000000
vt 0.109091 0.000000
vt 0.072727 0.000000
vt 0.036364 0.000000
vt 0.796822 0.485388
vt 0.841844 0.471731
vt 0.883337 0.449553
vt 0.919706 0.419706
vt 0.949553 0.383337
vt 0.971731 0.341844
vt 0.985388 0.296822
vt 0.985388 0.203178
vt 0.971731 0.158156
vt 0.949553 0.116663
vt 0.919706 0.080294
vt 0.883337 0.050447
vt 0.841844 0.028269
vt 0.796822 0.014612
vt 0.703178 0.014612
vt 0.658156 0.028269
vt 0.616663 0.050447
vt 0.580294 0.080294
vt 0.550447 0.116663
vt 0.528269 0.158156
vt 0.514612 0.203178
vt 0.514612 0.296822
vt 0.528269 0.341844
vt 0.550447 0.383337
vt 0.580294 0.419706
vt 0.616663 0.449553
vt 0.658156 0.471731
vt 0.703178 0.485388
vt 0.968750 0.617609
vt 1.000000 0.617609
vt 0.998751 1.000000
vt 0.968750 1.000000
vt 0.296786 0.485208
vt 0.250000 0.489816
vt 0.250000 0.418405
vt 0.282854 0.415169
vt 0.250000 0.346810
vt 0.268887 0.344949
vt 0.937500 0.617609
vt 0.937500 1.000000
vt 0.341774 0.471561
vt 0.314446 0.405586
vt 0.287048 0.339440
vt 0.906250 0.617609
vt 0.906250 1.000000
vt 0.383234 0.449399
vt 0.343561 0.390023
vt 0.303785 0.330494
vt 0.875000 0.617609
vt 0.875000 1.000000
vt 0.419575 0.419575
vt 0.369080 0.369081
vt 0.318455 0.318455
vt 0.843750 0.617609
vt 0.843750 1.000000
vt 0.449399 0.383234
vt 0.390024 0.343561
vt 0.330494 0.303785
vt 0.812500 0.617609
vt 0.812500 1.000000
vt 0.471561 0.341773
vt 0.405586 0.314446
vt 0.339441 0.287048
vt 0.781250 0.617609
vt 0.781250 1.000000
vt 0.485208 0.296786
vt 0.415169 0.282854
vt 0.344950 0.268886
vt 0.750000 0.617609
vt 0.489816 0.250000
vt 0.418405 0.250000
vt 0.346810 0.250000
vt 0.718750 0.617609
vt 0.718750 1.000000
vt 0.485208 0.203214
vt 0.415169 0.217146
vt 0.344950 0.231114
vt 0.687500 0.617609
vt 0.687500 1.000000
vt 0.471561 0.158227
vt 0.405586 0.185554
vt 0.339441 0.212952
vt 0.656250 0.617609
vt 0.656250 1.000000
vt 0.449399 0.116766
vt 0.390024 0.156439
vt 0.330495 0.196215
vt 0.625000 0.617609
vt 0.625000 1.000000
vt 0.419575 0.080425
vt 0.369080 0.130919
vt 0.318455 0.181544
vt 0.593750 0.617609
vt 0.593750 1.000000
vt 0.383234 0.050601
vt 0.343561 0.109977
vt 0.303785 0.169506
vt 0.562500 0.617609
vt 0.562500 1.000000
vt 0.341774 0.028439
vt 0.314446 0.094414
vt 0.287048 0.160560
vt 0.531250 0.617609
vt 0.531250 1.000000
vt 0.296786 0.014792
vt 0.282854 0.084831
vt 0.268887 0.155051
vt 0.500000 0.617609
vt 0.250000 0.010184
vt 0.250000 0.081595
vt 0.250000 0.153190
vt 0.468750 0.617609
vt 0.468750 1.000000
vt 0.203214 0.014792
vt 0.217146 0.084831
vt 0.231113 0.155051
vt 0.437500 0.617609
vt 0.437500 1.000000
vt 0.158226 0.028439
vt 0.185554 0.094414
vt 0.212952 0.160560
vt 0.406250 0.617609
vt 0.406250 1.000000
vt 0.116766 0.050601
vt 0.156439 0.109977
vt 0.196215 0.169506
vt 0.375000 0.617609
vt 0.375000 1.000000
vt 0.080425 0.080425
vt 0.130920 0.130919
vt 0.181545 0.181545
vt 0.343750 0.617609
vt 0.343750 1.000000
vt 0.050601 0.116766
vt 0.109976 0.156439
vt 0.169505 0.196215
vt 0.312500 0.617609
vt 0.312500 1.000000
vt 0.028439 0.158227
vt 0.094414 0.185554
vt 0.160559 0.212952
vt 0.281250 0.617609
vt 0.281250 1.000000
vt 0.014792 0.203214
vt 0.084831 0.217146
vt 0.155050 0.231114
vt 0.250000 0.617609
vt 0.010184 0.250000
vt 0.081595 0.250000
vt 0.153190 0.250000
vt 0.218750 0.617609
vt 0.218750 1.000000
vt 0.014792 0.296786
vt 0.084831 0.282854
vt 0.155050 0.268886
vt 0.187500 0.617609
vt 0.187500 1.000000
vt 0.028439 0.341773
vt 0.094414 0.314446
vt 0.160559 0.287048
vt 0.156250 0.617609
vt 0.156250 1.000000
vt 0.050601 0.383234
vt 0.109976 0.343561
vt 0.169505 0.303785
vt 0.125000 0.617609
vt 0.125000 1.000000
vt 0.080425 0.419575
vt 0.130920 0.369081
vt 0.181545 0.318456
vt 0.093750 0.617609
vt 0.093750 1.000000
vt 0.116766 0.449399
vt 0.156439 0.390023
vt 0.196215 0.330494
vt 0.062500 0.617609
vt 0.062500 1.000000
vt 0.158227 0.471561
vt 0.185554 0.405586
vt 0.212952 0.339440
vt 0.031250 0.617609
vt 0.031250 1.000000
vt 0.203214 0.485208
vt 0.217146 0.415169
vt 0.231113 0.344949
vt 0.000000 0.617609
vt 0.001249 1.000000
vt 0.968750 0.500000
vt 0.031250 0.500000
vt 0.937500 0.500000
vt 0.906250 0.500000
vt 0.843750 0.500000
vt 0.781250 0.500000
vt 0.718750 0.500000
vt 0.656250 0.500000
vt 0.593750 0.500000
vt 0.562500 0.500000
vt 0.531250 0.500000
vt 0.500000 0.500000
vt 0.468750 0.500000
vt 0.437500 0.500000
vt 0.406250 0.500000
vt 0.343750 0.500000
vt 0.281250 0.500000
vt 0.250000 0.500000
vt 0.218750 0.500000
vt 0.156250 0.500000
vt 0.093750 0.500000
vt 0.062500 0.500000
s 0
usemtl Material.002
f 27/1/1 25/2/1 26/3/1
f 28/4/2 25/2/2 27/1/2
f 29/5/3 25/2/3 28/4/3
f 29/5/1 24/6/1 25/2/1
f 30/7/1 24/6/1 29/5/1
f 30/7/1 23/8/1 24/6/1
f 31/9/1 23/8/1 30/7/1
f 32/10/1 23/8/1 31/9/1
f 32/10/1 22/11/1 23/8/1
f 33/12/1 22/11/1 32/10/1
f 34/13/1 22/11/1 33/12/1
f 34/13/1 21/14/1 22/11/1
f 35/15/1 21/14/1 34/13/1
f 36/16/1 21/14/1 35/15/1
f 36/16/1 20/17/1 21/14/1
f 37/18/1 20/17/1 36/16/1
f 38/19/1 20/17/1 37/18/1
f 38/19/1 19/20/1 20/17/1
f 39/21/1 40/22/1 38/19/1
f 40/22/1 41/23/1 38/19/1
f 41/23/1 42/24/1 38/19/1
f 42/24/1 43/25/1 38/19/1
f 43/25/1 44/26/1 38/19/1
f 44/26/1 45/27/1 38/19/1
f 45/27/1 46/28/1 38/19/1
f 46/28/1 47/29/1 38/19/1
f 47/29/1 48/30/1 38/19/1
f 48/30/1 49/31/1 38/19/1
f 49/31/1 50/32/1 38/19/1
f 50/32/1 19/20/1 38/19/1
f 50/32/1 51/33/1 19/20/1
f 51/33/1 18/34/1 19/20/1
f 52/35/1 18/34/1 51/33/1
f 53/36/1 18/34/1 52/35/1
f 54/37/1 18/34/1 53/36/1
f 54/37/1 17/38/1 18/34/1
f 55/39/1 17/38/1 54/37/1
f 56/40/1 17/38/1 55/39/1
f 57/41/1 17/38/1 56/40/1
f 57/41/1 16/42/1 17/38/1
f 58/43/1 16/42/1 57/41/1
f 59/44/1 16/42/1 58/43/1
f 59/44/1 15/45/1 16/42/1
f 60/46/1 15/45/1 59/44/1
f 61/47/1 15/45/1 60/46/1
f 61/47/1 14/48/1 15/45/1
f 62/49/1 14/48/1 61/47/1
f 63/50/1 14/48/1 62/49/1
f 63/50/1 13/51/1 14/48/1
f 64/52/1 13/51/1 63/50/1
f 65/53/1 13/51/1 64/52/1
f 65/53/1 12/54/1 13/51/1
f 66/55/1 12/54/1 65/53/1
f 67/56/1 12/54/1 66/55/1
f 67/56/1 11/57/1 12/54/1
f 68/58/1 11/57/1 67/56/1
f 69/59/1 11/57/1 68/58/1
f 69/59/1 10/60/1 11/57/1
f 70/61/1 10/60/1 69/59/1
f 71/62/1 10/60/1 70/61/1
f 72/63/1 10/60/1 71/62/1
f 72/63/1 9/64/1 10/60/1
f 73/65/1 9/64/1 72/63/1
f 74/66/1 9/64/1 73/65/1
f 74/66/1 8/67/1 9/64/1
f 75/68/1 8/67/1 74/66/1
f 76/69/1 8/67/1 75/68/1
f 76/69/1 7/70/1 8/67/1
f 77/71/1 7/70/1 76/69/1
f 77/71/1 6/72/1 7/70/1
f 78/73/1 6/72/1 77/71/1
f 78/73/1 5/74/1 6/72/1
f 79/75/1 5/74/1 78/73/1
f 80/76/1 5/74/1 79/75/1
f 80/76/1 4/77/1 5/74/1
f 81/78/1 4/77/1 80/76/1
f 81/78/1 3/79/1 4/77/1
f 82/80/1 3/79/1 81/78/1
f 82/80/1 2/81/1 3/79/1
f 83/82/1 2/81/1 82/80/1
f 84/83/1 2/81/1 83/82/1
f 84/83/1 1/84/1 2/81/1
f 84/83/1 89/85/1 1/84/1
f 85/86/1 89/85/1 84/83/1
f 86/87/1 89/85/1 85/86/1
f 87/88/1 89/85/1 86/87/1
f 88/89/1 89/85/1 87/88/1
f 143/90/1 141/91/1 142/92/1
f 143/90/1 140/93/1 141/91/1
f 92/94/1 90/84/1 91/95/1
f 92/94/1 167/85/1 90/84/1
f 93/96/1 167/85/1 92/94/1
f 143/90/1 139/41/1 140/93/1
f 94/97/1 167/85/1 93/96/1
f 94/97/1 166/98/1 167/85/1
f 143/90/1 138/99/1 139/41/1
f 144/100/1 138/99/1 143/90/1
f 95/101/1 166/98/1 94/97/1
f 144/100/1 137/102/1 138/99/1
f 96/103/1 166/98/1 95/101/1
f 144/100/1 136/104/1 137/102/1
f 96/103/1 165/105/1 166/98/1
f 97/64/1 165/105/1 96/103/1
f 144/100/1 135/106/1 136/104/1
f 145/107/1 135/106/1 144/100/1
f 98/108/1 165/105/1 97/64/1
f 145/107/1 134/109/1 135/106/1
f 99/110/1 165/105/1 98/108/1
f 145/107/1 133/111/1 134/109/1
f 99/110/1 164/112/1 165/105/1
f 100/113/1 164/112/1 99/110/1
f 145/107/1 132/31/1 133/111/1
f 101/114/1 164/112/1 100/113/1
f 146/53/1 132/31/1 145/107/1
f 146/53/1 131/115/1 132/31/1
f 102/116/1 164/112/1 101/114/1
f 146/53/1 130/117/1 131/115/1
f 146/53/1 129/118/1 130/117/1
f 103/119/1 164/112/1 102/116/1
f 103/119/1 163/120/1 164/112/1
f 146/53/1 128/121/1 129/118/1
f 104/38/1 163/120/1 103/119/1
f 146/53/1 127/122/1 128/121/1
f 147/123/1 127/122/1 146/53/1
f 105/124/1 163/120/1 104/38/1
f 147/123/1 126/125/1 127/122/1
f 106/126/1 163/120/1 105/124/1
f 106/126/1 162/127/1 163/120/1
f 107/128/1 162/127/1 106/126/1
f 147/123/1 125/23/1 126/125/1
f 108/129/1 162/127/1 107/128/1
f 147/123/1 124/130/1 125/23/1
f 109/131/1 162/127/1 108/129/1
f 147/123/1 123/132/1 124/130/1
f 148/133/1 123/132/1 147/123/1
f 110/134/1 162/127/1 109/131/1
f 148/133/1 122/135/1 123/132/1
f 111/2/1 162/127/1 110/134/1
f 148/133/1 121/136/1 122/135/1
f 111/2/1 161/137/1 162/127/1
f 112/138/1 161/137/1 111/2/1
f 148/133/1 120/139/1 121/136/1
f 113/140/1 161/137/1 112/138/1
f 148/133/1 119/141/1 120/139/1
f 114/142/1 161/137/1 113/140/1
f 148/133/1 118/12/1 119/141/1
f 115/143/1 161/137/1 114/142/1
f 148/133/1 117/144/1 118/12/1
f 116/145/1 161/137/1 115/143/1
f 148/133/2 116/145/2 117/144/2
f 148/133/1 161/137/1 116/145/1
f 149/146/1 161/137/1 148/133/1
f 149/146/1 160/78/1 161/137/1
f 150/147/1 160/78/1 149/146/1
f 150/147/1 159/148/1 160/78/1
f 151/149/1 159/148/1 150/147/1
f 151/149/1 158/150/1 159/148/1
f 152/151/1 158/150/1 151/149/1
f 152/151/1 157/152/1 158/150/1
f 153/65/1 157/152/1 152/151/1
f 153/65/1 156/153/1 157/152/1
f 154/154/1 156/153/1 153/65/1
f 154/154/1 155/155/1 156/153/1
s 1
f 284/365/54 299/366/54 306/367/55 289/368/55
f 289/368/55 306/367/55 305/369/56 292/370/56
f 292/370/56 305/369/56 304/371/57 295/372/57
f 295/13/57 304/40/57 303/373/58 296/374/58
f 296/374/58 303/373/58 301/375/59 297/376/59
f 297/376/59 301/375/59 298/377/60 288/378/60
f 416/379/61 415/380/61 315/381/62 318/382/62
f 318/382/62 315/381/62 314/383/63 319/384/63
f 319/384/63 314/383/63 313/385/64 320/386/64
f 320/386/64 313/385/64 312/387/65 321/388/65
f 321/388/65 312/387/65 311/389/66 322/390/66
f 322/390/66 311/389/66 308/391/67 317/392/67
f 344/393/68 338/394/68 343/395/69 346/396/69
f 346/396/69 343/395/69 342/397/70 347/398/70
f 347/398/70 342/397/70 341/399/71 348/400/71
f 348/400/71 341/399/71 340/401/72 349/402/72
f 349/402/72 340/401/72 339/403/73 350/404/73
f 350/404/73 339/403/73 417/405/74 418/406/74
f 330/407/75 324/408/75 329/409/76 332/410/76
f 332/410/76 329/409/76 328/411/77 333/412/77
f 333/412/77 328/411/77 327/413/78 334/414/78
f 334/414/78 327/413/78 326/415/79 335/416/79
f 335/416/79 326/415/79 325/417/80 336/418/80
f 336/418/80 325/417/80 323/419/81 331/420/81
f 296/421/8 297/422/8 288/423/8 364/424/8 365/425/8 368/426/8 366/427/8 367/428/8 370/429/8 369/430/8 371/431/8 381/432/8 374/433/8 373/434/8 378/435/8 379/436/8 376/437/8 377/438/8 380/439/8 375/440/8 372/441/8 382/442/8 417/405/8 339/403/8 340/401/8 341/399/8 342/397/8 343/395/8 338/394/8 323/419/8 325/417/8 326/415/8 327/413/8 328/411/8 329/409/8 324/408/8 284/443/8 289/444/8 292/445/8 295/446/8
f 314/447/8 315/448/8 415/449/8 310/450/8 337/451/8 417/405/8 382/442/8 362/452/8 363/453/8 361/454/8 355/455/8 356/456/8 354/457/8 357/458/8 352/459/8 353/460/8 351/461/8 358/462/8 360/463/8 359/464/8 364/424/8 288/423/8 308/465/8 311/466/8 312/467/8 313/468/8
f 288/378/60 298/377/60 317/392/67 308/391/67
f 299/366/54 284/365/54 324/408/75 330/407/75 430/469/7 431/470/7 433/471/7 432/472/7 429/473/7 435/474/7 434/475/7 428/476/7
f 335/416/1 336/418/1 331/420/1 396/477/1 411/478/1 410/479/1 408/480/1 409/481/1 412/482/1 406/483/1 407/484/1 413/485/1 401/486/1 403/487/1 398/488/1 399/489/1 397/490/1 400/491/1 405/492/1 404/493/1 402/494/1 414/495/1 416/496/1 318/497/1 319/498/1 320/499/1 321/500/1 322/501/1 317/502/1 298/503/1 301/504/1 303/505/1 304/506/1 305/507/1 306/508/1 299/509/1 428/510/1 436/511/1 437/512/1 438/513/1 441/514/1 442/515/1 443/516/1 430/517/1 330/407/1 332/410/1 333/412/1 334/414/1
f 439/518/1 429/519/1 432/520/1 440/521/1
f 424/522/1 414/495/1 390/523/1 425/524/1
f 427/525/1 425/524/1 390/523/1 391/526/1 392/527/1 383/528/1 385/529/1 384/530/1 389/531/1 386/532/1 388/533/1 387/534/1 395/535/1 393/536/1 394/537/1 396/477/1 331/420/1 344/393/1 346/396/1 347/398/1 348/400/1 349/402/1 350/404/1 418/406/1 416/496/1 414/495/1 424/522/1 423/538/1 426/539/1
f 338/394/68 344/393/68 331/420/81 323/419/81
f 392/540/7 361/541/7 363/542/82 383/543/82
f 383/543/82 363/542/82 362/544/83 385/545/83
f 385/545/83 362/544/83 382/546/84 384/547/84
f 384/547/84 382/546/84 372/548/57 389/549/57
f 372/548/57 375/550/85 386/551/85 389/549/57
f 375/550/85 380/552/86 388/553/86 386/551/85
f 380/552/86 377/554/87 387/555/87 388/553/86
f 377/554/87 376/556/4 395/557/4 387/555/87
f 376/556/4 379/558/88 393/559/88 395/557/4
f 379/558/88 378/560/89 394/561/89 393/559/88
f 378/560/89 373/562/90 396/563/90 394/561/89
f 373/562/90 374/564/64 411/565/64 396/563/90
f 374/564/64 381/566/91 410/567/91 411/565/64
f 381/566/91 371/568/92 408/569/92 410/567/91
f 371/568/92 369/570/93 409/571/93 408/569/92
f 369/570/93 370/572/5 412/573/5 409/571/93
f 370/572/5 367/574/94 406/575/94 412/573/5
f 367/574/94 366/576/95 407/577/95 406/575/94
f 366/576/95 368/578/96 413/579/96 407/577/95
f 368/578/96 365/580/71 401/581/71 413/579/96
f 401/581/71 365/580/71 364/582/97 403/583/97
f 403/583/97 364/582/97 359/584/98 398/585/98
f 398/585/98 359/584/98 360/586/99 399/587/99
f 399/587/99 360/586/99 358/588/6 397/589/6
f 397/589/6 358/588/6 351/590/100 400/591/100
f 400/591/100 351/590/100 353/592/101 405/593/101
f 405/593/101 353/592/101 352/594/102 404/595/102
f 404/595/102 352/594/102 357/596/78 402/597/78
f 402/597/78 357/596/78 354/598/103 414/599/103
f 414/599/103 354/598/103 356/600/104 390/601/104
f 390/601/104 356/600/104 355/602/105 391/603/105
f 391/603/105 355/602/105 361/604/7 392/605/7
f 316/606/5 310/607/5 415/380/61 416/379/61
f 337/608/5 345/609/5 418/406/74 417/405/74
f 345/609/5 316/606/5 416/379/61 418/406/74
f 337/451/8 310/450/8 419/450/8 421/451/8
f 420/606/5 422/609/5 421/608/5 419/450/5
f 290/84/1 286/84/1 294/84/1
f 290/84/108 294/84/108 427/84/108 426/84/108
f 427/84/5 294/84/5 286/84/5 423/84/5 424/84/5 425/84/5
f 423/84/109 286/84/109 290/84/109 426/84/109
f 300/610/1 309/611/1 291/612/1 293/613/1
f 293/613/4 291/612/4 443/614/4 442/615/4
f 441/616/7 300/617/7 293/613/7 442/615/7
f 436/618/6 285/13/6 287/619/6 437/620/6
f 437/620/7 287/619/7 302/621/7 438/622/7
f 438/622/7 302/621/7 300/617/7 441/616/7
f 291/612/4 431/612/4 430/623/4 443/614/4
f 309/624/5 307/625/5 439/626/5 440/627/5
f 287/628/1 285/629/1 307/630/1 302/631/1
f 302/631/1 307/630/1 309/611/1 300/610/1
f 432/632/6 433/624/6 309/624/6 440/627/6
f 428/633/6 434/13/6 285/13/6 436/618/6
f 431/612/1 291/612/1 309/611/1 433/611/1
f 307/625/4 435/625/4 429/634/4 439/626/4
f 435/630/1 307/630/1 285/629/1 434/629/1
s 0
f 2050/158/1 2048/84/1 2054/958/1 2055/959/1
f 2054/958/1 2048/84/1 2049/85/1 2051/157/1 2050/158/1 2055/959/1 2053/960/1 2052/961/1
f 2058/158/1 2056/84/1 2062/958/1 2063/959/1
f 2062/958/1 2056/84/1 2057/85/1 2059/157/1 2058/158/1 2063/959/1 2061/960/1 2060/961/1
f 2110/1003/1 2108/84/1 2109/1004/1
f 2110/1003/1 2111/85/1 2108/84/1
f 2112/84/1 2139/1005/1 2138/1006/1
f 2139/1005/1 2137/1007/1 2138/1006/1
f 2139/1005/1 2136/1008/1 2137/1007/1
f 2139/1005/1 2135/1009/1 2136/1008/1
f 2139/1005/1 2134/1010/1 2135/1009/1
f 2139/1005/1 2133/1011/1 2134/1010/1
f 2139/1005/1 2132/1012/1 2133/1011/1
f 2139/1005/1 2140/1013/1 2132/1012/1
f 2140/1013/1 2141/1014/1 2132/1012/1
f 2141/1014/1 2131/1015/1 2132/1012/1
f 2112/84/1 2165/85/1 2139/1005/1
f 2142/1016/1 2131/1015/1 2141/1014/1
f 2143/1017/1 2131/1015/1 2142/1016/1
f 2144/1018/1 2131/1015/1 2143/1017/1
f 2144/1018/1 2130/1019/1 2131/1015/1
f 2145/1020/1 2130/1019/1 2144/1018/1
f 2146/1021/1 2130/1019/1 2145/1020/1
f 2146/1021/1 2129/1022/1 2130/1019/1
f 2147/1023/1 2129/1022/1 2146/1021/1
f 2147/1023/1 2128/1024/1 2129/1022/1
f 2148/1025/1 2128/1024/1 2147/1023/1
f 2149/1026/1 2128/1024/1 2148/1025/1
f 2149/1026/1 2127/1027/1 2128/1024/1
f 2150/1028/1 2127/1027/1 2149/1026/1
f 2150/1028/1 2126/1029/1 2127/1027/1
f 2151/1030/1 2126/1029/1 2150/1028/1
f 2151/1030/1 2125/1031/1 2126/1029/1
f 2152/1032/1 2125/1031/1 2151/1030/1
f 2153/1033/1 2125/1031/1 2152/1032/1
f 2153/1033/1 2124/1034/1 2125/1031/1
f 2154/1035/1 2124/1034/1 2153/1033/1
f 2154/1035/1 2123/1036/1 2124/1034/1
f 2155/1037/1 2123/1036/1 2154/1035/1
f 2156/1038/1 2123/1036/1 2155/1037/1
f 2156/1038/1 2122/1039/1 2123/1036/1
f 2157/1040/1 2122/1039/1 2156/1038/1
f 2157/1040/1 2121/1041/1 2122/1039/1
f 2158/1042/1 2121/1041/1 2157/1040/1
f 2159/1043/1 2121/1041/1 2158/1042/1
f 2159/1043/1 2120/1044/1 2121/1041/1
f 2160/1045/1 2120/1044/1 2159/1043/1
f 2160/1045/1 2119/1046/1 2120/1044/1
f 2161/1047/1 2119/1046/1 2160/1045/1
f 2162/1048/1 2119/1046/1 2161/1047/1
f 2162/1048/1 2118/1049/1 2119/1046/1
f 2163/1050/1 2118/1049/1 2162/1048/1
f 2164/1051/1 2118/1049/1 2163/1050/1
f 2112/84/1 2164/1051/1 2165/85/1
f 2112/84/1 2118/1049/1 2164/1051/1
f 2112/84/1 2117/1052/1 2118/1049/1
f 2112/84/1 2116/1053/1 2117/1052/1
f 2112/84/1 2115/1054/1 2116/1053/1
f 2112/84/1 2114/1055/1 2115/1054/1
f 2112/84/1 2113/1056/1 2114/1055/1
f 2296/1003/1 2294/84/1 2295/1004/1
f 2296/1003/1 2297/85/1 2294/84/1
f 2311/1115/1 2309/1116/1 2310/1117/1
f 2311/1115/1 2308/1118/1 2309/1116/1
f 2311/1115/1 2307/1119/1 2308/1118/1
f 2312/1120/1 2307/1119/1 2311/1115/1
f 2312/1120/1 2306/1121/1 2307/1119/1
f 2312/1120/1 2305/1122/1 2306/1121/1
f 2312/1120/1 2304/1123/1 2305/1122/1
f 2313/1124/1 2304/1123/1 2312/1120/1
f 2313/1124/1 2303/1125/1 2304/1123/1
f 2313/1124/1 2302/1126/1 2303/1125/1
f 2313/1124/1 2301/1127/1 2302/1126/1
f 2314/1128/1 2301/1127/1 2313/1124/1
f 2314/1128/1 2300/1129/1 2301/1127/1
f 2314/1128/1 2299/1130/1 2300/1129/1
f 2314/1128/1 2298/84/1 2299/1130/1
f 2315/1131/1 2298/84/1 2314/1128/1
f 2315/1131/1 2385/1132/1 2298/84/1
f 2385/1132/1 2386/1133/1 2298/84/1
f 2386/1133/1 2387/1134/1 2298/84/1
f 2387/1134/1 2388/1135/1 2298/84/1
f 2388/1135/1 2389/1136/1 2298/84/1
f 2389/1136/1 2390/1137/1 2298/84/1
f 2390/1137/1 2391/1138/1 2298/84/1
f 2391/1138/1 2392/1139/1 2298/84/1
f 2392/1139/1 2393/1140/1 2298/84/1
f 2393/1140/1 2394/1141/1 2298/84/1
f 2394/1141/1 2395/85/1 2298/84/1
f 2316/1142/1 2383/1143/1 2315/1131/1
f 2383/1143/1 2384/1144/1 2315/1131/1
f 2384/1144/1 2385/1132/1 2315/1131/1
f 2316/1142/2 2382/1145/2 2383/1143/2
f 2316/1142/1 2381/1146/1 2382/1145/1
f 2316/1142/1 2380/1147/1 2381/1146/1
f 2317/1148/1 2380/1147/1 2316/1142/1
f 2317/1148/1 2379/1149/1 2380/1147/1
f 2317/1148/1 2378/1150/1 2379/1149/1
f 2318/1151/1 2378/1150/1 2317/1148/1
f 2318/1151/1 2377/1152/1 2378/1150/1
f 2318/1151/1 2376/1153/1 2377/1152/1
f 2319/1154/1 2376/1153/1 2318/1151/1
f 2319/1154/1 2375/1155/1 2376/1153/1
f 2320/1156/1 2375/1155/1 2319/1154/1
f 2320/1156/1 2374/1157/1 2375/1155/1
f 2320/1156/1 2373/1158/1 2374/1157/1
f 2321/1159/1 2373/1158/1 2320/1156/1
f 2321/1159/1 2372/1160/1 2373/1158/1
f 2322/1161/1 2372/1160/1 2321/1159/1
f 2322/1161/1 2371/1162/1 2372/1160/1
f 2322/1161/1 2370/1163/1 2371/1162/1
f 2323/1164/1 2370/1163/1 2322/1161/1
f 2323/1164/1 2369/1165/1 2370/1163/1
f 2324/1166/1 2369/1165/1 2323/1164/1
f 2324/1166/1 2368/1167/1 2369/1165/1
f 2325/1168/1 2368/1167/1 2324/1166/1
f 2325/1168/1 2367/1169/1 2368/1167/1
f 2326/1170/1 2367/1169/1 2325/1168/1
f 2326/1170/1 2366/1171/1 2367/1169/1
f 2327/1172/1 2366/1171/1 2326/1170/1
f 2327/1172/1 2365/1173/1 2366/1171/1
f 2348/1174/1 2346/1175/1 2347/1176/1
f 2327/1172/1 2364/1177/1 2365/1173/1
f 2349/1178/1 2346/1175/1 2348/1174/1
f 2328/1179/1 2364/1177/1 2327/1172/1
f 2350/1180/1 2346/1175/1 2349/1178/1
f 2328/1179/1 2363/1181/1 2364/1177/1
f 2351/1182/1 2346/1175/1 2350/1180/1
f 2352/1183/1 2346/1175/1 2351/1182/1
f 2328/1179/1 2362/1184/1 2363/1181/1
f 2353/1185/1 2346/1175/1 2352/1183/1
f 2329/1186/1 2362/1184/1 2328/1179/1
f 2354/1187/1 2346/1175/1 2353/1185/1
f 2329/1186/1 2361/1188/1 2362/1184/1
f 2355/1189/1 2346/1175/1 2354/1187/1
f 2356/1190/1 2346/1175/1 2355/1189/1
f 2329/1186/1 2360/1191/1 2361/1188/1
f 2357/1192/1 2346/1175/1 2356/1190/1
f 2358/1193/1 2346/1175/1 2357/1192/1
f 2329/1186/1 2359/1194/1 2360/1191/1
f 2359/1194/1 2346/1175/1 2358/1193/1
f 2329/1186/1 2346/1175/1 2359/1194/1
f 2330/1195/1 2346/1175/1 2329/1186/1
f 2330/1195/1 2345/1196/1 2346/1175/1
f 2331/1197/1 2345/1196/1 2330/1195/1
f 2331/1197/1 2344/1198/1 2345/1196/1
f 2331/1197/1 2343/1199/1 2344/1198/1
f 2331/1197/1 2342/1200/1 2343/1199/1
f 2332/1201/1 2342/1200/1 2331/1197/1
f 2332/1201/1 2341/1202/1 2342/1200/1
f 2332/1201/1 2340/1203/1 2341/1202/1
f 2332/1201/1 2339/1204/1 2340/1203/1
f 2333/1205/1 2339/1204/1 2332/1201/1
f 2333/1205/1 2338/1206/1 2339/1204/1
f 2333/1205/1 2337/1207/1 2338/1206/1
f 2333/1205/1 2336/1208/1 2337/1207/1
f 2334/1209/1 2336/1208/1 2333/1205/1
f 2334/1209/1 2335/1210/1 2336/1208/1
f 2422/1/1 2420/2/1 2421/3/1
f 2423/4/3 2420/2/3 2422/1/3
f 2424/5/1 2420/2/1 2423/4/1
f 2424/5/1 2419/6/1 2420/2/1
f 2425/7/1 2419/6/1 2424/5/1
f 2425/7/1 2418/8/1 2419/6/1
f 2426/9/1 2418/8/1 2425/7/1
f 2427/10/1 2418/8/1 2426/9/1
f 2427/10/1 2417/11/1 2418/8/1
f 2428/12/1 2417/11/1 2427/10/1
f 2429/13/1 2417/11/1 2428/12/1
f 2429/13/1 2416/14/1 2417/11/1
f 2430/15/1 2416/14/1 2429/13/1
f 2431/16/1 2416/14/1 2430/15/1
f 2431/16/1 2415/17/1 2416/14/1
f 2432/18/1 2415/17/1 2431/16/1
f 2433/19/1 2415/17/1 2432/18/1
f 2433/19/1 2414/20/1 2415/17/1
f 2434/21/1 2435/22/1 2433/19/1
f 2435/22/1 2436/23/1 2433/19/1
f 2436/23/1 2437/24/1 2433/19/1
f 2437/24/1 2438/25/1 2433/19/1
f 2438/25/1 2439/26/1 2433/19/1
f 2439/26/1 2440/27/1 2433/19/1
f 2440/27/1 2441/28/1 2433/19/1
f 2441/28/1 2442/29/1 2433/19/1
f 2442/29/1 2443/30/1 2433/19/1
f 2443/30/1 2444/31/1 2433/19/1
f 2444/31/1 2445/32/1 2433/19/1
f 2445/32/1 2414/20/1 2433/19/1
f 2445/32/1 2446/33/1 2414/20/1
f 2446/33/1 2413/34/1 2414/20/1
f 2447/35/267 2413/34/267 2446/33/267
f 2448/36/1 2413/34/1 2447/35/1
f 2449/37/1 2413/34/1 2448/36/1
f 2449/37/1 2412/38/1 2413/34/1
f 2450/39/1 2412/38/1 2449/37/1
f 2451/40/1 2412/38/1 2450/39/1
f 2452/41/1 2412/38/1 2451/40/1
f 2452/41/1 2411/42/1 2412/38/1
f 2453/43/1 2411/42/1 2452/41/1
f 2454/44/1 2411/42/1 2453/43/1
f 2454/44/1 2410/45/1 2411/42/1
f 2455/46/1 2410/45/1 2454/44/1
f 2456/47/1 2410/45/1 2455/46/1
f 2456/47/1 2409/48/1 2410/45/1
f 2457/49/1 2409/48/1 2456/47/1
f 2458/50/1 2409/48/1 2457/49/1
f 2458/50/1 2408/51/1 2409/48/1
f 2459/52/1 2408/51/1 2458/50/1
f 2460/53/1 2408/51/1 2459/52/1
f 2460/53/1 2407/54/1 2408/51/1
f 2461/55/1 2407/54/1 2460/53/1
f 2462/56/1 2407/54/1 2461/55/1
f 2462/56/1 2406/57/1 2407/54/1
f 2463/58/1 2406/57/1 2462/56/1
f 2464/59/1 2406/57/1 2463/58/1
f 2464/59/1 2405/60/1 2406/57/1
f 2465/61/1 2405/60/1 2464/59/1
f 2466/62/1 2405/60/1 2465/61/1
f 2467/63/1 2405/60/1 2466/62/1
f 2467/63/1 2404/64/1 2405/60/1
f 2468/65/1 2404/64/1 2467/63/1
f 2469/66/1 2404/64/1 2468/65/1
f 2469/66/1 2403/67/1 2404/64/1
f 2470/68/1 2403/67/1 2469/66/1
f 2471/69/1 2403/67/1 2470/68/1
f 2471/69/1 2402/70/1 2403/67/1
f 2472/71/1 2402/70/1 2471/69/1
f 2472/71/1 2401/72/1 2402/70/1
f 2473/73/1 2401/72/1 2472/71/1
f 2473/73/1 2400/74/1 2401/72/1
f 2474/75/1 2400/74/1 2473/73/1
f 2475/76/1 2400/74/1 2474/75/1
f 2475/76/1 2399/77/1 2400/74/1
f 2476/78/1 2399/77/1 2475/76/1
f 2476/78/1 2398/79/1 2399/77/1
f 2477/80/1 2398/79/1 2476/78/1
f 2477/80/1 2397/81/1 2398/79/1
f 2478/82/1 2397/81/1 2477/80/1
f 2479/83/1 2397/81/1 2478/82/1
f 2479/83/1 2396/84/1 2397/81/1
f 2479/83/1 2484/85/1 2396/84/1
f 2480/86/1 2484/85/1 2479/83/1
f 2481/87/1 2484/85/1 2480/86/1
f 2482/88/1 2484/85/1 2481/87/1
f 2483/89/1 2484/85/1 2482/88/1
f 2498/1115/3 2496/1116/3 2497/1117/3
f 2498/1115/2 2495/1118/2 2496/1116/2
f 2498/1115/1 2494/1119/1 2495/1118/1
f 2499/1120/1 2494/1119/1 2498/1115/1
f 2499/1120/1 2493/1121/1 2494/1119/1
f 2499/1120/1 2492/1122/1 2493/1121/1
f 2499/1120/1 2491/1123/1 2492/1122/1
f 2500/1124/1 2491/1123/1 2499/1120/1
f 2500/1124/1 2490/1125/1 2491/1123/1
f 2500/1124/1 2489/1126/1 2490/1125/1
f 2500/1124/1 2488/1127/1 2489/1126/1
f 2501/1128/1 2488/1127/1 2500/1124/1
f 2501/1128/1 2487/1129/1 2488/1127/1
f 2501/1128/1 2486/1130/1 2487/1129/1
f 2501/1128/1 2485/84/1 2486/1130/1
f 2502/1131/1 2485/84/1 2501/1128/1
f 2502/1131/1 2572/1132/1 2485/84/1
f 2572/1132/1 2573/1133/1 2485/84/1
f 2573/1133/1 2574/1134/1 2485/84/1
f 2574/1134/1 2575/1135/1 2485/84/1
f 2575/1135/1 2576/1136/1 2485/84/1
f 2576/1136/1 2577/1137/1 2485/84/1
f 2577/1137/1 2578/1138/1 2485/84/1
f 2578/1138/1 2579/1139/1 2485/84/1
f 2579/1139/1 2580/1140/1 2485/84/1
f 2580/1140/1 2581/1141/1 2485/84/1
f 2581/1141/1 2582/85/1 2485/84/1
f 2503/1142/1 2570/1143/1 2502/1131/1
f 2570/1143/1 2571/1144/1 2502/1131/1
f 2571/1144/268 2572/1132/268 2502/1131/268
f 2503/1142/2 2569/1145/2 2570/1143/2
f 2503/1142/1 2568/1146/1 2569/1145/1
f 2503/1142/1 2567/1147/1 2568/1146/1
f 2504/1148/1 2567/1147/1 2503/1142/1
f 2504/1148/1 2566/1149/1 2567/1147/1
f 2504/1148/1 2565/1150/1 2566/1149/1
f 2505/1151/1 2565/1150/1 2504/1148/1
f 2505/1151/1 2564/1152/1 2565/1150/1
f 2505/1151/1 2563/1153/1 2564/1152/1
f 2506/1154/1 2563/1153/1 2505/1151/1
f 2506/1154/1 2562/1155/1 2563/1153/1
f 2507/1156/1 2562/1155/1 2506/1154/1
f 2507/1156/1 2561/1157/1 2562/1155/1
f 2507/1156/1 2560/1158/1 2561/1157/1
f 2508/1159/1 2560/1158/1 2507/1156/1
f 2508/1159/1 2559/1160/1 2560/1158/1
f 2509/1161/1 2559/1160/1 2508/1159/1
f 2509/1161/1 2558/1162/1 2559/1160/1
f 2509/1161/1 2557/1163/1 2558/1162/1
f 2510/1164/1 2557/1163/1 2509/1161/1
f 2510/1164/1 2556/1165/1 2557/1163/1
f 2511/1166/1 2556/1165/1 2510/1164/1
f 2511/1166/1 2555/1167/1 2556/1165/1
f 2512/1168/1 2555/1167/1 2511/1166/1
f 2512/1168/1 2554/1169/1 2555/1167/1
f 2513/1170/1 2554/1169/1 2512/1168/1
f 2513/1170/1 2553/1171/1 2554/1169/1
f 2514/1172/1 2553/1171/1 2513/1170/1
f 2514/1172/1 2552/1173/1 2553/1171/1
f 2535/1174/1 2533/1175/1 2534/1176/1
f 2514/1172/1 2551/1177/1 2552/1173/1
f 2536/1178/1 2533/1175/1 2535/1174/1
f 2515/1179/1 2551/1177/1 2514/1172/1
f 2537/1180/1 2533/1175/1 2536/1178/1
f 2515/1179/1 2550/1181/1 2551/1177/1
f 2538/1182/1 2533/1175/1 2537/1180/1
f 2539/1183/1 2533/1175/1 2538/1182/1
f 2515/1179/1 2549/1184/1 2550/1181/1
f 2540/1185/1 2533/1175/1 2539/1183/1
f 2516/1186/1 2549/1184/1 2515/1179/1
f 2541/1187/1 2533/1175/1 2540/1185/1
f 2516/1186/1 2548/1188/1 2549/1184/1
f 2542/1189/1 2533/1175/1 2541/1187/1
f 2543/1190/1 2533/1175/1 2542/1189/1
f 2516/1186/1 2547/1191/1 2548/1188/1
f 2544/1192/1 2533/1175/1 2543/1190/1
f 2545/1193/1 2533/1175/1 2544/1192/1
f 2516/1186/1 2546/1194/1 2547/1191/1
f 2546/1194/1 2533/1175/1 2545/1193/1
f 2516/1186/1 2533/1175/1 2546/1194/1
f 2517/1195/1 2533/1175/1 2516/1186/1
f 2517/1195/1 2532/1196/1 2533/1175/1
f 2518/1197/1 2532/1196/1 2517/1195/1
f 2518/1197/1 2531/1198/1 2532/1196/1
f 2518/1197/1 2530/1199/1 2531/1198/1
f 2518/1197/1 2529/1200/1 2530/1199/1
f 2519/1201/1 2529/1200/1 2518/1197/1
f 2519/1201/1 2528/1202/1 2529/1200/1
f 2519/1201/1 2527/1203/1 2528/1202/1
f 2519/1201/1 2526/1204/1 2527/1203/1
f 2520/1205/1 2526/1204/1 2519/1201/1
f 2520/1205/1 2525/1206/1 2526/1204/1
f 2520/1205/1 2524/1207/1 2525/1206/1
f 2520/1205/1 2523/1208/1 2524/1207/1
f 2521/1209/1 2523/1208/1 2520/1205/1
f 2521/1209/3 2522/1210/3 2523/1208/3
f 2592/1211/1 2663/1212/1 2591/84/1
f 2593/1213/1 2663/1212/1 2592/1211/1
f 2594/1214/1 2663/1212/1 2593/1213/1
f 2594/1214/1 2662/1215/1 2663/1212/1
f 2594/1214/1 2661/1216/1 2662/1215/1
f 2595/1217/1 2661/1216/1 2594/1214/1
f 2595/1217/1 2660/1218/1 2661/1216/1
f 2595/1217/1 2659/1219/1 2660/1218/1
f 2596/1220/1 2659/1219/1 2595/1217/1
f 2596/1220/1 2658/1221/1 2659/1219/1
f 2596/1220/1 2657/1222/1 2658/1221/1
f 2597/1223/1 2657/1222/1 2596/1220/1
f 2597/1223/1 2656/1224/1 2657/1222/1
f 2597/1223/1 2655/1225/1 2656/1224/1
f 2598/1226/1 2655/1225/1 2597/1223/1
f 2598/1226/1 2654/1227/1 2655/1225/1
f 2599/1228/1 2654/1227/1 2598/1226/1
f 2599/1228/1 2653/1229/1 2654/1227/1
f 2599/1228/1 2652/1230/1 2653/1229/1
f 2600/1231/1 2652/1230/1 2599/1228/1
f 2640/1232/3 2638/1233/3 2639/1234/3
f 2641/1235/2 2638/1233/2 2640/1232/2
f 2642/1236/3 2638/1233/3 2641/1235/3
f 2642/1236/1 2637/1237/1 2638/1233/1
f 2643/1238/1 2637/1237/1 2642/1236/1
f 2644/1239/1 2637/1237/1 2643/1238/1
f 2600/1231/1 2651/27/1 2652/1230/1
f 2645/1240/1 2637/1237/1 2644/1239/1
f 2645/1240/1 2636/13/1 2637/1237/1
f 2646/1241/1 2636/13/1 2645/1240/1
f 2647/1242/1 2636/13/1 2646/1241/1
f 2648/1243/1 2636/13/1 2647/1242/1
f 2648/1243/1 2635/1244/1 2636/13/1
f 2649/1245/1 2635/1244/1 2648/1243/1
f 2650/1246/1 2635/1244/1 2649/1245/1
f 2651/27/1 2635/1244/1 2650/1246/1
f 2651/27/1 2634/1247/1 2635/1244/1
f 2600/1231/1 2634/1247/1 2651/27/1
f 2601/1248/1 2634/1247/1 2600/1231/1
f 2601/1248/1 2633/1249/1 2634/1247/1
f 2601/1248/1 2632/1250/1 2633/1249/1
f 2602/1251/1 2673/1252/1 2601/1248/1
f 2673/1252/3 2674/1253/3 2601/1248/3
f 2674/1253/1 2632/1250/1 2601/1248/1
f 2674/1253/269 2675/1254/269 2632/1250/269
f 2675/1254/1 2676/1255/1 2632/1250/1
f 2676/1255/1 2631/1004/1 2632/1250/1
f 2677/1256/1 2631/1004/1 2676/1255/1
f 2678/1257/1 2631/1004/1 2677/1256/1
f 2602/1251/2 2672/1258/2 2673/1252/2
f 2602/1251/3 2671/1003/3 2672/1258/3
f 2679/1259/1 2631/1004/1 2678/1257/1
f 2679/1259/1 2630/1260/1 2631/1004/1
f 2602/1251/1 2670/1261/1 2671/1003/1
f 2602/1251/1 2669/1262/1 2670/1261/1
f 2680/1263/1 2630/1260/1 2679/1259/1
f 2602/1251/1 2668/1264/1 2669/1262/1
f 2681/56/1 2630/1260/1 2680/1263/1
f 2602/1251/1 2667/1265/1 2668/1264/1
f 2602/1251/1 2666/40/1 2667/1265/1
f 2682/1266/1 2630/1260/1 2681/56/1
f 2602/1251/1 2665/1267/1 2666/40/1
f 2603/1268/1 2665/1267/1 2602/1251/1
f 2682/1266/1 2629/1269/1 2630/1260/1
f 2603/1268/1 2664/1270/1 2665/1267/1
f 2683/1271/1 2629/1269/1 2682/1266/1
f 2603/1268/1 2711/85/1 2664/1270/1
f 2684/1272/1 2629/1269/1 2683/1271/1
f 2685/1273/1 2629/1269/1 2684/1272/1
f 2685/1273/1 2628/1274/1 2629/1269/1
f 2603/1268/1 2710/1275/1 2711/85/1
f 2686/1276/1 2628/1274/1 2685/1273/1
f 2604/1277/1 2710/1275/1 2603/1268/1
f 2687/1278/1 2628/1274/1 2686/1276/1
f 2687/1278/1 2627/1279/1 2628/1274/1
f 2604/1277/1 2709/1280/1 2710/1275/1
f 2688/1281/1 2627/1279/1 2687/1278/1
f 2605/1282/1 2709/1280/1 2604/1277/1
f 2689/1283/1 2627/1279/1 2688/1281/1
f 2689/1283/1 2626/1284/1 2627/1279/1
f 2605/1282/1 2708/1285/1 2709/1280/1
f 2690/1286/1 2626/1284/1 2689/1283/1
f 2605/1282/1 2707/1287/1 2708/1285/1
f 2690/1286/1 2625/1288/1 2626/1284/1
f 2606/54/1 2707/1287/1 2605/1282/1
f 2691/1289/1 2625/1288/1 2690/1286/1
f 2692/1290/1 2625/1288/1 2691/1289/1
f 2606/54/1 2706/1291/1 2707/1287/1
f 2692/1290/1 2624/1292/1 2625/1288/1
f 2693/1293/1 2624/1292/1 2692/1290/1
f 2607/1294/1 2706/1291/1 2606/54/1
f 2607/1294/1 2705/1295/1 2706/1291/1
f 2694/1296/1 2624/1292/1 2693/1293/1
f 2607/1294/1 2704/1297/1 2705/1295/1
f 2694/1296/1 2623/1298/1 2624/1292/1
f 2695/1299/1 2623/1298/1 2694/1296/1
f 2608/1300/1 2704/1297/1 2607/1294/1
f 2608/1300/1 2703/1301/1 2704/1297/1
f 2696/73/1 2623/1298/1 2695/1299/1
f 2697/1302/1 2623/1298/1 2696/73/1
f 2608/1300/1 2702/1303/1 2703/1301/1
f 2697/1302/1 2622/1304/1 2623/1298/1
f 2698/1305/1 2622/1304/1 2697/1302/1
f 2608/1300/1 2701/1306/1 2702/1303/1
f 2699/1307/1 2622/1304/1 2698/1305/1
f 2608/1300/1 2700/1308/1 2701/1306/1
f 2700/1308/1 2622/1304/1 2699/1307/1
f 2608/1300/1 2622/1304/1 2700/1308/1
f 2609/1309/1 2622/1304/1 2608/1300/1
f 2609/1309/1 2621/8/1 2622/1304/1
f 2610/1310/1 2621/8/1 2609/1309/1
f 2610/1310/1 2620/1311/1 2621/8/1
f 2611/1312/1 2620/1311/1 2610/1310/1
f 2611/1312/1 2619/1313/1 2620/1311/1
f 2612/1314/1 2619/1313/1 2611/1312/1
f 2612/1314/1 2618/1315/1 2619/1313/1
f 2613/1316/1 2618/1315/1 2612/1314/1
f 2613/1316/1 2617/1317/1 2618/1315/1
f 2614/1318/1 2617/1317/1 2613/1316/1
f 2614/1318/1 2616/1319/1 2617/1317/1
f 2615/1320/2 2616/1319/2 2614/1318/2
f 2765/90/1 2763/91/1 2764/92/1
f 2765/90/1 2762/93/1 2763/91/1
f 2714/94/1 2712/84/1 2713/95/1
f 2714/94/1 2789/85/1 2712/84/1
f 2715/96/1 2789/85/1 2714/94/1
f 2765/90/1 2761/41/1 2762/93/1
f 2716/97/1 2789/85/1 2715/96/1
f 2716/97/1 2788/98/1 2789/85/1
f 2765/90/1 2760/99/1 2761/41/1
f 2766/100/1 2760/99/1 2765/90/1
f 2717/101/1 2788/98/1 2716/97/1
f 2766/100/1 2759/102/1 2760/99/1
f 2718/103/1 2788/98/1 2717/101/1
f 2766/100/1 2758/104/1 2759/102/1
f 2718/103/1 2787/105/1 2788/98/1
f 2719/64/1 2787/105/1 2718/103/1
f 2766/100/1 2757/106/1 2758/104/1
f 2767/107/1 2757/106/1 2766/100/1
f 2720/108/1 2787/105/1 2719/64/1
f 2767/107/1 2756/109/1 2757/106/1
f 2721/110/1 2787/105/1 2720/108/1
f 2767/107/1 2755/111/1 2756/109/1
f 2721/110/1 2786/112/1 2787/105/1
f 2722/113/1 2786/112/1 2721/110/1
f 2767/107/1 2754/31/1 2755/111/1
f 2723/114/1 2786/112/1 2722/113/1
f 2768/53/1 2754/31/1 2767/107/1
f 2768/53/1 2753/115/1 2754/31/1
f 2724/116/1 2786/112/1 2723/114/1
f 2768/53/1 2752/117/1 2753/115/1
f 2768/53/1 2751/118/1 2752/117/1
f 2725/119/1 2786/112/1 2724/116/1
f 2725/119/1 2785/120/1 2786/112/1
f 2768/53/1 2750/121/1 2751/118/1
f 2726/38/1 2785/120/1 2725/119/1
f 2768/53/1 2749/122/1 2750/121/1
f 2769/123/1 2749/122/1 2768/53/1
f 2727/124/1 2785/120/1 2726/38/1
f 2769/123/1 2748/125/1 2749/122/1
f 2728/126/1 2785/120/1 2727/124/1
f 2728/126/1 2784/127/1 2785/120/1
f 2769/123/1 2747/23/1 2748/125/1
f 2729/128/1 2784/127/1 2728/126/1
f 2730/129/1 2784/127/1 2729/128/1
f 2769/123/1 2746/130/1 2747/23/1
f 2731/131/1 2784/127/1 2730/129/1
f 2769/123/1 2745/132/1 2746/130/1
f 2770/133/1 2745/132/1 2769/123/1
f 2732/134/1 2784/127/1 2731/131/1
f 2770/133/1 2744/135/1 2745/132/1
f 2733/2/1 2784/127/1 2732/134/1
f 2770/133/1 2743/136/1 2744/135/1
f 2733/2/1 2783/137/1 2784/127/1
f 2734/138/1 2783/137/1 2733/2/1
f 2770/133/1 2742/139/1 2743/136/1
f 2735/140/1 2783/137/1 2734/138/1
f 2770/133/1 2741/141/1 2742/139/1
f 2736/142/1 2783/137/1 2735/140/1
f 2770/133/1 2740/12/1 2741/141/1
f 2737/143/1 2783/137/1 2736/142/1
f 2770/133/1 2739/144/1 2740/12/1
f 2738/145/1 2783/137/1 2737/143/1
f 2770/133/2 2738/145/2 2739/144/2
f 2770/133/1 2783/137/1 2738/145/1
f 2771/146/1 2783/137/1 2770/133/1
f 2771/146/1 2782/78/1 2783/137/1
f 2772/147/1 2782/78/1 2771/146/1
f 2772/147/1 2781/148/1 2782/78/1
f 2773/149/1 2781/148/1 2772/147/1
f 2773/149/1 2780/150/1 2781/148/1
f 2774/151/1 2780/150/1 2773/149/1
f 2774/151/1 2779/152/1 2780/150/1
f 2775/65/1 2779/152/1 2774/151/1
f 2775/65/1 2778/153/1 2779/152/1
f 2776/154/1 2778/153/1 2775/65/1
f 2776/154/1 2777/155/1 2778/153/1
f 2944/1003/1 2942/84/1 2943/1004/1
f 2944/1003/1 2945/85/1 2942/84/1
f 2947/1345/1 2975/1346/1 2946/84/1
f 2975/1346/1 2974/1347/1 2946/84/1
f 2975/1346/1 2973/1348/1 2974/1347/1
f 2975/1346/1 2972/1349/1 2973/1348/1
f 2975/1346/1 2971/23/1 2972/1349/1
f 2975/1346/1 2970/1350/1 2971/23/1
f 2975/1346/1 2969/1351/1 2970/1350/1
f 2975/1346/1 2968/1234/1 2969/1351/1
f 2975/1346/1 2967/1352/1 2968/1234/1
f 2975/1346/1 2976/31/1 2967/1352/1
f 2976/31/1 2966/12/1 2967/1352/1
f 2947/1345/1 3001/85/1 2975/1346/1
f 2977/1353/1 2966/12/1 2976/31/1
f 2978/1354/1 2966/12/1 2977/1353/1
f 2979/1212/1 2966/12/1 2978/1354/1
f 2979/1212/1 2965/1355/1 2966/12/1
f 2980/1356/1 2965/1355/1 2979/1212/1
f 2981/41/1 2965/1355/1 2980/1356/1
f 2982/1357/1 2965/1355/1 2981/41/1
f 2982/1357/1 2964/1358/1 2965/1355/1
f 2983/1359/1 2964/1358/1 2982/1357/1
f 2984/1360/1 2964/1358/1 2983/1359/1
f 2985/1361/1 2964/1358/1 2984/1360/1
f 2985/1361/1 2963/1362/1 2964/1358/1
f 2986/53/1 2963/1362/1 2985/1361/1
f 2987/1363/1 2963/1362/1 2986/53/1
f 2987/1363/1 2962/1364/1 2963/1362/1
f 2988/1365/1 2962/1364/1 2987/1363/1
f 2989/1366/1 2962/1364/1 2988/1365/1
f 2989/1366/1 2961/2/1 2962/1364/1
f 2990/1278/1 2961/2/1 2989/1366/1
f 2990/1278/1 2960/1367/1 2961/2/1
f 2991/65/1 2960/1367/1 2990/1278/1
f 2992/1368/1 2960/1367/1 2991/65/1
f 2992/1368/1 2959/1369/1 2960/1367/1
f 2993/1370/1 2959/1369/1 2992/1368/1
f 2994/1371/1 2959/1369/1 2993/1370/1
f 2994/1371/1 2958/1372/1 2959/1369/1
f 2995/1373/1 2958/1372/1 2994/1371/1
f 2996/78/1 2958/1372/1 2995/1373/1
f 2997/1374/1 2958/1372/1 2996/78/1
f 2998/1375/1 2958/1372/1 2997/1374/1
f 2998/1375/1 2957/1320/1 2958/1372/1
f 2999/1376/1 2957/1320/1 2998/1375/1
f 3000/1377/1 2957/1320/1 2999/1376/1
f 2947/1345/1 2949/1378/1 3001/85/1
f 2949/1378/1 3000/1377/1 3001/85/1
f 2949/1378/1 2957/1320/1 3000/1377/1
f 2949/1378/1 2956/38/1 2957/1320/1
f 2949/1378/1 2955/1379/1 2956/38/1
f 2949/1378/1 2954/1380/1 2955/1379/1
f 2949/1378/1 2953/1381/1 2954/1380/1
f 2949/1378/1 2952/1382/1 2953/1381/1
f 2949/1378/1 2951/64/1 2952/1382/1
f 2949/1378/1 2950/1383/1 2951/64/1
f 2947/1345/1 2948/1384/1 2949/1378/1
f 3004/138/1 3002/84/1 3003/114/1
f 3004/138/1 3009/85/1 3002/84/1
f 3005/132/286 3009/85/286 3004/138/286
f 3006/109/1 3008/153/1 3005/132/1
f 3008/153/287 3009/85/287 3005/132/287
f 3006/109/1 3007/107/1 3008/153/1
f 3019/84/1 3021/84/1 3022/84/1 3023/84/1 3020/84/1 3024/84/1 3026/84/1 3027/84/1 3028/84/1 3025/84/1 3014/84/1 3016/84/1 3017/84/1 3018/84/1 3015/84/1
s 1
usemtl Material.001
f 177/169/8 182/170/8 172/85/8 168/84/8
f 174/157/1 171/158/1 181/171/1 185/172/1
f 185/172/1 181/171/1 180/173/1 186/174/1
f 186/174/1 180/173/1 178/169/1 187/170/1
f 170/158/8 173/157/8 184/172/8 175/171/8
f 175/171/8 184/172/8 183/174/8 176/173/8
f 176/173/8 183/174/8 182/170/8 177/169/8
f 202/189/7 188/184/7 190/190/13 191/191/13
f 197/270/1 179/271/1 220/272/1 222/273/1 223/274/1 221/275/1 216/276/1 218/277/1 219/278/1 217/279/1 212/280/1 214/281/1 215/282/1 213/283/1 208/284/1 210/285/1 211/286/1 209/287/1 204/288/1 206/289/1 207/290/1 205/291/1 169/292/1 203/293/1 196/294/1
f 190/297/1 188/292/1 224/298/1 226/299/1 227/300/1 225/288/1 228/301/1 230/302/1 231/303/1 229/304/1 232/305/1 234/306/1 235/307/1 233/308/1 236/279/1 238/309/1 239/310/1 237/311/1 240/275/1 242/312/1 243/313/1 241/314/1 189/271/1 193/315/1 192/316/1
f 191/317/1 187/170/1 178/169/1 198/318/1 199/319/1 244/320/1 246/321/1 247/322/1 245/323/1 256/324/1 258/325/1 259/326/1 257/327/1 248/328/1 250/329/1 251/330/1 249/331/1 252/332/1 254/333/1 255/334/1 253/335/1 264/336/1 266/337/1 267/338/1 265/339/1 200/340/1 195/341/1 194/342/1 201/343/1 260/344/1 262/345/1 263/346/1 261/347/1 268/348/1 270/349/1 271/350/1 269/351/1 272/352/1 274/353/1 275/354/1 273/355/1 280/356/1 282/357/1 283/358/1 281/359/1 276/360/1 278/361/1 279/362/1 277/363/1 202/364/1
usemtl Material.005
f 175/56/4 181/156/4 171/157/4 170/85/4
f 170/84/5 171/158/5 174/157/5 173/85/5
f 192/159/6 172/84/6 182/8/6 187/160/6 191/161/6 190/162/6
f 196/163/7 168/84/7 172/85/7 192/164/7 193/165/7 194/166/7 195/167/7 197/168/7
f 173/85/6 174/157/6 185/156/6 184/56/6
f 184/56/6 185/156/6 186/175/6 183/27/6
f 183/27/6 186/175/6 187/160/6 182/8/6
f 198/176/4 178/160/4 177/8/4 168/84/4 196/163/4 203/177/4
f 177/8/4 178/160/4 180/175/4 176/27/4
f 176/27/4 180/175/4 181/156/4 175/56/4
f 179/178/9 197/179/4 195/180/4 200/181/9
f 198/182/10 203/183/10 169/184/7 199/185/7
f 194/186/11 193/187/11 189/178/12 201/188/12
f 204/192/14 245/193/14 247/194/15 206/195/15
f 206/195/15 247/194/15 246/196/16 207/197/16
f 207/197/16 246/196/16 244/198/17 205/199/17
f 208/200/18 257/201/18 259/202/19 210/203/19
f 210/203/19 259/202/19 258/204/20 211/205/20
f 211/205/20 258/204/20 256/206/21 209/207/21
f 212/208/22 249/209/22 251/210/23 214/211/23
f 214/211/23 251/210/23 250/212/24 215/213/24
f 215/213/24 250/212/24 248/214/25 213/215/25
f 216/216/26 253/217/26 255/218/27 218/219/27
f 218/219/27 255/218/27 254/220/28 219/221/28
f 219/221/28 254/220/28 252/222/29 217/223/29
f 220/224/30 265/225/30 267/226/31 222/227/31
f 222/227/31 267/226/31 266/228/32 223/229/32
f 223/229/32 266/228/32 264/230/33 221/231/33
f 224/199/34 277/232/34 279/233/35 226/234/35
f 226/234/35 279/233/35 278/235/36 227/236/36
f 227/236/36 278/235/36 276/237/37 225/238/37
f 228/239/38 281/240/38 283/241/39 230/242/39
f 230/242/39 283/241/39 282/243/40 231/244/40
f 231/244/40 282/243/40 280/245/41 229/246/41
f 232/247/42 273/248/42 275/249/43 234/250/43
f 234/250/43 275/249/43 274/251/44 235/252/44
f 235/252/44 274/251/44 272/253/45 233/208/45
f 236/254/46 269/255/46 271/256/47 238/257/47
f 238/257/47 271/256/47 270/258/48 239/259/48
f 239/259/48 270/258/48 268/260/49 237/261/49
f 240/262/50 261/263/50 263/264/51 242/265/51
f 242/265/51 263/264/51 262/266/52 243/267/52
f 243/267/52 262/266/52 260/268/53 241/269/53
f 199/295/7 169/174/7 205/199/17 244/198/17
f 245/193/14 204/192/14 209/207/21 256/206/21
f 257/201/18 208/200/18 213/215/25 248/214/25
f 249/209/22 212/208/22 217/223/29 252/222/29
f 216/216/26 221/231/33 264/230/33 253/217/26
f 220/224/30 179/178/9 200/181/9 265/225/30
f 281/240/38 228/239/38 225/238/37 276/237/37
f 277/232/34 224/199/34 188/174/7 202/296/7
f 273/248/42 232/247/42 229/246/41 280/245/41
f 269/255/46 236/254/46 233/208/45 272/253/45
f 261/263/50 240/262/50 237/261/49 268/260/49
f 201/188/12 189/178/12 241/269/53 260/268/53
f 1048/916/193 1049/917/193 1043/386/193 1041/40/193
f 1049/917/194 1050/918/194 1047/715/194 1043/386/194
f 1050/918/195 1051/919/195 1045/717/195 1047/715/195
f 1051/919/196 1048/920/196 1041/371/196 1045/717/196
f 1043/386/197 1053/386/197 1052/40/197 1041/40/197
f 1044/612/7 1040/372/7 1048/920/7 1051/919/7
f 1046/613/4 1044/612/4 1051/919/4 1050/918/4
f 1042/619/5 1046/613/5 1050/918/5 1049/917/5
f 1040/13/6 1042/619/6 1049/917/6 1048/916/6
f 1055/717/198 1059/717/198 1058/715/198 1054/715/198
f 1041/371/199 1052/371/199 1055/717/199 1045/717/199
f 1047/715/200 1054/715/200 1053/386/200 1043/386/200
f 1045/717/201 1055/717/201 1054/715/201 1047/715/201
f 1058/715/1 1059/717/1 1056/726/1 1057/725/1
f 1053/386/202 1057/386/202 1056/40/202 1052/40/202
f 1052/371/203 1056/371/203 1059/717/203 1055/717/203
f 1054/715/204 1058/715/204 1057/386/204 1053/386/204
f 1100/916/193 1101/917/193 1095/386/193 1093/40/193
f 1101/917/194 1102/918/194 1099/715/194 1095/386/194
f 1102/918/195 1103/919/195 1097/717/195 1099/715/195
f 1103/919/196 1100/920/196 1093/371/196 1097/717/196
f 1095/386/197 1105/386/197 1104/40/197 1093/40/197
f 1096/612/7 1092/372/7 1100/920/7 1103/919/7
f 1098/613/4 1096/612/4 1103/919/4 1102/918/4
f 1094/619/5 1098/613/5 1102/918/5 1101/917/5
f 1092/13/6 1094/619/6 1101/917/6 1100/916/6
f 1107/717/198 1111/717/198 1110/715/198 1106/715/198
f 1093/371/199 1104/371/199 1107/717/199 1097/717/199
f 1099/715/200 1106/715/200 1105/386/200 1095/386/200
f 1097/717/201 1107/717/201 1106/715/201 1099/715/201
f 1110/715/1 1111/717/1 1108/726/1 1109/725/1
f 1105/386/202 1109/386/202 1108/40/202 1104/40/202
f 1104/371/203 1108/371/203 1111/717/203 1107/717/203
f 1106/715/204 1110/715/204 1109/386/204 1105/386/204
f 1152/916/193 1153/917/193 1147/386/193 1145/40/193
f 1153/917/194 1154/918/194 1151/715/194 1147/386/194
f 1154/918/195 1155/919/195 1149/717/195 1151/715/195
f 1155/919/196 1152/920/196 1145/371/196 1149/717/196
f 1147/386/197 1157/386/197 1156/40/197 1145/40/197
f 1148/612/7 1144/372/7 1152/920/7 1155/919/7
f 1150/613/4 1148/612/4 1155/919/4 1154/918/4
f 1146/619/5 1150/613/5 1154/918/5 1153/917/5
f 1144/13/6 1146/619/6 1153/917/6 1152/916/6
f 1159/717/198 1163/717/198 1162/715/198 1158/715/198
f 1145/371/199 1156/371/199 1159/717/199 1149/717/199
f 1151/715/200 1158/715/200 1157/386/200 1147/386/200
f 1149/717/201 1159/717/201 1158/715/201 1151/715/201
f 1162/715/1 1163/717/1 1160/726/1 1161/725/1
f 1157/386/202 1161/386/202 1160/40/202 1156/40/202
f 1156/371/203 1160/371/203 1163/717/203 1159/717/203
f 1158/715/204 1162/715/204 1161/386/204 1157/386/204
f 1204/916/193 1205/917/193 1199/386/193 1197/40/193
f 1205/917/194 1206/918/194 1203/715/194 1199/386/194
f 1206/918/195 1207/919/195 1201/717/195 1203/715/195
f 1207/919/196 1204/920/196 1197/371/196 1201/717/196
f 1199/386/197 1209/386/197 1208/40/197 1197/40/197
f 1200/612/7 1196/372/7 1204/920/7 1207/919/7
f 1202/613/4 1200/612/4 1207/919/4 1206/918/4
f 1198/619/5 1202/613/5 1206/918/5 1205/917/5
f 1196/13/6 1198/619/6 1205/917/6 1204/916/6
f 1211/717/198 1215/717/198 1214/715/198 1210/715/198
f 1197/371/199 1208/371/199 1211/717/199 1201/717/199
f 1203/715/200 1210/715/200 1209/386/200 1199/386/200
f 1201/717/201 1211/717/201 1210/715/201 1203/715/201
f 1214/715/1 1215/717/1 1212/726/1 1213/725/1
f 1209/386/202 1213/386/202 1212/40/202 1208/40/202
f 1208/371/203 1212/371/203 1215/717/203 1211/717/203
f 1210/715/204 1214/715/204 1213/386/204 1209/386/204
f 1256/916/193 1257/917/193 1251/386/193 1249/40/193
f 1257/917/194 1258/918/194 1255/715/194 1251/386/194
f 1258/918/195 1259/919/195 1253/717/195 1255/715/195
f 1259/919/196 1256/920/196 1249/371/196 1253/717/196
f 1251/386/197 1261/386/197 1260/40/197 1249/40/197
f 1252/612/7 1248/372/7 1256/920/7 1259/919/7
f 1254/613/4 1252/612/4 1259/919/4 1258/918/4
f 1250/619/5 1254/613/5 1258/918/5 1257/917/5
f 1248/13/6 1250/619/6 1257/917/6 1256/916/6
f 1263/717/198 1267/717/198 1266/715/198 1262/715/198
f 1249/371/199 1260/371/199 1263/717/199 1253/717/199
f 1255/715/200 1262/715/200 1261/386/200 1251/386/200
f 1253/717/201 1263/717/201 1262/715/201 1255/715/201
f 1266/715/1 1267/717/1 1264/726/1 1265/725/1
f 1261/386/202 1265/386/202 1264/40/202 1260/40/202
f 1260/371/203 1264/371/203 1267/717/203 1263/717/203
f 1262/715/204 1266/715/204 1265/386/204 1261/386/204
f 1308/916/193 1309/917/193 1303/386/193 1301/40/193
f 1309/917/194 1310/918/194 1307/715/194 1303/386/194
f 1310/918/195 1311/919/195 1305/717/195 1307/715/195
f 1311/919/196 1308/920/196 1301/371/196 1305/717/196
f 1303/386/197 1313/386/197 1312/40/197 1301/40/197
f 1304/612/7 1300/372/7 1308/920/7 1311/919/7
f 1306/613/4 1304/612/4 1311/919/4 1310/918/4
f 1302/619/5 1306/613/5 1310/918/5 1309/917/5
f 1300/13/6 1302/619/6 1309/917/6 1308/916/6
f 1315/717/198 1319/717/198 1318/715/198 1314/715/198
f 1301/371/199 1312/371/199 1315/717/199 1305/717/199
f 1307/715/200 1314/715/200 1313/386/200 1303/386/200
f 1305/717/201 1315/717/201 1314/715/201 1307/715/201
f 1318/715/1 1319/717/1 1316/726/1 1317/725/1
f 1313/386/202 1317/386/202 1316/40/202 1312/40/202
f 1312/371/203 1316/371/203 1319/717/203 1315/717/203
f 1314/715/204 1318/715/204 1317/386/204 1313/386/204
f 1360/916/193 1361/917/193 1355/386/193 1353/40/193
f 1361/917/194 1362/918/194 1359/715/194 1355/386/194
f 1362/918/195 1363/919/195 1357/717/195 1359/715/195
f 1363/919/196 1360/920/196 1353/371/196 1357/717/196
f 1355/386/197 1365/386/197 1364/40/197 1353/40/197
f 1356/612/7 1352/372/7 1360/920/7 1363/919/7
f 1358/613/4 1356/612/4 1363/919/4 1362/918/4
f 1354/619/5 1358/613/5 1362/918/5 1361/917/5
f 1352/13/6 1354/619/6 1361/917/6 1360/916/6
f 1367/717/198 1371/717/198 1370/715/198 1366/715/198
f 1353/371/199 1364/371/199 1367/717/199 1357/717/199
f 1359/715/200 1366/715/200 1365/386/200 1355/386/200
f 1357/717/201 1367/717/201 1366/715/201 1359/715/201
f 1370/715/1 1371/717/1 1368/726/1 1369/725/1
f 1365/386/202 1369/386/202 1368/40/202 1364/40/202
f 1364/371/203 1368/371/203 1371/717/203 1367/717/203
f 1366/715/204 1370/715/204 1369/386/204 1365/386/204
f 1412/916/193 1413/917/193 1407/386/193 1405/40/193
f 1413/917/194 1414/918/194 1411/715/194 1407/386/194
f 1414/918/195 1415/919/195 1409/717/195 1411/715/195
f 1415/919/196 1412/920/196 1405/371/196 1409/717/196
f 1407/386/197 1417/386/197 1416/40/197 1405/40/197
f 1408/612/7 1404/372/7 1412/920/7 1415/919/7
f 1410/613/4 1408/612/4 1415/919/4 1414/918/4
f 1406/619/5 1410/613/5 1414/918/5 1413/917/5
f 1404/13/6 1406/619/6 1413/917/6 1412/916/6
f 1419/717/198 1423/717/198 1422/715/198 1418/715/198
f 1405/371/199 1416/371/199 1419/717/199 1409/717/199
f 1411/715/200 1418/715/200 1417/386/200 1407/386/200
f 1409/717/201 1419/717/201 1418/715/201 1411/715/201
f 1422/715/1 1423/717/1 1420/726/1 1421/725/1
f 1417/386/202 1421/386/202 1420/40/202 1416/40/202
f 1416/371/203 1420/371/203 1423/717/203 1419/717/203
f 1418/715/204 1422/715/204 1421/386/204 1417/386/204
f 1450/921/205 1466/922/206 1471/923/207
f 1451/924/208 1467/925/209 1473/926/210
f 1452/927/211 1468/928/212 1474/929/213
f 1453/930/214 1469/931/215 1475/932/216
f 1454/933/217 1470/934/218 1472/935/219
f 1472/935/219 1475/936/216 1455/937/1
f 1472/935/219 1470/934/218 1475/936/216
f 1470/934/218 1453/930/214 1475/936/216
f 1475/932/216 1474/938/213 1455/939/1
f 1475/932/216 1469/931/215 1474/938/213
f 1469/931/215 1452/927/211 1474/938/213
f 1474/929/213 1473/940/210 1455/941/1
f 1474/929/213 1468/928/212 1473/940/210
f 1468/928/212 1451/942/208 1473/940/210
f 1473/926/210 1471/943/207 1455/944/1
f 1473/926/210 1467/925/209 1471/943/207
f 1467/925/209 1450/921/205 1471/943/207
f 1471/923/207 1472/945/219 1455/946/1
f 1471/923/207 1466/922/206 1472/945/219
f 1466/922/206 1454/933/217 1472/945/219
f 1457/947/220 1470/934/218 1454/933/217
f 1457/947/220 1464/948/221 1470/934/218
f 1464/948/221 1453/930/214 1470/934/218
f 1465/949/222 1469/931/215 1453/930/214
f 1465/949/222 1462/950/223 1469/931/215
f 1462/950/223 1452/927/211 1469/931/215
f 1463/951/224 1468/928/212 1452/927/211
f 1463/951/224 1460/952/225 1468/928/212
f 1460/952/225 1451/942/208 1468/928/212
f 1461/953/226 1467/925/209 1451/924/208
f 1461/953/226 1458/954/227 1467/925/209
f 1458/954/227 1450/921/205 1467/925/209
f 1459/955/228 1466/922/206 1450/921/205
f 1459/955/228 1456/956/229 1466/922/206
f 1456/956/229 1454/933/217 1466/922/206
f 1464/948/221 1465/949/222 1453/930/214
f 1462/950/223 1463/951/224 1452/927/211
f 1460/952/225 1461/957/226 1451/942/208
f 1458/954/227 1459/955/228 1450/921/205
f 1456/956/229 1457/947/220 1454/933/217
f 1476/921/205 1492/922/206 1497/923/207
f 1477/924/208 1493/925/209 1499/926/210
f 1478/927/211 1494/928/212 1500/929/213
f 1479/930/214 1495/931/215 1501/932/216
f 1480/933/217 1496/934/218 1498/935/219
f 1498/935/219 1501/936/216 1481/937/1
f 1498/935/219 1496/934/218 1501/936/216
f 1496/934/218 1479/930/214 1501/936/216
f 1501/932/216 1500/938/213 1481/939/1
f 1501/932/216 1495/931/215 1500/938/213
f 1495/931/215 1478/927/211 1500/938/213
f 1500/929/213 1499/940/210 1481/941/1
f 1500/929/213 1494/928/212 1499/940/210
f 1494/928/212 1477/942/208 1499/940/210
f 1499/926/210 1497/943/207 1481/944/1
f 1499/926/210 1493/925/209 1497/943/207
f 1493/925/209 1476/921/205 1497/943/207
f 1497/923/207 1498/945/219 1481/946/1
f 1497/923/207 1492/922/206 1498/945/219
f 1492/922/206 1480/933/217 1498/945/219
f 1483/947/220 1496/934/218 1480/933/217
f 1483/947/220 1490/948/221 1496/934/218
f 1490/948/221 1479/930/214 1496/934/218
f 1491/949/222 1495/931/215 1479/930/214
f 1491/949/222 1488/950/223 1495/931/215
f 1488/950/223 1478/927/211 1495/931/215
f 1489/951/224 1494/928/212 1478/927/211
f 1489/951/224 1486/952/225 1494/928/212
f 1486/952/225 1477/942/208 1494/928/212
f 1487/953/226 1493/925/209 1477/924/208
f 1487/953/226 1484/954/227 1493/925/209
f 1484/954/227 1476/921/205 1493/925/209
f 1485/955/228 1492/922/206 1476/921/205
f 1485/955/228 1482/956/229 1492/922/206
f 1482/956/229 1480/933/217 1492/922/206
f 1490/948/221 1491/949/222 1479/930/214
f 1488/950/223 1489/951/224 1478/927/211
f 1486/952/225 1487/957/226 1477/942/208
f 1484/954/227 1485/955/228 1476/921/205
f 1482/956/229 1483/947/220 1480/933/217
f 1502/921/205 1518/922/206 1523/923/207
f 1503/924/208 1519/925/209 1525/926/210
f 1504/927/211 1520/928/212 1526/929/213
f 1505/930/214 1521/931/215 1527/932/216
f 1506/933/217 1522/934/218 1524/935/219
f 1524/935/219 1527/936/216 1507/937/1
f 1524/935/219 1522/934/218 1527/936/216
f 1522/934/218 1505/930/214 1527/936/216
f 1527/932/216 1526/938/213 1507/939/1
f 1527/932/216 1521/931/215 1526/938/213
f 1521/931/215 1504/927/211 1526/938/213
f 1526/929/213 1525/940/210 1507/941/1
f 1526/929/213 1520/928/212 1525/940/210
f 1520/928/212 1503/942/208 1525/940/210
f 1525/926/210 1523/943/207 1507/944/1
f 1525/926/210 1519/925/209 1523/943/207
f 1519/925/209 1502/921/205 1523/943/207
f 1523/923/207 1524/945/219 1507/946/1
f 1523/923/207 1518/922/206 1524/945/219
f 1518/922/206 1506/933/217 1524/945/219
f 1509/947/220 1522/934/218 1506/933/217
f 1509/947/220 1516/948/221 1522/934/218
f 1516/948/221 1505/930/214 1522/934/218
f 1517/949/222 1521/931/215 1505/930/214
f 1517/949/222 1514/950/223 1521/931/215
f 1514/950/223 1504/927/211 1521/931/215
f 1515/951/224 1520/928/212 1504/927/211
f 1515/951/224 1512/952/225 1520/928/212
f 1512/952/225 1503/942/208 1520/928/212
f 1513/953/226 1519/925/209 1503/924/208
f 1513/953/226 1510/954/227 1519/925/209
f 1510/954/227 1502/921/205 1519/925/209
f 1511/955/228 1518/922/206 1502/921/205
f 1511/955/228 1508/956/229 1518/922/206
f 1508/956/229 1506/933/217 1518/922/206
f 1516/948/221 1517/949/222 1505/930/214
f 1514/950/223 1515/951/224 1504/927/211
f 1512/952/225 1513/957/226 1503/942/208
f 1510/954/227 1511/955/228 1502/921/205
f 1508/956/229 1509/947/220 1506/933/217
f 1528/921/205 1544/922/206 1549/923/207
f 1529/924/208 1545/925/209 1551/926/210
f 1530/927/211 1546/928/212 1552/929/213
f 1531/930/214 1547/931/215 1553/932/216
f 1532/933/217 1548/934/218 1550/935/219
f 1550/935/219 1553/936/216 1533/937/1
f 1550/935/219 1548/934/218 1553/936/216
f 1548/934/218 1531/930/214 1553/936/216
f 1553/932/216 1552/938/213 1533/939/1
f 1553/932/216 1547/931/215 1552/938/213
f 1547/931/215 1530/927/211 1552/938/213
f 1552/929/213 1551/940/210 1533/941/1
f 1552/929/213 1546/928/212 1551/940/210
f 1546/928/212 1529/942/208 1551/940/210
f 1551/926/210 1549/943/207 1533/944/1
f 1551/926/210 1545/925/209 1549/943/207
f 1545/925/209 1528/921/205 1549/943/207
f 1549/923/207 1550/945/219 1533/946/1
f 1549/923/207 1544/922/206 1550/945/219
f 1544/922/206 1532/933/217 1550/945/219
f 1535/947/220 1548/934/218 1532/933/217
f 1535/947/220 1542/948/221 1548/934/218
f 1542/948/221 1531/930/214 1548/934/218
f 1543/949/222 1547/931/215 1531/930/214
f 1543/949/222 1540/950/223 1547/931/215
f 1540/950/223 1530/927/211 1547/931/215
f 1541/951/224 1546/928/212 1530/927/211
f 1541/951/224 1538/952/225 1546/928/212
f 1538/952/225 1529/942/208 1546/928/212
f 1539/953/226 1545/925/209 1529/924/208
f 1539/953/226 1536/954/227 1545/925/209
f 1536/954/227 1528/921/205 1545/925/209
f 1537/955/228 1544/922/206 1528/921/205
f 1537/955/228 1534/956/229 1544/922/206
f 1534/956/229 1532/933/217 1544/922/206
f 1542/948/221 1543/949/222 1531/930/214
f 1540/950/223 1541/951/224 1530/927/211
f 1538/952/225 1539/957/226 1529/942/208
f 1536/954/227 1537/955/228 1528/921/205
f 1534/956/229 1535/947/220 1532/933/217
f 1554/921/205 1570/922/206 1575/923/207
f 1555/924/208 1571/925/209 1577/926/210
f 1556/927/211 1572/928/212 1578/929/213
f 1557/930/214 1573/931/215 1579/932/216
f 1558/933/217 1574/934/218 1576/935/219
f 1576/935/219 1579/936/216 1559/937/1
f 1576/935/219 1574/934/218 1579/936/216
f 1574/934/218 1557/930/214 1579/936/216
f 1579/932/216 1578/938/213 1559/939/1
f 1579/932/216 1573/931/215 1578/938/213
f 1573/931/215 1556/927/211 1578/938/213
f 1578/929/213 1577/940/210 1559/941/1
f 1578/929/213 1572/928/212 1577/940/210
f 1572/928/212 1555/942/208 1577/940/210
f 1577/926/210 1575/943/207 1559/944/1
f 1577/926/210 1571/925/209 1575/943/207
f 1571/925/209 1554/921/205 1575/943/207
f 1575/923/207 1576/945/219 1559/946/1
f 1575/923/207 1570/922/206 1576/945/219
f 1570/922/206 1558/933/217 1576/945/219
f 1561/947/220 1574/934/218 1558/933/217
f 1561/947/220 1568/948/221 1574/934/218
f 1568/948/221 1557/930/214 1574/934/218
f 1569/949/222 1573/931/215 1557/930/214
f 1569/949/222 1566/950/223 1573/931/215
f 1566/950/223 1556/927/211 1573/931/215
f 1567/951/224 1572/928/212 1556/927/211
f 1567/951/224 1564/952/225 1572/928/212
f 1564/952/225 1555/942/208 1572/928/212
f 1565/953/226 1571/925/209 1555/924/208
f 1565/953/226 1562/954/227 1571/925/209
f 1562/954/227 1554/921/205 1571/925/209
f 1563/955/228 1570/922/206 1554/921/205
f 1563/955/228 1560/956/229 1570/922/206
f 1560/956/229 1558/933/217 1570/922/206
f 1568/948/221 1569/949/222 1557/930/214
f 1566/950/223 1567/951/224 1556/927/211
f 1564/952/225 1565/957/226 1555/942/208
f 1562/954/227 1563/955/228 1554/921/205
f 1560/956/229 1561/947/220 1558/933/217
f 1580/921/205 1596/922/206 1601/923/207
f 1581/924/208 1597/925/209 1603/926/210
f 1582/927/211 1598/928/212 1604/929/213
f 1583/930/214 1599/931/215 1605/932/216
f 1584/933/217 1600/934/218 1602/935/219
f 1602/935/219 1605/936/216 1585/937/1
f 1602/935/219 1600/934/218 1605/936/216
f 1600/934/218 1583/930/214 1605/936/216
f 1605/932/216 1604/938/213 1585/939/1
f 1605/932/216 1599/931/215 1604/938/213
f 1599/931/215 1582/927/211 1604/938/213
f 1604/929/213 1603/940/210 1585/941/1
f 1604/929/213 1598/928/212 1603/940/210
f 1598/928/212 1581/942/208 1603/940/210
f 1603/926/210 1601/943/207 1585/944/1
f 1603/926/210 1597/925/209 1601/943/207
f 1597/925/209 1580/921/205 1601/943/207
f 1601/923/207 1602/945/219 1585/946/1
f 1601/923/207 1596/922/206 1602/945/219
f 1596/922/206 1584/933/217 1602/945/219
f 1587/947/220 1600/934/218 1584/933/217
f 1587/947/220 1594/948/221 1600/934/218
f 1594/948/221 1583/930/214 1600/934/218
f 1595/949/222 1599/931/215 1583/930/214
f 1595/949/222 1592/950/223 1599/931/215
f 1592/950/223 1582/927/211 1599/931/215
f 1593/951/224 1598/928/212 1582/927/211
f 1593/951/224 1590/952/225 1598/928/212
f 1590/952/225 1581/942/208 1598/928/212
f 1591/953/226 1597/925/209 1581/924/208
f 1591/953/226 1588/954/227 1597/925/209
f 1588/954/227 1580/921/205 1597/925/209
f 1589/955/228 1596/922/206 1580/921/205
f 1589/955/228 1586/956/229 1596/922/206
f 1586/956/229 1584/933/217 1596/922/206
f 1594/948/221 1595/949/222 1583/930/214
f 1592/950/223 1593/951/224 1582/927/211
f 1590/952/225 1591/957/226 1581/942/208
f 1588/954/227 1589/955/228 1580/921/205
f 1586/956/229 1587/947/220 1584/933/217
f 1606/921/205 1622/922/206 1627/923/207
f 1607/924/208 1623/925/209 1629/926/210
f 1608/927/211 1624/928/212 1630/929/213
f 1609/930/214 1625/931/215 1631/932/216
f 1610/933/217 1626/934/218 1628/935/219
f 1628/935/219 1631/936/216 1611/937/1
f 1628/935/219 1626/934/218 1631/936/216
f 1626/934/218 1609/930/214 1631/936/216
f 1631/932/216 1630/938/213 1611/939/1
f 1631/932/216 1625/931/215 1630/938/213
f 1625/931/215 1608/927/211 1630/938/213
f 1630/929/213 1629/940/210 1611/941/1
f 1630/929/213 1624/928/212 1629/940/210
f 1624/928/212 1607/942/208 1629/940/210
f 1629/926/210 1627/943/207 1611/944/1
f 1629/926/210 1623/925/209 1627/943/207
f 1623/925/209 1606/921/205 1627/943/207
f 1627/923/207 1628/945/219 1611/946/1
f 1627/923/207 1622/922/206 1628/945/219
f 1622/922/206 1610/933/217 1628/945/219
f 1613/947/220 1626/934/218 1610/933/217
f 1613/947/220 1620/948/221 1626/934/218
f 1620/948/221 1609/930/214 1626/934/218
f 1621/949/222 1625/931/215 1609/930/214
f 1621/949/222 1618/950/223 1625/931/215
f 1618/950/223 1608/927/211 1625/931/215
f 1619/951/224 1624/928/212 1608/927/211
f 1619/951/224 1616/952/225 1624/928/212
f 1616/952/225 1607/942/208 1624/928/212
f 1617/953/226 1623/925/209 1607/924/208
f 1617/953/226 1614/954/227 1623/925/209
f 1614/954/227 1606/921/205 1623/925/209
f 1615/955/228 1622/922/206 1606/921/205
f 1615/955/228 1612/956/229 1622/922/206
f 1612/956/229 1610/933/217 1622/922/206
f 1620/948/221 1621/949/222 1609/930/214
f 1618/950/223 1619/951/224 1608/927/211
f 1616/952/225 1617/957/226 1607/942/208
f 1614/954/227 1615/955/228 1606/921/205
f 1612/956/229 1613/947/220 1610/933/217
f 1672/916/195 1665/40/195 1667/386/195 1673/917/195
f 1673/917/194 1667/386/194 1671/715/194 1674/918/194
f 1674/918/193 1671/715/193 1669/717/193 1675/919/193
f 1675/919/196 1669/717/196 1665/371/196 1672/920/196
f 1667/386/201 1665/40/201 1676/40/201 1677/386/201
f 1668/612/7 1675/919/7 1672/920/7 1664/372/7
f 1670/613/6 1674/918/6 1675/919/6 1668/612/6
f 1666/619/5 1673/917/5 1674/918/5 1670/613/5
f 1664/13/4 1672/916/4 1673/917/4 1666/619/4
f 1679/717/202 1678/715/202 1682/715/202 1683/717/202
f 1665/371/199 1669/717/199 1679/717/199 1676/371/199
f 1671/715/200 1667/386/200 1677/386/200 1678/715/200
f 1669/717/197 1671/715/197 1678/715/197 1679/717/197
f 1682/715/1 1681/725/1 1680/726/1 1683/717/1
f 1677/386/198 1676/40/198 1680/40/198 1681/386/198
f 1676/371/203 1679/717/203 1683/717/203 1680/371/203
f 1678/715/204 1677/386/204 1681/386/204 1682/715/204
f 1724/916/195 1717/40/195 1719/386/195 1725/917/195
f 1725/917/194 1719/386/194 1723/715/194 1726/918/194
f 1726/918/193 1723/715/193 1721/717/193 1727/919/193
f 1727/919/196 1721/717/196 1717/371/196 1724/920/196
f 1719/386/201 1717/40/201 1728/40/201 1729/386/201
f 1720/612/7 1727/919/7 1724/920/7 1716/372/7
f 1722/613/6 1726/918/6 1727/919/6 1720/612/6
f 1718/619/5 1725/917/5 1726/918/5 1722/613/5
f 1716/13/4 1724/916/4 1725/917/4 1718/619/4
f 1731/717/202 1730/715/202 1734/715/202 1735/717/202
f 1717/371/199 1721/717/199 1731/717/199 1728/371/199
f 1723/715/200 1719/386/200 1729/386/200 1730/715/200
f 1721/717/197 1723/715/197 1730/715/197 1731/717/197
f 1734/715/1 1733/725/1 1732/726/1 1735/717/1
f 1729/386/198 1728/40/198 1732/40/198 1733/386/198
f 1728/371/203 1731/717/203 1735/717/203 1732/371/203
f 1730/715/204 1729/386/204 1733/386/204 1734/715/204
f 1776/916/195 1769/40/195 1771/386/195 1777/917/195
f 1777/917/194 1771/386/194 1775/715/194 1778/918/194
f 1778/918/193 1775/715/193 1773/717/193 1779/919/193
f 1779/919/196 1773/717/196 1769/371/196 1776/920/196
f 1771/386/201 1769/40/201 1780/40/201 1781/386/201
f 1772/612/7 1779/919/7 1776/920/7 1768/372/7
f 1774/613/6 1778/918/6 1779/919/6 1772/612/6
f 1770/619/5 1777/917/5 1778/918/5 1774/613/5
f 1768/13/4 1776/916/4 1777/917/4 1770/619/4
f 1783/717/202 1782/715/202 1786/715/202 1787/717/202
f 1769/371/199 1773/717/199 1783/717/199 1780/371/199
f 1775/715/200 1771/386/200 1781/386/200 1782/715/200
f 1773/717/197 1775/715/197 1782/715/197 1783/717/197
f 1786/715/1 1785/725/1 1784/726/1 1787/717/1
f 1781/386/198 1780/40/198 1784/40/198 1785/386/198
f 1780/371/203 1783/717/203 1787/717/203 1784/371/203
f 1782/715/204 1781/386/204 1785/386/204 1786/715/204
f 1828/916/195 1821/40/195 1823/386/195 1829/917/195
f 1829/917/194 1823/386/194 1827/715/194 1830/918/194
f 1830/918/193 1827/715/193 1825/717/193 1831/919/193
f 1831/919/196 1825/717/196 1821/371/196 1828/920/196
f 1823/386/201 1821/40/201 1832/40/201 1833/386/201
f 1824/612/7 1831/919/7 1828/920/7 1820/372/7
f 1826/613/6 1830/918/6 1831/919/6 1824/612/6
f 1822/619/5 1829/917/5 1830/918/5 1826/613/5
f 1820/13/4 1828/916/4 1829/917/4 1822/619/4
f 1835/717/202 1834/715/202 1838/715/202 1839/717/202
f 1821/371/199 1825/717/199 1835/717/199 1832/371/199
f 1827/715/200 1823/386/200 1833/386/200 1834/715/200
f 1825/717/197 1827/715/197 1834/715/197 1835/717/197
f 1838/715/1 1837/725/1 1836/726/1 1839/717/1
f 1833/386/198 1832/40/198 1836/40/198 1837/386/198
f 1832/371/203 1835/717/203 1839/717/203 1836/371/203
f 1834/715/204 1833/386/204 1837/386/204 1838/715/204
f 1880/916/195 1873/40/195 1875/386/195 1881/917/195
f 1881/917/194 1875/386/194 1879/715/194 1882/918/194
f 1882/918/193 1879/715/193 1877/717/193 1883/919/193
f 1883/919/196 1877/717/196 1873/371/196 1880/920/196
f 1875/386/201 1873/40/201 1884/40/201 1885/386/201
f 1876/612/7 1883/919/7 1880/920/7 1872/372/7
f 1878/613/6 1882/918/6 1883/919/6 1876/612/6
f 1874/619/5 1881/917/5 1882/918/5 1878/613/5
f 1872/13/4 1880/916/4 1881/917/4 1874/619/4
f 1887/717/202 1886/715/202 1890/715/202 1891/717/202
f 1873/371/199 1877/717/199 1887/717/199 1884/371/199
f 1879/715/200 1875/386/200 1885/386/200 1886/715/200
f 1877/717/197 1879/715/197 1886/715/197 1887/717/197
f 1890/715/1 1889/725/1 1888/726/1 1891/717/1
f 1885/386/198 1884/40/198 1888/40/198 1889/386/198
f 1884/371/203 1887/717/203 1891/717/203 1888/371/203
f 1886/715/204 1885/386/204 1889/386/204 1890/715/204
f 1932/916/195 1925/40/195 1927/386/195 1933/917/195
f 1933/917/194 1927/386/194 1931/715/194 1934/918/194
f 1934/918/193 1931/715/193 1929/717/193 1935/919/193
f 1935/919/196 1929/717/196 1925/371/196 1932/920/196
f 1927/386/201 1925/40/201 1936/40/201 1937/386/201
f 1928/612/7 1935/919/7 1932/920/7 1924/372/7
f 1930/613/6 1934/918/6 1935/919/6 1928/612/6
f 1926/619/5 1933/917/5 1934/918/5 1930/613/5
f 1924/13/4 1932/916/4 1933/917/4 1926/619/4
f 1939/717/202 1938/715/202 1942/715/202 1943/717/202
f 1925/371/199 1929/717/199 1939/717/199 1936/371/199
f 1931/715/200 1927/386/200 1937/386/200 1938/715/200
f 1929/717/197 1931/715/197 1938/715/197 1939/717/197
f 1942/715/1 1941/725/1 1940/726/1 1943/717/1
f 1937/386/198 1936/40/198 1940/40/198 1941/386/198
f 1936/371/203 1939/717/203 1943/717/203 1940/371/203
f 1938/715/204 1937/386/204 1941/386/204 1942/715/204
f 1984/916/195 1977/40/195 1979/386/195 1985/917/195
f 1985/917/194 1979/386/194 1983/715/194 1986/918/194
f 1986/918/193 1983/715/193 1981/717/193 1987/919/193
f 1987/919/196 1981/717/196 1977/371/196 1984/920/196
f 1979/386/201 1977/40/201 1988/40/201 1989/386/201
f 1980/612/7 1987/919/7 1984/920/7 1976/372/7
f 1982/613/6 1986/918/6 1987/919/6 1980/612/6
f 1978/619/5 1985/917/5 1986/918/5 1982/613/5
f 1976/13/4 1984/916/4 1985/917/4 1978/619/4
f 1991/717/202 1990/715/202 1994/715/202 1995/717/202
f 1977/371/199 1981/717/199 1991/717/199 1988/371/199
f 1983/715/200 1979/386/200 1989/386/200 1990/715/200
f 1981/717/197 1983/715/197 1990/715/197 1991/717/197
f 1994/715/1 1993/725/1 1992/726/1 1995/717/1
f 1989/386/198 1988/40/198 1992/40/198 1993/386/198
f 1988/371/203 1991/717/203 1995/717/203 1992/371/203
f 1990/715/204 1989/386/204 1993/386/204 1994/715/204
f 2036/916/195 2029/40/195 2031/386/195 2037/917/195
f 2037/917/194 2031/386/194 2035/715/194 2038/918/194
f 2038/918/193 2035/715/193 2033/717/193 2039/919/193
f 2039/919/196 2033/717/196 2029/371/196 2036/920/196
f 2031/386/201 2029/40/201 2040/40/201 2041/386/201
f 2032/612/7 2039/919/7 2036/920/7 2028/372/7
f 2034/613/6 2038/918/6 2039/919/6 2032/612/6
f 2030/619/5 2037/917/5 2038/918/5 2034/613/5
f 2028/13/4 2036/916/4 2037/917/4 2030/619/4
f 2043/717/202 2042/715/202 2046/715/202 2047/717/202
f 2029/371/199 2033/717/199 2043/717/199 2040/371/199
f 2035/715/200 2031/386/200 2041/386/200 2042/715/200
f 2033/717/197 2035/715/197 2042/715/197 2043/717/197
f 2046/715/1 2045/725/1 2044/726/1 2047/717/1
f 2041/386/198 2040/40/198 2044/40/198 2045/386/198
f 2040/371/203 2043/717/203 2047/717/203 2044/371/203
f 2042/715/204 2041/386/204 2045/386/204 2046/715/204
f 2072/962/4 2075/963/4 2067/386/4 2066/619/4
f 2066/619/5 2067/386/5 2071/715/5 2070/613/5
f 2068/612/7 2069/717/7 2065/371/7 2064/372/7
f 2079/965/1 2074/967/1 2065/726/1 2069/717/1
f 2071/715/1 2067/725/1 2075/968/1 2078/969/1
f 2066/628/8 2070/613/8 2077/970/8 2072/971/8
f 2072/971/8 2077/970/8 2076/964/8 2073/966/8
f 2070/613/6 2071/715/6 2078/969/6 2077/970/6
f 2077/970/6 2078/969/6 2079/965/6 2076/964/6
f 2064/13/4 2065/40/4 2074/972/4 2073/973/4
f 2073/973/4 2074/972/4 2075/963/4 2072/962/4
f 2079/965/6 2078/969/6 2107/969/6 2106/965/6
f 2078/969/5 2075/968/5 2104/968/5 2107/969/5
f 2074/967/7 2079/965/7 2106/965/7 2105/967/7
f 2075/963/4 2074/972/4 2105/1002/4 2104/1001/4
f 2168/967/7 2173/965/7 2177/965/7 2174/967/7
f 2179/1057/8 2182/1058/8 2170/964/8 2167/966/8
f 2182/1058/6 2185/1059/6 2173/965/6 2170/964/6
f 2178/1060/4 2181/1061/4 2169/963/4 2166/962/4
f 2189/1059/1 2186/1062/1 2174/967/1 2177/965/1
f 2184/1063/6 2172/969/6 2176/969/6 2188/1063/6
f 2180/1064/4 2168/972/4 2174/972/4 2186/1064/4
f 2172/969/5 2169/968/5 2175/968/5 2176/969/5
f 2169/963/4 2181/1061/4 2187/1061/4 2175/963/4
f 2180/1064/5 2186/1064/5 2194/1064/5 2190/1064/5
f 2173/965/6 2185/1059/6 2189/1059/6 2177/965/6
f 2184/1063/7 2188/1063/7 2196/1063/7 2192/1063/7
f 2176/969/1 2175/968/1 2187/1065/1 2188/1063/1
f 2186/1062/5 2189/1059/5 2197/1059/5 2194/1062/5
f 2167/973/4 2168/972/4 2180/1064/4 2179/1066/4
f 2179/1066/4 2180/1064/4 2181/1061/4 2178/1060/4
f 2171/970/6 2172/969/6 2184/1063/6 2183/1067/6
f 2183/1067/6 2184/1063/6 2185/1059/6 2182/1058/6
f 2166/971/8 2171/970/8 2183/1067/8 2178/1068/8
f 2178/1068/8 2183/1067/8 2182/1058/8 2179/1057/8
f 2185/1059/1 2184/1063/1 2192/1063/1 2193/1059/1
f 2188/1063/7 2187/1065/7 2195/1065/7 2196/1063/7
f 2189/1059/5 2185/1059/5 2193/1059/5 2197/1059/5
f 2181/1061/1 2180/1064/1 2190/1064/1 2191/1061/1
f 2187/1061/7 2181/1061/7 2191/1061/7 2195/1061/7
f 2198/1069/191 2203/1070/191 2205/371/55 2200/372/55
f 2200/13/57 2205/40/57 2204/1071/57 2201/1072/57
f 2201/1072/59 2204/1071/59 2202/1073/257 2199/1074/192
f 2210/1075/190 2207/1076/190 2209/1077/62 2212/1078/62
f 2212/1078/64 2209/1077/64 2208/1079/64 2213/1080/64
f 2213/1080/66 2208/1079/66 2206/1081/189 2211/1082/258
f 2226/1083/259 2223/1084/188 2225/1085/69 2228/1086/69
f 2228/1086/71 2225/1085/71 2224/1087/71 2229/1088/71
f 2229/1088/73 2224/1087/73 2222/1089/187 2227/1090/187
f 2218/1091/185 2215/1092/185 2217/1093/76 2220/1094/76
f 2220/1094/78 2217/1093/78 2216/1095/78 2221/1096/78
f 2221/1096/80 2216/1095/80 2214/1097/186 2219/1098/260
f 2199/1074/192 2202/1073/257 2168/972/4 2167/973/4
f 2215/1092/185 2218/1091/185 2203/1070/191 2198/1069/191
f 2167/966/8 2170/964/8 2214/1097/8 2216/1095/8 2217/1093/8 2215/1092/8 2198/1099/8 2200/1100/8 2201/1101/8 2199/1102/8
f 2173/965/1 2168/967/1 2202/1103/261 2219/1098/261
f 2207/1076/190 2210/1075/190 2227/1090/187 2222/1089/187
f 2206/1104/8 2208/1105/8 2209/1106/8 2207/1107/8 2222/1089/8 2224/1087/8 2225/1085/8 2223/1084/8 2171/970/8 2166/971/8
f 2166/962/4 2169/963/4 2211/1082/258 2206/1081/189
f 2226/1083/262 2211/1108/262 2169/968/1 2172/969/1
f 2170/964/6 2173/965/6 2219/1098/260 2214/1097/186
f 2223/1084/188 2226/1083/259 2172/969/6 2171/970/6
f 2211/1108/262 2226/1083/262 2228/1086/263 2213/1109/263
f 2213/1109/263 2228/1086/263 2229/1088/264 2227/1090/264 2210/1110/264 2212/1111/264
f 2219/1098/261 2202/1103/261 2204/1112/265 2221/1096/265
f 2221/1096/265 2204/1112/265 2205/1113/266 2203/1114/266 2218/1091/266 2220/1094/266
f 2232/967/7 2237/965/7 2241/965/7 2238/967/7
f 2243/1057/8 2246/1058/8 2234/964/8 2231/966/8
f 2246/1058/6 2249/1059/6 2237/965/6 2234/964/6
f 2242/1060/4 2245/1061/4 2233/963/4 2230/962/4
f 2253/1059/1 2250/1062/1 2238/967/1 2241/965/1
f 2248/1063/6 2236/969/6 2240/969/6 2252/1063/6
f 2244/1064/4 2232/972/4 2238/972/4 2250/1064/4
f 2236/969/5 2233/968/5 2239/968/5 2240/969/5
f 2233/963/4 2245/1061/4 2251/1061/4 2239/963/4
f 2244/1064/5 2250/1064/5 2258/1064/5 2254/1064/5
f 2237/965/6 2249/1059/6 2253/1059/6 2241/965/6
f 2248/1063/7 2252/1063/7 2260/1063/7 2256/1063/7
f 2240/969/1 2239/968/1 2251/1065/1 2252/1063/1
f 2250/1062/5 2253/1059/5 2261/1059/5 2258/1062/5
f 2231/973/4 2232/972/4 2244/1064/4 2243/1066/4
f 2243/1066/4 2244/1064/4 2245/1061/4 2242/1060/4
f 2235/970/6 2236/969/6 2248/1063/6 2247/1067/6
f 2247/1067/6 2248/1063/6 2249/1059/6 2246/1058/6
f 2230/971/8 2235/970/8 2247/1067/8 2242/1068/8
f 2242/1068/8 2247/1067/8 2246/1058/8 2243/1057/8
f 2249/1059/1 2248/1063/1 2256/1063/1 2257/1059/1
f 2252/1063/7 2251/1065/7 2259/1065/7 2260/1063/7
f 2253/1059/5 2249/1059/5 2257/1059/5 2261/1059/5
f 2245/1061/1 2244/1064/1 2254/1064/1 2255/1061/1
f 2251/1061/7 2245/1061/7 2255/1061/7 2259/1061/7
f 2262/1069/191 2267/1070/191 2269/371/55 2264/372/55
f 2264/13/57 2269/40/57 2268/1071/57 2265/1072/57
f 2265/1072/59 2268/1071/59 2266/1073/257 2263/1074/192
f 2274/1075/190 2271/1076/190 2273/1077/62 2276/1078/62
f 2276/1078/64 2273/1077/64 2272/1079/64 2277/1080/64
f 2277/1080/66 2272/1079/66 2270/1081/189 2275/1082/258
f 2290/1083/259 2287/1084/188 2289/1085/69 2292/1086/69
f 2292/1086/71 2289/1085/71 2288/1087/71 2293/1088/71
f 2293/1088/73 2288/1087/73 2286/1089/187 2291/1090/187
f 2282/1091/185 2279/1092/185 2281/1093/76 2284/1094/76
f 2284/1094/78 2281/1093/78 2280/1095/78 2285/1096/78
f 2285/1096/80 2280/1095/80 2278/1097/186 2283/1098/260
f 2263/1074/192 2266/1073/257 2232/972/4 2231/973/4
f 2279/1092/185 2282/1091/185 2267/1070/191 2262/1069/191
f 2231/966/8 2234/964/8 2278/1097/8 2280/1095/8 2281/1093/8 2279/1092/8 2262/1099/8 2264/1100/8 2265/1101/8 2263/1102/8
f 2237/965/1 2232/967/1 2266/1103/261 2283/1098/261
f 2271/1076/190 2274/1075/190 2291/1090/187 2286/1089/187
f 2270/1104/8 2272/1105/8 2273/1106/8 2271/1107/8 2286/1089/8 2288/1087/8 2289/1085/8 2287/1084/8 2235/970/8 2230/971/8
f 2230/962/4 2233/963/4 2275/1082/258 2270/1081/189
f 2290/1083/262 2275/1108/262 2233/968/1 2236/969/1
f 2234/964/6 2237/965/6 2283/1098/260 2278/1097/186
f 2287/1084/188 2290/1083/259 2236/969/6 2235/970/6
f 2275/1108/262 2290/1083/262 2292/1086/263 2277/1109/263
f 2277/1109/263 2292/1086/263 2293/1088/264 2291/1090/264 2274/1110/264 2276/1111/264
f 2283/1098/261 2266/1103/261 2268/1112/265 2285/1096/265
f 2285/1096/265 2268/1112/265 2269/1113/266 2267/1114/266 2282/1091/266 2284/1094/266
usemtl Material.003
f 444/174/5 445/157/5 447/635/110 446/636/110
f 446/636/110 447/635/110 449/637/111 448/638/111
f 448/638/111 449/637/111 451/639/112 450/640/112
f 450/640/112 451/639/112 453/641/12 452/642/12
f 452/642/12 453/641/12 455/643/6 454/644/6
f 454/644/6 455/643/6 457/645/113 456/178/113
f 456/178/113 457/645/113 459/646/114 458/647/114
f 458/647/114 459/646/114 461/648/115 460/649/115
f 460/649/115 461/648/115 463/650/116 462/651/116
f 462/651/116 463/650/116 465/652/7 464/653/7
f 464/653/7 465/652/7 467/654/117 466/655/117
f 466/655/117 467/654/117 469/656/118 468/657/118
f 468/657/118 469/656/118 471/658/119 470/659/119
f 470/659/119 471/658/119 473/660/120 472/661/120
f 472/661/120 473/660/120 475/662/4 474/663/4
f 474/663/4 475/662/4 477/664/121 476/665/121
f 476/665/121 477/664/121 479/666/122 478/667/122
f 478/667/122 479/666/122 481/668/123 480/669/123
f 447/635/124 445/157/125 485/157/126 484/635/127
f 480/669/123 481/668/123 483/670/128 482/671/128
f 482/671/128 483/670/128 445/672/5 444/184/5
f 444/292/8 446/673/8 448/674/8 450/675/8 452/676/8 454/677/8 456/271/8 458/678/8 460/679/8 462/680/8 464/681/8 466/682/8 468/683/8 470/684/8 472/685/8 474/686/8 476/687/8 478/688/8 480/689/8 482/690/8
f 500/664/129 499/662/130 519/662/131 520/664/132
f 471/658/133 469/656/134 496/656/135 497/658/136
f 481/668/137 479/666/138 501/666/139 502/668/140
f 457/645/141 455/643/142 489/643/143 490/645/144
f 467/654/145 465/652/146 494/652/147 495/654/148
f 477/664/149 475/662/150 499/662/130 500/664/129
f 453/641/151 451/639/152 487/639/153 488/641/154
f 463/650/155 461/648/156 492/648/157 493/650/158
f 473/660/159 471/658/133 497/658/136 498/660/160
f 483/670/161 481/668/137 502/668/140 503/670/162
f 449/637/163 447/635/124 484/635/127 486/637/164
f 459/646/165 457/645/141 490/645/144 491/646/166
f 469/656/134 467/654/145 495/654/148 496/656/135
f 479/666/138 477/664/149 500/664/129 501/666/139
f 455/643/142 453/641/151 488/641/154 489/643/143
f 465/652/146 463/650/155 493/650/158 494/652/147
f 475/662/150 473/660/159 498/660/160 499/662/130
f 445/672/125 483/670/161 503/670/162 485/672/126
f 451/639/152 449/637/163 486/637/164 487/639/153
f 461/648/156 459/646/165 491/646/166 492/648/157
f 508/641/120 507/639/119 527/639/119 528/641/120
f 493/650/158 492/648/157 512/648/167 513/650/168
f 486/637/164 484/635/127 504/635/169 506/637/170
f 501/666/139 500/664/129 520/664/132 521/666/171
f 494/652/147 493/650/158 513/650/168 514/652/172
f 487/639/153 486/637/164 506/637/170 507/639/173
f 502/668/140 501/666/139 521/666/171 522/668/174
f 495/654/148 494/652/147 514/652/172 515/654/175
f 488/641/154 487/639/153 507/639/173 508/641/176
f 503/670/162 502/668/140 522/668/174 523/670/177
f 496/656/135 495/654/148 515/654/175 516/656/178
f 489/643/143 488/641/154 508/641/176 509/643/179
f 485/672/126 503/670/162 523/670/177 505/672/180
f 497/658/136 496/656/135 516/656/178 517/658/181
f 490/645/144 489/643/143 509/643/179 510/645/182
f 498/660/160 497/658/136 517/658/181 518/660/183
f 491/646/166 490/645/144 510/645/182 511/646/184
f 499/662/130 498/660/160 518/660/183 519/662/131
f 492/648/157 491/646/166 511/646/184 512/648/167
f 484/635/127 485/157/126 505/157/180 504/635/169
f 524/691/1 525/692/1 543/693/1 542/694/1 541/695/1 540/696/1 539/697/1 538/698/1 537/699/1 536/700/1 535/701/1 534/702/1 533/703/1 532/704/1 531/705/1 530/706/1 529/707/1 528/708/1 527/709/1 526/710/1
f 523/670/116 522/668/115 542/668/115 543/670/116
f 516/656/111 515/654/110 535/654/110 536/656/111
f 509/643/4 508/641/120 528/641/120 529/643/4
f 505/672/7 523/670/116 543/670/116 525/672/7
f 517/658/112 516/656/111 536/656/111 537/658/112
f 510/645/121 509/643/4 529/643/4 530/645/121
f 518/660/12 517/658/112 537/658/112 538/660/12
f 511/646/122 510/645/121 530/645/121 531/646/122
f 519/662/6 518/660/12 538/660/12 539/662/6
f 512/648/123 511/646/122 531/646/122 532/648/123
f 504/635/117 505/157/7 525/157/7 524/635/117
f 520/664/113 519/662/6 539/662/6 540/664/113
f 513/650/128 512/648/123 532/648/123 533/650/128
f 506/637/118 504/635/117 524/635/117 526/637/118
f 521/666/114 520/664/113 540/664/113 541/666/114
f 514/652/5 513/650/128 533/650/128 534/652/5
f 507/639/119 506/637/118 526/637/118 527/639/119
f 522/668/115 521/666/114 541/666/114 542/668/115
f 515/654/110 514/652/5 534/652/5 535/654/110
f 544/174/5 546/636/128 547/635/128 545/157/5
f 546/636/128 548/638/123 549/637/123 547/635/128
f 548/638/123 550/640/122 551/639/122 549/637/123
f 550/640/122 552/642/121 553/641/121 551/639/122
f 552/642/121 554/644/4 555/643/4 553/641/121
f 554/644/4 556/178/120 557/645/120 555/643/4
f 556/178/120 558/647/119 559/646/119 557/645/120
f 558/647/119 560/649/118 561/648/118 559/646/119
f 560/649/118 562/651/117 563/650/117 561/648/118
f 562/651/117 564/653/7 565/652/7 563/650/117
f 564/653/7 566/655/116 567/654/116 565/652/7
f 566/655/116 568/657/115 569/656/115 567/654/116
f 568/657/115 570/659/114 571/658/114 569/656/115
f 570/659/114 572/661/113 573/660/113 571/658/114
f 572/661/113 574/663/6 575/662/6 573/660/113
f 574/663/6 576/665/12 577/664/12 575/662/6
f 576/665/12 578/667/112 579/666/112 577/664/12
f 578/667/112 580/669/111 581/668/111 579/666/112
f 547/635/161 584/635/162 585/157/126 545/157/125
f 580/669/111 582/671/110 583/670/110 581/668/111
f 582/671/110 544/184/5 545/672/5 583/670/110
f 544/292/8 582/690/8 580/689/8 578/688/8 576/687/8 574/686/8 572/685/8 570/684/8 568/683/8 566/682/8 564/681/8 562/680/8 560/679/8 558/678/8 556/271/8 554/677/8 552/676/8 550/675/8 548/674/8 546/673/8
f 600/664/154 620/664/176 619/662/179 599/662/143
f 571/658/165 597/658/166 596/656/157 569/656/156
f 581/668/163 602/668/164 601/666/153 579/666/152
f 557/645/159 590/645/160 589/643/130 555/643/150
f 567/654/155 595/654/158 594/652/147 565/652/146
f 577/664/151 600/664/154 599/662/143 575/662/142
f 553/641/149 588/641/129 587/639/139 551/639/138
f 563/650/145 593/650/148 592/648/135 561/648/134
f 573/660/141 598/660/144 597/658/166 571/658/165
f 583/670/124 603/670/127 602/668/164 581/668/163
f 549/637/137 586/637/140 584/635/162 547/635/161
f 559/646/133 591/646/136 590/645/160 557/645/159
f 569/656/156 596/656/157 595/654/158 567/654/155
f 579/666/152 601/666/153 600/664/154 577/664/151
f 555/643/150 589/643/130 588/641/129 553/641/149
f 565/652/146 594/652/147 593/650/148 563/650/145
f 575/662/142 599/662/143 598/660/144 573/660/141
f 545/672/125 585/672/126 603/670/127 583/670/124
f 551/639/138 587/639/139 586/637/140 549/637/137
f 561/648/134 592/648/135 591/646/136 559/646/133
f 608/641/113 628/641/113 627/639/114 607/639/114
f 593/650/148 613/650/175 612/648/178 592/648/135
f 586/637/140 606/637/174 604/635/177 584/635/162
f 601/666/153 621/666/173 620/664/176 600/664/154
f 594/652/147 614/652/172 613/650/175 593/650/148
f 587/639/139 607/639/171 606/637/174 586/637/140
f 602/668/164 622/668/170 621/666/173 601/666/153
f 595/654/158 615/654/168 614/652/172 594/652/147
f 588/641/129 608/641/132 607/639/171 587/639/139
f 603/670/127 623/670/169 622/668/170 602/668/164
f 596/656/157 616/656/167 615/654/168 595/654/158
f 589/643/130 609/643/131 608/641/132 588/641/129
f 585/672/126 605/672/180 623/670/169 603/670/127
f 597/658/166 617/658/184 616/656/167 596/656/157
f 590/645/160 610/645/183 609/643/131 589/643/130
f 598/660/144 618/660/182 617/658/184 597/658/166
f 591/646/136 611/646/181 610/645/183 590/645/160
f 599/662/143 619/662/179 618/660/182 598/660/144
f 592/648/135 612/648/178 611/646/181 591/646/136
f 584/635/162 604/635/177 605/157/180 585/157/126
f 624/691/1 626/710/1 627/709/1 628/708/1 629/707/1 630/706/1 631/705/1 632/704/1 633/703/1 634/702/1 635/701/1 636/700/1 637/699/1 638/698/1 639/697/1 640/696/1 641/695/1 642/694/1 643/693/1 625/692/1
f 623/670/117 643/670/117 642/668/118 622/668/118
f 616/656/123 636/656/123 635/654/128 615/654/128
f 609/643/6 629/643/6 628/641/113 608/641/113
f 605/672/7 625/672/7 643/670/117 623/670/117
f 617/658/122 637/658/122 636/656/123 616/656/123
f 610/645/12 630/645/12 629/643/6 609/643/6
f 618/660/121 638/660/121 637/658/122 617/658/122
f 611/646/112 631/646/112 630/645/12 610/645/12
f 619/662/4 639/662/4 638/660/121 618/660/121
f 612/648/111 632/648/111 631/646/112 611/646/112
f 604/635/116 624/635/116 625/157/7 605/157/7
f 620/664/120 640/664/120 639/662/4 619/662/4
f 613/650/110 633/650/110 632/648/111 612/648/111
f 606/637/115 626/637/115 624/635/116 604/635/116
f 621/666/119 641/666/119 640/664/120 620/664/120
f 614/652/5 634/652/5 633/650/110 613/650/110
f 607/639/114 627/639/114 626/637/115 606/637/115
f 622/668/118 642/668/118 641/666/119 621/666/119
f 615/654/128 635/654/128 634/652/5 614/652/5
f 644/174/7 646/636/116 647/635/116 645/157/7
f 646/636/116 648/638/115 649/637/115 647/635/116
f 648/638/115 650/640/114 651/639/114 649/637/115
f 650/640/114 652/642/113 653/641/113 651/639/114
f 652/642/113 654/644/6 655/643/6 653/641/113
f 654/644/6 656/178/12 657/645/12 655/643/6
f 656/178/12 658/647/112 659/646/112 657/645/12
f 658/647/112 660/649/111 661/648/111 659/646/112
f 660/649/111 662/651/110 663/650/110 661/648/111
f 662/651/110 664/653/5 665/652/5 663/650/110
f 664/653/5 666/655/128 667/654/128 665/652/5
f 666/655/128 668/657/123 669/656/123 667/654/128
f 668/657/123 670/659/122 671/658/122 669/656/123
f 670/659/122 672/661/121 673/660/121 671/658/122
f 672/661/121 674/663/4 675/662/4 673/660/121
f 674/663/4 676/665/120 677/664/120 675/662/4
f 676/665/120 678/667/119 679/666/119 677/664/120
f 678/667/119 680/669/118 681/668/118 679/666/119
f 647/635/155 684/635/158 685/157/147 645/157/146
f 680/669/118 682/671/117 683/670/117 681/668/118
f 682/671/117 644/184/7 645/672/7 683/670/117
f 644/292/8 682/690/8 680/689/8 678/688/8 676/687/8 674/686/8 672/685/8 670/684/8 668/683/8 666/682/8 664/681/8 662/680/8 660/679/8 658/678/8 656/271/8 654/677/8 652/676/8 650/675/8 648/674/8 646/673/8
f 700/664/160 720/664/183 719/662/131 699/662/130
f 671/658/138 697/658/139 696/656/140 669/656/137
f 681/668/134 702/668/135 701/666/136 679/666/133
f 657/645/151 690/645/154 689/643/143 655/643/142
f 667/654/161 695/654/162 694/652/126 665/652/125
f 677/664/159 700/664/160 699/662/130 675/662/150
f 653/641/141 688/641/144 687/639/166 651/639/165
f 663/650/124 693/650/127 692/648/164 661/648/163
f 673/660/149 698/660/129 697/658/139 671/658/138
f 683/670/145 703/670/148 702/668/135 681/668/134
f 649/637/156 686/637/157 684/635/158 647/635/155
f 659/646/152 691/646/153 690/645/154 657/645/151
f 669/656/137 696/656/140 695/654/162 667/654/161
f 679/666/133 701/666/136 700/664/160 677/664/159
f 655/643/142 689/643/143 688/641/144 653/641/141
f 665/652/125 694/652/126 693/650/127 663/650/124
f 675/662/150 699/662/130 698/660/129 673/660/149
f 645/672/146 685/672/147 703/670/148 683/670/145
f 651/639/165 687/639/166 686/637/157 649/637/156
f 661/648/163 692/648/164 691/646/153 659/646/152
f 708/641/121 728/641/121 727/639/122 707/639/122
f 693/650/127 713/650/169 712/648/170 692/648/164
f 686/637/157 706/637/167 704/635/168 684/635/158
f 701/666/136 721/666/181 720/664/183 700/664/160
f 694/652/126 714/652/180 713/650/169 693/650/127
f 687/639/166 707/639/184 706/637/167 686/637/157
f 702/668/135 722/668/178 721/666/181 701/666/136
f 695/654/162 715/654/177 714/652/180 694/652/126
f 688/641/144 708/641/182 707/639/184 687/639/166
f 703/670/148 723/670/175 722/668/178 702/668/135
f 696/656/140 716/656/174 715/654/177 695/654/162
f 689/643/143 709/643/179 708/641/182 688/641/144
f 685/672/147 705/672/172 723/670/175 703/670/148
f 697/658/139 717/658/171 716/656/174 696/656/140
f 690/645/154 710/645/176 709/643/179 689/643/143
f 698/660/129 718/660/132 717/658/171 697/658/139
f 691/646/153 711/646/173 710/645/176 690/645/154
f 699/662/130 719/662/131 718/660/132 698/660/129
f 692/648/164 712/648/170 711/646/173 691/646/153
f 684/635/158 704/635/168 705/157/172 685/157/147
f 724/691/1 726/710/1 727/709/1 728/708/1 729/707/1 730/706/1 731/705/1 732/704/1 733/703/1 734/702/1 735/701/1 736/700/1 737/699/1 738/698/1 739/697/1 740/696/1 741/695/1 742/694/1 743/693/1 725/692/1
f 723/670/110 743/670/110 742/668/111 722/668/111
f 716/656/115 736/656/115 735/654/116 715/654/116
f 709/643/4 729/643/4 728/641/121 708/641/121
f 705/672/5 725/672/5 743/670/110 723/670/110
f 717/658/114 737/658/114 736/656/115 716/656/115
f 710/645/120 730/645/120 729/643/4 709/643/4
f 718/660/113 738/660/113 737/658/114 717/658/114
f 711/646/119 731/646/119 730/645/120 710/645/120
f 719/662/6 739/662/6 738/660/113 718/660/113
f 712/648/118 732/648/118 731/646/119 711/646/119
f 704/635/128 724/635/128 725/157/5 705/157/5
f 720/664/12 740/664/12 739/662/6 719/662/6
f 713/650/117 733/650/117 732/648/118 712/648/118
f 706/637/123 726/637/123 724/635/128 704/635/128
f 721/666/112 741/666/112 740/664/12 720/664/12
f 714/652/7 734/652/7 733/650/117 713/650/117
f 707/639/122 727/639/122 726/637/123 706/637/123
f 722/668/111 742/668/111 741/666/112 721/666/112
f 715/654/116 735/654/116 734/652/7 714/652/7
f 744/174/7 745/157/7 747/635/117 746/636/117
f 746/636/117 747/635/117 749/637/118 748/638/118
f 748/638/118 749/637/118 751/639/119 750/640/119
f 750/640/119 751/639/119 753/641/120 752/642/120
f 752/642/120 753/641/120 755/643/4 754/644/4
f 754/644/4 755/643/4 757/645/121 756/178/121
f 756/178/121 757/645/121 759/646/122 758/647/122
f 758/647/122 759/646/122 761/648/123 760/649/123
f 760/649/123 761/648/123 763/650/128 762/651/128
f 762/651/128 763/650/128 765/652/5 764/653/5
f 764/653/5 765/652/5 767/654/110 766/655/110
f 766/655/110 767/654/110 769/656/111 768/657/111
f 768/657/111 769/656/111 771/658/112 770/659/112
f 770/659/112 771/658/112 773/660/12 772/661/12
f 772/661/12 773/660/12 775/662/6 774/663/6
f 774/663/6 775/662/6 777/664/113 776/665/113
f 776/665/113 777/664/113 779/666/114 778/667/114
f 778/667/114 779/666/114 781/668/115 780/669/115
f 747/635/145 745/157/146 785/157/147 784/635/148
f 780/669/115 781/668/115 783/670/116 782/671/116
f 782/671/116 783/670/116 745/672/7 744/184/7
f 744/292/8 746/673/8 748/674/8 750/675/8 752/676/8 754/677/8 756/271/8 758/678/8 760/679/8 762/680/8 764/681/8 766/682/8 768/683/8 770/684/8 772/685/8 774/686/8 776/687/8 778/688/8 780/689/8 782/690/8
f 800/664/144 799/662/143 819/662/179 820/664/182
f 771/658/152 769/656/163 796/656/164 797/658/153
f 781/668/156 779/666/165 801/666/166 802/668/157
f 757/645/149 755/643/150 789/643/130 790/645/129
f 767/654/124 765/652/125 794/652/126 795/654/127
f 777/664/141 775/662/142 799/662/143 800/664/144
f 753/641/159 751/639/133 787/639/136 788/641/160
f 763/650/161 761/648/137 792/648/140 793/650/162
f 773/660/151 771/658/152 797/658/153 798/660/154
f 783/670/155 781/668/156 802/668/157 803/670/158
f 749/637/134 747/635/145 784/635/148 786/637/135
f 759/646/138 757/645/149 790/645/129 791/646/139
f 769/656/163 767/654/124 795/654/127 796/656/164
f 779/666/165 777/664/141 800/664/144 801/666/166
f 755/643/150 753/641/159 788/641/160 789/643/130
f 765/652/125 763/650/161 793/650/162 794/652/126
f 775/662/142 773/660/151 798/660/154 799/662/143
f 745/672/146 783/670/155 803/670/158 785/672/147
f 751/639/133 749/637/134 786/637/135 787/639/136
f 761/648/137 759/646/138 791/646/139 792/648/140
f 808/641/12 807/639/112 827/639/112 828/641/12
f 793/650/162 792/648/140 812/648/174 813/650/177
f 786/637/135 784/635/148 804/635/175 806/637/178
f 801/666/166 800/664/144 820/664/182 821/666/184
f 794/652/126 793/650/162 813/650/177 814/652/180
f 787/639/136 786/637/135 806/637/178 807/639/181
f 802/668/157 801/666/166 821/666/184 822/668/167
f 795/654/127 794/652/126 814/652/180 815/654/169
f 788/641/160 787/639/136 807/639/181 808/641/183
f 803/670/158 802/668/157 822/668/167 823/670/168
f 796/656/164 795/654/127 815/654/169 816/656/170
f 789/643/130 788/641/160 808/641/183 809/643/131
f 785/672/147 803/670/158 823/670/168 805/672/172
f 797/658/153 796/656/164 816/656/170 817/658/173
f 790/645/129 789/643/130 809/643/131 810/645/132
f 798/660/154 797/658/153 817/658/173 818/660/176
f 791/646/139 790/645/129 810/645/132 811/646/171
f 799/662/143 798/660/154 818/660/176 819/662/179
f 792/648/140 791/646/139 811/646/171 812/648/174
f 784/635/148 785/157/147 805/157/172 804/635/175
f 824/691/1 825/692/1 843/693/1 842/694/1 841/695/1 840/696/1 839/697/1 838/698/1 837/699/1 836/700/1 835/701/1 834/702/1 833/703/1 832/704/1 831/705/1 830/706/1 829/707/1 828/708/1 827/709/1 826/710/1
f 823/670/128 822/668/123 842/668/123 843/670/128
f 816/656/118 815/654/117 835/654/117 836/656/118
f 809/643/6 808/641/12 828/641/12 829/643/6
f 805/672/5 823/670/128 843/670/128 825/672/5
f 817/658/119 816/656/118 836/656/118 837/658/119
f 810/645/113 809/643/6 829/643/6 830/645/113
f 818/660/120 817/658/119 837/658/119 838/660/120
f 811/646/114 810/645/113 830/645/113 831/646/114
f 819/662/4 818/660/120 838/660/120 839/662/4
f 812/648/115 811/646/114 831/646/114 832/648/115
f 804/635/110 805/157/5 825/157/5 824/635/110
f 820/664/121 819/662/4 839/662/4 840/664/121
f 813/650/116 812/648/115 832/648/115 833/650/116
f 806/637/111 804/635/110 824/635/110 826/637/111
f 821/666/122 820/664/121 840/664/121 841/666/122
f 814/652/7 813/650/116 833/650/116 834/652/7
f 807/639/112 806/637/111 826/637/111 827/639/112
f 822/668/123 821/666/122 841/666/122 842/668/123
f 815/654/117 814/652/7 834/652/7 835/654/117
f 1424/921/205 1440/922/206 1445/923/207
f 1425/924/208 1441/925/209 1447/926/210
f 1426/927/211 1442/928/212 1448/929/213
f 1427/930/214 1443/931/215 1449/932/216
f 1428/933/217 1444/934/218 1446/935/219
f 1446/935/219 1449/936/216 1429/937/1
f 1446/935/219 1444/934/218 1449/936/216
f 1444/934/218 1427/930/214 1449/936/216
f 1449/932/216 1448/938/213 1429/939/1
f 1449/932/216 1443/931/215 1448/938/213
f 1443/931/215 1426/927/211 1448/938/213
f 1448/929/213 1447/940/210 1429/941/1
f 1448/929/213 1442/928/212 1447/940/210
f 1442/928/212 1425/942/208 1447/940/210
f 1447/926/210 1445/943/207 1429/944/1
f 1447/926/210 1441/925/209 1445/943/207
f 1441/925/209 1424/921/205 1445/943/207
f 1445/923/207 1446/945/219 1429/946/1
f 1445/923/207 1440/922/206 1446/945/219
f 1440/922/206 1428/933/217 1446/945/219
f 1431/947/220 1444/934/218 1428/933/217
f 1431/947/220 1438/948/221 1444/934/218
f 1438/948/221 1427/930/214 1444/934/218
f 1439/949/222 1443/931/215 1427/930/214
f 1439/949/222 1436/950/223 1443/931/215
f 1436/950/223 1426/927/211 1443/931/215
f 1437/951/224 1442/928/212 1426/927/211
f 1437/951/224 1434/952/225 1442/928/212
f 1434/952/225 1425/942/208 1442/928/212
f 1435/953/226 1441/925/209 1425/924/208
f 1435/953/226 1432/954/227 1441/925/209
f 1432/954/227 1424/921/205 1441/925/209
f 1433/955/228 1440/922/206 1424/921/205
f 1433/955/228 1430/956/229 1440/922/206
f 1430/956/229 1428/933/217 1440/922/206
f 1438/948/221 1439/949/222 1427/930/214
f 1436/950/223 1437/951/224 1426/927/211
f 1434/952/225 1435/957/226 1425/942/208
f 1432/954/227 1433/955/228 1424/921/205
f 1430/956/229 1431/947/220 1428/933/217
f 2790/13/4 2791/40/4 2793/386/4 2792/619/4
f 2798/1321/5 2803/1322/5 2797/715/5 2796/613/5
f 2796/613/6 2797/715/6 2795/717/6 2794/612/6
f 2804/1323/7 2809/1324/7 2791/371/7 2790/372/7
f 2798/1325/6 2796/613/6 2794/612/6 2806/1326/6
f 2801/1327/270 2793/725/271 2791/726/271 2809/1328/270
f 2797/715/272 2803/1329/273 2807/1330/273 2795/717/272
f 2803/1329/273 2802/1331/274 2808/1332/274 2807/1330/273
f 2802/1331/274 2801/1327/270 2809/1328/270 2808/1332/274
f 2792/628/8 2800/1333/8 2804/1334/8 2790/629/8
f 2800/1333/8 2799/1335/8 2805/1336/8 2804/1334/8
f 2799/1335/8 2798/1325/8 2806/1326/8 2805/1336/8
f 2794/612/7 2795/717/7 2807/1337/7 2806/1338/7
f 2806/1338/7 2807/1337/7 2808/1339/7 2805/1340/7
f 2805/1340/7 2808/1339/7 2809/1324/7 2804/1323/7
f 2792/619/5 2793/386/5 2801/1341/5 2800/1342/5
f 2800/1342/5 2801/1341/5 2802/1343/5 2799/1344/5
f 2799/1344/5 2802/1343/5 2803/1322/5 2798/1321/5
f 2810/13/6 2812/619/6 2813/386/6 2811/40/6
f 2818/1321/5 2816/613/5 2817/715/5 2823/1322/5
f 2816/613/4 2814/612/4 2815/717/4 2817/715/4
f 2824/1323/7 2810/372/7 2811/371/7 2829/1324/7
f 2818/1325/4 2826/1326/4 2814/612/4 2816/613/4
f 2821/1327/275 2829/1328/275 2811/726/276 2813/725/276
f 2817/715/277 2815/717/277 2827/1330/278 2823/1329/278
f 2823/1329/278 2827/1330/278 2828/1332/279 2822/1331/279
f 2822/1331/279 2828/1332/279 2829/1328/275 2821/1327/275
f 2812/628/8 2810/629/8 2824/1334/8 2820/1333/8
f 2820/1333/8 2824/1334/8 2825/1336/8 2819/1335/8
f 2819/1335/8 2825/1336/8 2826/1326/8 2818/1325/8
f 2814/612/7 2826/1338/7 2827/1337/7 2815/717/7
f 2826/1338/7 2825/1340/7 2828/1339/7 2827/1337/7
f 2825/1340/7 2824/1323/7 2829/1324/7 2828/1339/7
f 2812/619/5 2820/1342/5 2821/1341/5 2813/386/5
f 2820/1342/5 2819/1344/5 2822/1343/5 2821/1341/5
f 2819/1344/5 2818/1321/5 2823/1322/5 2822/1343/5
f 2830/13/4 2832/619/4 2833/386/4 2831/40/4
f 2838/1321/7 2836/613/7 2837/715/7 2843/1322/7
f 2836/613/6 2834/612/6 2835/717/6 2837/715/6
f 2844/1323/5 2830/372/5 2831/371/5 2849/1324/5
f 2838/1325/6 2846/1326/6 2834/612/6 2836/613/6
f 2841/1327/270 2849/1328/270 2831/726/271 2833/725/271
f 2837/715/272 2835/717/272 2847/1330/273 2843/1329/273
f 2843/1329/273 2847/1330/273 2848/1332/274 2842/1331/274
f 2842/1331/274 2848/1332/274 2849/1328/270 2841/1327/270
f 2832/628/8 2830/629/8 2844/1334/8 2840/1333/8
f 2840/1333/8 2844/1334/8 2845/1336/8 2839/1335/8
f 2839/1335/8 2845/1336/8 2846/1326/8 2838/1325/8
f 2834/612/5 2846/1338/5 2847/1337/5 2835/717/5
f 2846/1338/5 2845/1340/5 2848/1339/5 2847/1337/5
f 2845/1340/5 2844/1323/5 2849/1324/5 2848/1339/5
f 2832/619/7 2840/1342/7 2841/1341/7 2833/386/7
f 2840/1342/7 2839/1344/7 2842/1343/7 2841/1341/7
f 2839/1344/7 2838/1321/7 2843/1322/7 2842/1343/7
f 2850/13/6 2851/40/6 2853/386/6 2852/619/6
f 2858/1321/7 2863/1322/7 2857/715/7 2856/613/7
f 2856/613/4 2857/715/4 2855/717/4 2854/612/4
f 2864/1323/5 2869/1324/5 2851/371/5 2850/372/5
f 2858/1325/4 2856/613/4 2854/612/4 2866/1326/4
f 2861/1327/275 2853/725/276 2851/726/276 2869/1328/275
f 2857/715/277 2863/1329/278 2867/1330/278 2855/717/277
f 2863/1329/278 2862/1331/279 2868/1332/279 2867/1330/278
f 2862/1331/279 2861/1327/275 2869/1328/275 2868/1332/279
f 2852/628/8 2860/1333/8 2864/1334/8 2850/629/8
f 2860/1333/8 2859/1335/8 2865/1336/8 2864/1334/8
f 2859/1335/8 2858/1325/8 2866/1326/8 2865/1336/8
f 2854/612/5 2855/717/5 2867/1337/5 2866/1338/5
f 2866/1338/5 2867/1337/5 2868/1339/5 2865/1340/5
f 2865/1340/5 2868/1339/5 2869/1324/5 2864/1323/5
f 2852/619/7 2853/386/7 2861/1341/7 2860/1342/7
f 2860/1342/7 2861/1341/7 2862/1343/7 2859/1344/7
f 2859/1344/7 2862/1343/7 2863/1322/7 2858/1321/7
usemtl Material.006
f 316/606/1 345/609/1 422/609/1 420/606/1
f 310/607/106 316/606/106 420/606/106 419/607/106
f 345/609/107 337/608/107 421/608/107 422/609/107
s 0
usemtl Material.004
f 893/711/4 845/40/4 847/386/4 894/712/4
f 938/713/5 871/714/5 851/715/5 896/716/5
f 896/716/6 851/715/6 849/717/6 898/718/6
f 918/719/7 891/720/7 845/371/7 893/721/7
f 852/722/8 850/613/8 848/612/8 881/723/8
f 862/724/1 847/725/1 845/726/1 891/727/1
f 851/715/1 871/728/1 882/729/1 849/717/1
f 871/728/1 870/730/1 883/731/1 882/729/1
f 870/730/1 869/732/1 884/733/1 883/731/1
f 869/732/1 868/734/1 885/735/1 884/733/1
f 868/734/1 867/736/1 886/737/1 885/735/1
f 867/736/1 866/738/1 887/739/1 886/737/1
f 866/738/1 865/740/1 888/741/1 887/739/1
f 865/740/1 864/742/1 889/743/1 888/741/1
f 864/742/1 863/744/1 890/745/1 889/743/1
f 863/744/1 862/724/1 891/727/1 890/745/1
f 846/628/8 861/746/8 872/747/8 844/629/8
f 861/746/8 860/748/8 873/749/8 872/747/8
f 860/748/8 859/750/8 874/751/8 873/749/8
f 859/750/8 858/752/8 875/753/8 874/751/8
f 858/752/8 857/754/8 876/755/8 875/753/8
f 857/754/8 856/756/8 877/757/8 876/755/8
f 856/756/8 855/758/8 878/759/8 877/757/8
f 855/758/8 854/760/8 879/761/8 878/759/8
f 854/760/8 853/762/8 880/763/8 879/761/8
f 853/762/8 852/722/8 881/723/8 880/763/8
f 898/718/7 849/717/7 882/764/7 900/765/7
f 900/765/7 882/764/7 883/766/7 902/767/7
f 902/767/7 883/766/7 884/768/7 904/769/7
f 904/769/7 884/768/7 885/770/7 906/771/7
f 906/771/7 885/770/7 886/772/7 908/773/7
f 908/773/7 886/772/7 887/774/7 910/775/7
f 910/775/7 887/774/7 888/776/7 912/777/7
f 912/777/7 888/776/7 889/778/7 914/779/7
f 914/779/7 889/778/7 890/780/7 916/781/7
f 916/781/7 890/780/7 891/720/7 918/719/7
f 894/712/5 847/386/5 862/782/5 920/783/5
f 920/783/5 862/782/5 863/784/5 922/785/5
f 922/785/5 863/784/5 864/786/5 924/787/5
f 924/787/5 864/786/5 865/788/5 926/789/5
f 926/789/5 865/788/5 866/790/5 928/791/5
f 928/791/5 866/790/5 867/792/5 930/793/5
f 930/793/5 867/792/5 868/794/5 932/795/5
f 932/795/5 868/794/5 869/796/5 934/797/5
f 934/797/5 869/796/5 870/798/5 936/799/5
f 936/799/5 870/798/5 871/714/5 938/713/5
f 853/800/5 937/801/5 939/802/5 852/803/5
f 927/804/8 925/805/8 945/805/8 947/804/8
f 854/806/5 935/807/5 937/801/5 853/800/5
f 935/807/5 934/797/5 936/799/5 937/801/5
f 855/808/5 933/809/5 935/807/5 854/806/5
f 937/801/4 936/799/4 956/799/4 957/801/4
f 856/810/5 931/811/5 933/809/5 855/808/5
f 931/811/5 930/793/5 932/795/5 933/809/5
f 857/812/5 929/813/5 931/811/5 856/810/5
f 935/807/8 933/809/8 953/809/8 955/807/8
f 858/814/5 927/804/5 929/813/5 857/812/5
f 927/804/5 926/789/5 928/791/5 929/813/5
f 859/815/5 925/805/5 927/804/5 858/814/5
f 929/813/4 928/791/4 948/791/4 949/813/4
f 860/816/5 923/817/5 925/805/5 859/815/5
f 923/817/5 922/785/5 924/787/5 925/805/5
f 861/818/5 921/819/5 923/817/5 860/816/5
f 921/819/4 920/783/4 940/783/4 941/819/4
f 846/619/5 895/820/5 921/819/5 861/818/5
f 895/820/5 894/712/5 920/783/5 921/819/5
f 873/821/7 917/822/7 919/823/7 872/824/7
f 917/822/7 916/781/7 918/719/7 919/823/7
f 874/825/7 915/826/7 917/822/7 873/821/7
f 915/826/7 914/779/7 916/781/7 917/822/7
f 875/827/7 913/828/7 915/826/7 874/825/7
f 913/828/7 912/777/7 914/779/7 915/826/7
f 876/829/7 911/830/7 913/828/7 875/827/7
f 911/830/7 910/775/7 912/777/7 913/828/7
f 877/831/7 909/832/7 911/830/7 876/829/7
f 909/832/7 908/773/7 910/775/7 911/830/7
f 878/833/7 907/834/7 909/832/7 877/831/7
f 907/834/7 906/771/7 908/773/7 909/832/7
f 879/835/7 905/836/7 907/834/7 878/833/7
f 905/836/7 904/769/7 906/771/7 907/834/7
f 880/837/7 903/838/7 905/836/7 879/835/7
f 903/838/7 902/767/7 904/769/7 905/836/7
f 881/839/7 901/840/7 903/838/7 880/837/7
f 901/840/7 900/765/7 902/767/7 903/838/7
f 848/612/7 899/841/7 901/840/7 881/839/7
f 899/841/7 898/718/7 900/765/7 901/840/7
f 872/824/7 919/823/7 892/842/7 844/372/7
f 919/823/7 918/719/7 893/721/7 892/842/7
f 850/613/6 897/843/6 899/841/6 848/612/6
f 897/843/6 896/716/6 898/718/6 899/841/6
f 852/803/5 939/802/5 897/843/5 850/613/5
f 939/802/5 938/713/5 896/716/5 897/843/5
f 844/13/4 892/844/4 895/820/4 846/619/4
f 892/844/4 893/711/4 894/712/4 895/820/4
f 957/801/5 956/799/5 958/713/5 959/802/5
f 953/809/5 952/795/5 954/797/5 955/807/5
f 949/813/5 948/791/5 950/793/5 951/811/5
f 945/805/5 944/787/5 946/789/5 947/804/5
f 941/819/5 940/783/5 942/785/5 943/817/5
f 932/795/1 934/797/1 954/797/1 952/795/1
f 922/785/6 923/817/6 943/817/6 942/785/6
f 924/787/1 926/789/1 946/789/1 944/787/1
f 930/793/6 931/811/6 951/811/6 950/793/6
f 938/713/6 939/802/6 959/802/6 958/713/6
f 925/805/4 924/787/4 944/787/4 945/805/4
f 939/802/8 937/801/8 957/801/8 959/802/8
f 933/809/4 932/795/4 952/795/4 953/809/4
f 931/811/8 929/813/8 949/813/8 951/811/8
f 936/799/1 938/713/1 958/713/1 956/799/1
f 923/817/8 921/819/8 941/819/8 943/817/8
f 928/791/1 930/793/1 950/793/1 948/791/1
f 926/789/6 927/804/6 947/804/6 946/789/6
f 920/783/1 922/785/1 942/785/1 940/783/1
f 934/797/6 935/807/6 955/807/6 954/797/6
s 1
f 1008/870/185 1010/372/77 1015/371/77 1013/871/185
f 1010/13/77 1011/872/79 1014/873/79 1015/40/77
f 1011/872/79 1009/874/186 1012/875/186 1014/873/79
f 1020/876/187 1022/877/72 1019/878/72 1017/879/187
f 1022/877/72 1023/880/70 1018/881/70 1019/878/72
f 1023/880/70 1021/882/188 1016/883/188 1018/881/70
f 1036/884/189 1038/885/65 1035/886/65 1033/887/189
f 1038/885/65 1039/888/63 1034/889/63 1035/886/65
f 1039/888/63 1037/890/190 1032/891/190 1034/889/63
f 1028/892/191 1030/893/56 1027/894/56 1025/895/191
f 1030/893/56 1031/896/58 1026/897/58 1027/894/56
f 1031/896/58 1029/898/192 1024/899/192 1026/897/58
f 1016/900/8 1009/901/8 1011/902/8 1010/903/8 1008/904/8 1025/895/8 1027/894/8 1026/897/8 1024/899/8 1033/887/8 1035/886/8 1034/889/8 1032/891/8 1017/905/8 1019/906/8 1018/907/8
f 1009/874/186 1016/883/188 1021/882/188 1012/875/186
f 1025/895/191 1008/870/185 1013/871/185 1028/892/191
f 1036/884/1 1029/898/1 1031/896/1 1030/893/1 1028/892/1 1013/908/1 1015/909/1 1014/910/1 1012/911/1 1021/912/1 1023/913/1 1022/914/1 1020/915/1 1037/890/1 1039/888/1 1038/885/1
f 1017/879/187 1032/891/190 1037/890/190 1020/876/187
f 1033/887/189 1024/899/192 1029/898/192 1036/884/189
f 1042/628/8 1040/629/8 1044/612/8 1046/613/8
f 1060/870/185 1062/372/76 1067/371/76 1065/871/185
f 1062/13/78 1063/872/79 1066/873/79 1067/40/78
f 1063/872/79 1061/874/186 1064/875/186 1066/873/79
f 1072/876/187 1074/877/73 1071/878/73 1069/879/187
f 1074/877/71 1075/880/70 1070/881/70 1071/878/71
f 1075/880/70 1073/882/188 1068/883/188 1070/881/70
f 1088/884/189 1090/885/66 1087/886/66 1085/887/189
f 1090/885/64 1091/888/63 1086/889/63 1087/886/64
f 1091/888/63 1089/890/190 1084/891/190 1086/889/63
f 1080/892/191 1082/893/56 1079/894/56 1077/895/191
f 1082/893/56 1083/896/57 1078/897/57 1079/894/56
f 1083/896/59 1081/898/192 1076/899/192 1078/897/59
f 1068/900/8 1061/901/8 1063/902/8 1062/903/8 1060/904/8 1077/895/8 1079/894/8 1078/897/8 1076/899/8 1085/887/8 1087/886/8 1086/889/8 1084/891/8 1069/905/8 1071/906/8 1070/907/8
f 1061/874/186 1068/883/188 1073/882/188 1064/875/186
f 1077/895/191 1060/870/185 1065/871/185 1080/892/191
f 1088/884/1 1081/898/1 1083/896/1 1082/893/1 1080/892/1 1065/908/1 1067/909/1 1066/910/1 1064/911/1 1073/912/1 1075/913/1 1074/914/1 1072/915/1 1089/890/1 1091/888/1 1090/885/1
f 1069/879/187 1084/891/190 1089/890/190 1072/876/187
f 1085/887/189 1076/899/192 1081/898/192 1088/884/189
f 1094/628/8 1092/629/8 1096/612/8 1098/613/8
f 1112/870/185 1114/372/76 1119/371/76 1117/871/185
f 1114/13/78 1115/872/79 1118/873/79 1119/40/78
f 1115/872/79 1113/874/186 1116/875/186 1118/873/79
f 1124/876/187 1126/877/73 1123/878/73 1121/879/187
f 1126/877/71 1127/880/70 1122/881/70 1123/878/71
f 1127/880/70 1125/882/188 1120/883/188 1122/881/70
f 1140/884/189 1142/885/65 1139/886/65 1137/887/189
f 1142/885/65 1143/888/64 1138/889/64 1139/886/65
f 1143/888/62 1141/890/190 1136/891/190 1138/889/62
f 1132/892/191 1134/893/55 1131/894/55 1129/895/191
f 1134/893/57 1135/896/58 1130/897/58 1131/894/57
f 1135/896/58 1133/898/192 1128/899/192 1130/897/58
f 1120/900/8 1113/901/8 1115/902/8 1114/903/8 1112/904/8 1129/895/8 1131/894/8 1130/897/8 1128/899/8 1137/887/8 1139/886/8 1138/889/8 1136/891/8 1121/905/8 1123/906/8 1122/907/8
f 1113/874/186 1120/883/188 1125/882/188 1116/875/186
f 1129/895/191 1112/870/185 1117/871/185 1132/892/191
f 1140/884/1 1133/898/1 1135/896/1 1134/893/1 1132/892/1 1117/908/1 1119/909/1 1118/910/1 1116/911/1 1125/912/1 1127/913/1 1126/914/1 1124/915/1 1141/890/1 1143/888/1 1142/885/1
f 1121/879/187 1136/891/190 1141/890/190 1124/876/187
f 1137/887/189 1128/899/192 1133/898/192 1140/884/189
f 1146/628/8 1144/629/8 1148/612/8 1150/613/8
f 1164/870/185 1166/372/76 1171/371/76 1169/871/185
f 1166/13/78 1167/872/79 1170/873/79 1171/40/78
f 1167/872/79 1165/874/186 1168/875/186 1170/873/79
f 1176/876/187 1178/877/73 1175/878/73 1173/879/187
f 1178/877/71 1179/880/70 1174/881/70 1175/878/71
f 1179/880/70 1177/882/188 1172/883/188 1174/881/70
f 1192/884/189 1194/885/65 1191/886/65 1189/887/189
f 1194/885/65 1195/888/64 1190/889/64 1191/886/65
f 1195/888/62 1193/890/190 1188/891/190 1190/889/62
f 1184/892/191 1186/893/55 1183/894/55 1181/895/191
f 1186/893/57 1187/896/58 1182/897/58 1183/894/57
f 1187/896/58 1185/898/192 1180/899/192 1182/897/58
f 1172/900/8 1165/901/8 1167/902/8 1166/903/8 1164/904/8 1181/895/8 1183/894/8 1182/897/8 1180/899/8 1189/887/8 1191/886/8 1190/889/8 1188/891/8 1173/905/8 1175/906/8 1174/907/8
f 1165/874/186 1172/883/188 1177/882/188 1168/875/186
f 1181/895/191 1164/870/185 1169/871/185 1184/892/191
f 1192/884/1 1185/898/1 1187/896/1 1186/893/1 1184/892/1 1169/908/1 1171/909/1 1170/910/1 1168/911/1 1177/912/1 1179/913/1 1178/914/1 1176/915/1 1193/890/1 1195/888/1 1194/885/1
f 1173/879/187 1188/891/190 1193/890/190 1176/876/187
f 1189/887/189 1180/899/192 1185/898/192 1192/884/189
f 1198/628/8 1196/629/8 1200/612/8 1202/613/8
f 1216/870/185 1218/372/77 1223/371/77 1221/871/185
f 1218/13/77 1219/872/78 1222/873/78 1223/40/77
f 1219/872/80 1217/874/186 1220/875/186 1222/873/80
f 1228/876/187 1230/877/73 1227/878/73 1225/879/187
f 1230/877/71 1231/880/70 1226/881/70 1227/878/71
f 1231/880/70 1229/882/188 1224/883/188 1226/881/70
f 1244/884/189 1246/885/65 1243/886/65 1241/887/189
f 1246/885/65 1247/888/64 1242/889/64 1243/886/65
f 1247/888/62 1245/890/190 1240/891/190 1242/889/62
f 1236/892/191 1238/893/56 1235/894/56 1233/895/191
f 1238/893/56 1239/896/57 1234/897/57 1235/894/56
f 1239/896/59 1237/898/192 1232/899/192 1234/897/59
f 1224/900/8 1217/901/8 1219/902/8 1218/903/8 1216/904/8 1233/895/8 1235/894/8 1234/897/8 1232/899/8 1241/887/8 1243/886/8 1242/889/8 1240/891/8 1225/905/8 1227/906/8 1226/907/8
f 1217/874/186 1224/883/188 1229/882/188 1220/875/186
f 1233/895/191 1216/870/185 1221/871/185 1236/892/191
f 1244/884/1 1237/898/1 1239/896/1 1238/893/1 1236/892/1 1221/908/1 1223/909/1 1222/910/1 1220/911/1 1229/912/1 1231/913/1 1230/914/1 1228/915/1 1245/890/1 1247/888/1 1246/885/1
f 1225/879/187 1240/891/190 1245/890/190 1228/876/187
f 1241/887/189 1232/899/192 1237/898/192 1244/884/189
f 1250/628/8 1248/629/8 1252/612/8 1254/613/8
f 1268/870/185 1270/372/76 1275/371/76 1273/871/185
f 1270/13/78 1271/872/78 1274/873/78 1275/40/78
f 1271/872/80 1269/874/186 1272/875/186 1274/873/80
f 1280/876/187 1282/877/73 1279/878/73 1277/879/187
f 1282/877/71 1283/880/70 1278/881/70 1279/878/71
f 1283/880/70 1281/882/188 1276/883/188 1278/881/70
f 1296/884/189 1298/885/66 1295/886/66 1293/887/189
f 1298/885/64 1299/888/64 1294/889/64 1295/886/64
f 1299/888/62 1297/890/190 1292/891/190 1294/889/62
f 1288/892/191 1290/893/56 1287/894/56 1285/895/191
f 1290/893/56 1291/896/57 1286/897/57 1287/894/56
f 1291/896/59 1289/898/192 1284/899/192 1286/897/59
f 1276/900/8 1269/901/8 1271/902/8 1270/903/8 1268/904/8 1285/895/8 1287/894/8 1286/897/8 1284/899/8 1293/887/8 1295/886/8 1294/889/8 1292/891/8 1277/905/8 1279/906/8 1278/907/8
f 1269/874/186 1276/883/188 1281/882/188 1272/875/186
f 1285/895/191 1268/870/185 1273/871/185 1288/892/191
f 1296/884/1 1289/898/1 1291/896/1 1290/893/1 1288/892/1 1273/908/1 1275/909/1 1274/910/1 1272/911/1 1281/912/1 1283/913/1 1282/914/1 1280/915/1 1297/890/1 1299/888/1 1298/885/1
f 1277/879/187 1292/891/190 1297/890/190 1280/876/187
f 1293/887/189 1284/899/192 1289/898/192 1296/884/189
f 1302/628/8 1300/629/8 1304/612/8 1306/613/8
f 1320/870/185 1322/372/76 1327/371/76 1325/871/185
f 1322/13/78 1323/872/79 1326/873/79 1327/40/78
f 1323/872/79 1321/874/186 1324/875/186 1326/873/79
f 1332/876/187 1334/877/73 1331/878/73 1329/879/187
f 1334/877/71 1335/880/70 1330/881/70 1331/878/71
f 1335/880/70 1333/882/188 1328/883/188 1330/881/70
f 1348/884/189 1350/885/65 1347/886/65 1345/887/189
f 1350/885/65 1351/888/64 1346/889/64 1347/886/65
f 1351/888/62 1349/890/190 1344/891/190 1346/889/62
f 1340/892/191 1342/893/55 1339/894/55 1337/895/191
f 1342/893/57 1343/896/58 1338/897/58 1339/894/57
f 1343/896/58 1341/898/192 1336/899/192 1338/897/58
f 1328/900/8 1321/901/8 1323/902/8 1322/903/8 1320/904/8 1337/895/8 1339/894/8 1338/897/8 1336/899/8 1345/887/8 1347/886/8 1346/889/8 1344/891/8 1329/905/8 1331/906/8 1330/907/8
f 1321/874/186 1328/883/188 1333/882/188 1324/875/186
f 1337/895/191 1320/870/185 1325/871/185 1340/892/191
f 1348/884/1 1341/898/1 1343/896/1 1342/893/1 1340/892/1 1325/908/1 1327/909/1 1326/910/1 1324/911/1 1333/912/1 1335/913/1 1334/914/1 1332/915/1 1349/890/1 1351/888/1 1350/885/1
f 1329/879/187 1344/891/190 1349/890/190 1332/876/187
f 1345/887/189 1336/899/192 1341/898/192 1348/884/189
f 1354/628/8 1352/629/8 1356/612/8 1358/613/8
f 1372/870/185 1374/372/76 1379/371/76 1377/871/185
f 1374/13/78 1375/872/79 1378/873/79 1379/40/78
f 1375/872/79 1373/874/186 1376/875/186 1378/873/79
f 1384/876/187 1386/877/73 1383/878/73 1381/879/187
f 1386/877/71 1387/880/70 1382/881/70 1383/878/71
f 1387/880/70 1385/882/188 1380/883/188 1382/881/70
f 1400/884/189 1402/885/65 1399/886/65 1397/887/189
f 1402/885/65 1403/888/64 1398/889/64 1399/886/65
f 1403/888/62 1401/890/190 1396/891/190 1398/889/62
f 1392/892/191 1394/893/55 1391/894/55 1389/895/191
f 1394/893/57 1395/896/58 1390/897/58 1391/894/57
f 1395/896/58 1393/898/192 1388/899/192 1390/897/58
f 1380/900/8 1373/901/8 1375/902/8 1374/903/8 1372/904/8 1389/895/8 1391/894/8 1390/897/8 1388/899/8 1397/887/8 1399/886/8 1398/889/8 1396/891/8 1381/905/8 1383/906/8 1382/907/8
f 1373/874/186 1380/883/188 1385/882/188 1376/875/186
f 1389/895/191 1372/870/185 1377/871/185 1392/892/191
f 1400/884/1 1393/898/1 1395/896/1 1394/893/1 1392/892/1 1377/908/1 1379/909/1 1378/910/1 1376/911/1 1385/912/1 1387/913/1 1386/914/1 1384/915/1 1401/890/1 1403/888/1 1402/885/1
f 1381/879/187 1396/891/190 1401/890/190 1384/876/187
f 1397/887/189 1388/899/192 1393/898/192 1400/884/189
f 1406/628/8 1404/629/8 1408/612/8 1410/613/8
f 1632/870/191 1637/871/191 1639/371/56 1634/372/56
f 1634/13/56 1639/40/56 1638/873/58 1635/872/58
f 1635/872/58 1638/873/58 1636/875/192 1633/874/192
f 1644/876/190 1641/879/190 1643/878/63 1646/877/63
f 1646/877/63 1643/878/63 1642/881/65 1647/880/65
f 1647/880/65 1642/881/65 1640/883/189 1645/882/189
f 1660/884/188 1657/887/188 1659/886/70 1662/885/70
f 1662/885/70 1659/886/70 1658/889/72 1663/888/72
f 1663/888/72 1658/889/72 1656/891/187 1661/890/187
f 1652/892/185 1649/895/185 1651/894/77 1654/893/77
f 1654/893/77 1651/894/77 1650/897/79 1655/896/79
f 1655/896/79 1650/897/79 1648/899/186 1653/898/186
f 1640/900/8 1642/907/8 1643/906/8 1641/905/8 1656/891/8 1658/889/8 1659/886/8 1657/887/8 1648/899/8 1650/897/8 1651/894/8 1649/895/8 1632/904/8 1634/903/8 1635/902/8 1633/901/8
f 1633/874/192 1636/875/192 1645/882/189 1640/883/189
f 1649/895/185 1652/892/185 1637/871/191 1632/870/191
f 1660/884/1 1662/885/1 1663/888/1 1661/890/1 1644/915/1 1646/914/1 1647/913/1 1645/912/1 1636/911/1 1638/910/1 1639/909/1 1637/908/1 1652/892/1 1654/893/1 1655/896/1 1653/898/1
f 1641/879/190 1644/876/190 1661/890/187 1656/891/187
f 1657/887/188 1660/884/188 1653/898/186 1648/899/186
f 1666/628/8 1670/613/8 1668/612/8 1664/629/8
f 1684/870/191 1689/871/191 1691/371/55 1686/372/55
f 1686/13/57 1691/40/57 1690/873/58 1687/872/58
f 1687/872/58 1690/873/58 1688/875/192 1685/874/192
f 1696/876/190 1693/879/190 1695/878/62 1698/877/62
f 1698/877/64 1695/878/64 1694/881/65 1699/880/65
f 1699/880/65 1694/881/65 1692/883/189 1697/882/189
f 1712/884/188 1709/887/188 1711/886/69 1714/885/69
f 1714/885/71 1711/886/71 1710/889/72 1715/888/72
f 1715/888/72 1710/889/72 1708/891/187 1713/890/187
f 1704/892/185 1701/895/185 1703/894/77 1706/893/77
f 1706/893/77 1703/894/77 1702/897/78 1707/896/78
f 1707/896/80 1702/897/80 1700/899/186 1705/898/186
f 1692/900/8 1694/907/8 1695/906/8 1693/905/8 1708/891/8 1710/889/8 1711/886/8 1709/887/8 1700/899/8 1702/897/8 1703/894/8 1701/895/8 1684/904/8 1686/903/8 1687/902/8 1685/901/8
f 1685/874/192 1688/875/192 1697/882/189 1692/883/189
f 1701/895/185 1704/892/185 1689/871/191 1684/870/191
f 1712/884/1 1714/885/1 1715/888/1 1713/890/1 1696/915/1 1698/914/1 1699/913/1 1697/912/1 1688/911/1 1690/910/1 1691/909/1 1689/908/1 1704/892/1 1706/893/1 1707/896/1 1705/898/1
f 1693/879/190 1696/876/190 1713/890/187 1708/891/187
f 1709/887/188 1712/884/188 1705/898/186 1700/899/186
f 1718/628/8 1722/613/8 1720/612/8 1716/629/8
f 1736/870/191 1741/871/191 1743/371/55 1738/372/55
f 1738/13/57 1743/40/57 1742/873/58 1739/872/58
f 1739/872/58 1742/873/58 1740/875/192 1737/874/192
f 1748/876/190 1745/879/190 1747/878/62 1750/877/62
f 1750/877/64 1747/878/64 1746/881/65 1751/880/65
f 1751/880/65 1746/881/65 1744/883/189 1749/882/189
f 1764/884/188 1761/887/188 1763/886/70 1766/885/70
f 1766/885/70 1763/886/70 1762/889/71 1767/888/71
f 1767/888/73 1762/889/73 1760/891/187 1765/890/187
f 1756/892/185 1753/895/185 1755/894/76 1758/893/76
f 1758/893/78 1755/894/78 1754/897/79 1759/896/79
f 1759/896/79 1754/897/79 1752/899/186 1757/898/186
f 1744/900/8 1746/907/8 1747/906/8 1745/905/8 1760/891/8 1762/889/8 1763/886/8 1761/887/8 1752/899/8 1754/897/8 1755/894/8 1753/895/8 1736/904/8 1738/903/8 1739/902/8 1737/901/8
f 1737/874/192 1740/875/192 1749/882/189 1744/883/189
f 1753/895/185 1756/892/185 1741/871/191 1736/870/191
f 1764/884/1 1766/885/1 1767/888/1 1765/890/1 1748/915/1 1750/914/1 1751/913/1 1749/912/1 1740/911/1 1742/910/1 1743/909/1 1741/908/1 1756/892/1 1758/893/1 1759/896/1 1757/898/1
f 1745/879/190 1748/876/190 1765/890/187 1760/891/187
f 1761/887/188 1764/884/188 1757/898/186 1752/899/186
f 1770/628/8 1774/613/8 1772/612/8 1768/629/8
f 1788/870/191 1793/871/191 1795/371/55 1790/372/55
f 1790/13/57 1795/40/57 1794/873/58 1791/872/58
f 1791/872/58 1794/873/58 1792/875/192 1789/874/192
f 1800/876/190 1797/879/190 1799/878/62 1802/877/62
f 1802/877/64 1799/878/64 1798/881/65 1803/880/65
f 1803/880/65 1798/881/65 1796/883/189 1801/882/189
f 1816/884/188 1813/887/188 1815/886/70 1818/885/70
f 1818/885/70 1815/886/70 1814/889/71 1819/888/71
f 1819/888/73 1814/889/73 1812/891/187 1817/890/187
f 1808/892/185 1805/895/185 1807/894/76 1810/893/76
f 1810/893/78 1807/894/78 1806/897/79 1811/896/79
f 1811/896/79 1806/897/79 1804/899/186 1809/898/186
f 1796/900/8 1798/907/8 1799/906/8 1797/905/8 1812/891/8 1814/889/8 1815/886/8 1813/887/8 1804/899/8 1806/897/8 1807/894/8 1805/895/8 1788/904/8 1790/903/8 1791/902/8 1789/901/8
f 1789/874/192 1792/875/192 1801/882/189 1796/883/189
f 1805/895/185 1808/892/185 1793/871/191 1788/870/191
f 1816/884/1 1818/885/1 1819/888/1 1817/890/1 1800/915/1 1802/914/1 1803/913/1 1801/912/1 1792/911/1 1794/910/1 1795/909/1 1793/908/1 1808/892/1 1810/893/1 1811/896/1 1809/898/1
f 1797/879/190 1800/876/190 1817/890/187 1812/891/187
f 1813/887/188 1816/884/188 1809/898/186 1804/899/186
f 1822/628/8 1826/613/8 1824/612/8 1820/629/8
f 1840/870/191 1845/871/191 1847/371/56 1842/372/56
f 1842/13/56 1847/40/56 1846/873/57 1843/872/57
f 1843/872/59 1846/873/59 1844/875/192 1841/874/192
f 1852/876/190 1849/879/190 1851/878/62 1854/877/62
f 1854/877/64 1851/878/64 1850/881/65 1855/880/65
f 1855/880/65 1850/881/65 1848/883/189 1853/882/189
f 1868/884/188 1865/887/188 1867/886/70 1870/885/70
f 1870/885/70 1867/886/70 1866/889/71 1871/888/71
f 1871/888/73 1866/889/73 1864/891/187 1869/890/187
f 1860/892/185 1857/895/185 1859/894/77 1862/893/77
f 1862/893/77 1859/894/77 1858/897/78 1863/896/78
f 1863/896/80 1858/897/80 1856/899/186 1861/898/186
f 1848/900/8 1850/907/8 1851/906/8 1849/905/8 1864/891/8 1866/889/8 1867/886/8 1865/887/8 1856/899/8 1858/897/8 1859/894/8 1857/895/8 1840/904/8 1842/903/8 1843/902/8 1841/901/8
f 1841/874/192 1844/875/192 1853/882/189 1848/883/189
f 1857/895/185 1860/892/185 1845/871/191 1840/870/191
f 1868/884/1 1870/885/1 1871/888/1 1869/890/1 1852/915/1 1854/914/1 1855/913/1 1853/912/1 1844/911/1 1846/910/1 1847/909/1 1845/908/1 1860/892/1 1862/893/1 1863/896/1 1861/898/1
f 1849/879/190 1852/876/190 1869/890/187 1864/891/187
f 1865/887/188 1868/884/188 1861/898/186 1856/899/186
f 1874/628/8 1878/613/8 1876/612/8 1872/629/8
f 1892/870/191 1897/871/191 1899/371/55 1894/372/55
f 1894/13/57 1899/40/57 1898/873/57 1895/872/57
f 1895/872/59 1898/873/59 1896/875/192 1893/874/192
f 1904/876/190 1901/879/190 1903/878/62 1906/877/62
f 1906/877/64 1903/878/64 1902/881/65 1907/880/65
f 1907/880/65 1902/881/65 1900/883/189 1905/882/189
f 1920/884/188 1917/887/188 1919/886/69 1922/885/69
f 1922/885/71 1919/886/71 1918/889/71 1923/888/71
f 1923/888/73 1918/889/73 1916/891/187 1921/890/187
f 1912/892/185 1909/895/185 1911/894/77 1914/893/77
f 1914/893/77 1911/894/77 1910/897/78 1915/896/78
f 1915/896/80 1910/897/80 1908/899/186 1913/898/186
f 1900/900/8 1902/907/8 1903/906/8 1901/905/8 1916/891/8 1918/889/8 1919/886/8 1917/887/8 1908/899/8 1910/897/8 1911/894/8 1909/895/8 1892/904/8 1894/903/8 1895/902/8 1893/901/8
f 1893/874/192 1896/875/192 1905/882/189 1900/883/189
f 1909/895/185 1912/892/185 1897/871/191 1892/870/191
f 1920/884/1 1922/885/1 1923/888/1 1921/890/1 1904/915/1 1906/914/1 1907/913/1 1905/912/1 1896/911/1 1898/910/1 1899/909/1 1897/908/1 1912/892/1 1914/893/1 1915/896/1 1913/898/1
f 1901/879/190 1904/876/190 1921/890/187 1916/891/187
f 1917/887/188 1920/884/188 1913/898/186 1908/899/186
f 1926/628/8 1930/613/8 1928/612/8 1924/629/8
f 1944/870/191 1949/871/191 1951/371/55 1946/372/55
f 1946/13/57 1951/40/57 1950/873/58 1947/872/58
f 1947/872/58 1950/873/58 1948/875/192 1945/874/192
f 1956/876/190 1953/879/190 1955/878/62 1958/877/62
f 1958/877/64 1955/878/64 1954/881/65 1959/880/65
f 1959/880/65 1954/881/65 1952/883/189 1957/882/189
f 1972/884/188 1969/887/188 1971/886/70 1974/885/70
f 1974/885/70 1971/886/70 1970/889/71 1975/888/71
f 1975/888/73 1970/889/73 1968/891/187 1973/890/187
f 1964/892/185 1961/895/185 1963/894/76 1966/893/76
f 1966/893/78 1963/894/78 1962/897/79 1967/896/79
f 1967/896/79 1962/897/79 1960/899/186 1965/898/186
f 1952/900/8 1954/907/8 1955/906/8 1953/905/8 1968/891/8 1970/889/8 1971/886/8 1969/887/8 1960/899/8 1962/897/8 1963/894/8 1961/895/8 1944/904/8 1946/903/8 1947/902/8 1945/901/8
f 1945/874/192 1948/875/192 1957/882/189 1952/883/189
f 1961/895/185 1964/892/185 1949/871/191 1944/870/191
f 1972/884/1 1974/885/1 1975/888/1 1973/890/1 1956/915/1 1958/914/1 1959/913/1 1957/912/1 1948/911/1 1950/910/1 1951/909/1 1949/908/1 1964/892/1 1966/893/1 1967/896/1 1965/898/1
f 1953/879/190 1956/876/190 1973/890/187 1968/891/187
f 1969/887/188 1972/884/188 1965/898/186 1960/899/186
f 1978/628/8 1982/613/8 1980/612/8 1976/629/8
f 1996/870/191 2001/871/191 2003/371/55 1998/372/55
f 1998/13/57 2003/40/57 2002/873/58 1999/872/58
f 1999/872/58 2002/873/58 2000/875/192 1997/874/192
f 2008/876/190 2005/879/190 2007/878/62 2010/877/62
f 2010/877/64 2007/878/64 2006/881/65 2011/880/65
f 2011/880/65 2006/881/65 2004/883/189 2009/882/189
f 2024/884/188 2021/887/188 2023/886/70 2026/885/70
f 2026/885/70 2023/886/70 2022/889/71 2027/888/71
f 2027/888/73 2022/889/73 2020/891/187 2025/890/187
f 2016/892/185 2013/895/185 2015/894/76 2018/893/76
f 2018/893/78 2015/894/78 2014/897/79 2019/896/79
f 2019/896/79 2014/897/79 2012/899/186 2017/898/186
f 2004/900/8 2006/907/8 2007/906/8 2005/905/8 2020/891/8 2022/889/8 2023/886/8 2021/887/8 2012/899/8 2014/897/8 2015/894/8 2013/895/8 1996/904/8 1998/903/8 1999/902/8 1997/901/8
f 1997/874/192 2000/875/192 2009/882/189 2004/883/189
f 2013/895/185 2016/892/185 2001/871/191 1996/870/191
f 2024/884/1 2026/885/1 2027/888/1 2025/890/1 2008/915/1 2010/914/1 2011/913/1 2009/912/1 2000/911/1 2002/910/1 2003/909/1 2001/908/1 2016/892/1 2018/893/1 2019/896/1 2017/898/1
f 2005/879/190 2008/876/190 2025/890/187 2020/891/187
f 2021/887/188 2024/884/188 2017/898/186 2012/899/186
f 2030/628/8 2034/613/8 2032/612/8 2028/629/8
f 2191/1061/255 2190/1064/255 2194/1064/255 2195/1061/255
f 2193/1059/256 2192/1063/256 2196/1063/256 2197/1059/256
f 2196/1063/1 2195/1065/1 2194/1062/1 2197/1059/1
f 2255/1061/255 2254/1064/255 2258/1064/255 2259/1061/255
f 2257/1059/256 2256/1063/256 2260/1063/256 2261/1059/256
f 2260/1063/1 2259/1065/1 2258/1062/1 2261/1059/1
s 0
f 2583/13/4 2584/40/4 2586/386/4 2585/619/4
f 2585/619/5 2586/386/5 2590/715/5 2589/613/5
f 2589/613/6 2590/715/6 2588/717/6 2587/612/6
f 2587/612/7 2588/717/7 2584/371/7 2583/372/7
f 2585/628/8 2589/613/8 2587/612/8 2583/629/8
f 2590/715/1 2586/725/1 2584/726/1 2588/717/1
f 3010/84/1 3011/85/1 3013/157/1 3012/158/1
usemtl Material
f 992/845/4 976/40/4 977/386/4 993/846/4
f 999/847/5 978/848/5 979/715/5 994/849/5
f 994/849/6 979/715/6 980/717/6 995/850/6
f 997/851/7 981/852/7 976/371/7 992/853/7
f 968/610/8 966/613/8 964/612/8 973/611/8
f 970/854/7 963/855/7 985/855/7 990/854/7
f 971/856/6 974/857/6 991/857/6 986/856/6
f 978/858/1 982/859/1 981/860/1 983/861/1
f 962/628/8 969/631/8 972/630/8 960/629/8
f 969/631/8 968/610/8 973/611/8 972/630/8
f 995/850/7 980/717/7 983/862/7 996/863/7
f 996/863/7 983/862/7 981/852/7 997/851/7
f 993/846/5 977/386/5 982/864/5 998/865/5
f 998/865/5 982/864/5 978/848/5 999/847/5
f 961/866/1 963/855/1 977/725/1 976/726/1
f 971/856/1 967/867/1 979/715/1 978/858/1
f 967/867/1 965/868/1 980/717/1 979/715/1
f 975/869/1 961/866/1 976/726/1 981/860/1
f 963/855/1 970/854/1 982/859/1 977/725/1
f 965/868/1 974/857/1 983/861/1 980/717/1
f 974/857/1 971/856/1 978/858/1 983/861/1
f 970/854/1 975/869/1 981/860/1 982/859/1
f 990/854/1 985/855/1 984/866/1 989/869/1
f 987/867/1 986/856/1 991/857/1 988/868/1
f 965/868/4 967/867/4 987/867/4 988/868/4
f 963/855/6 961/866/6 984/866/6 985/855/6
f 975/869/4 970/854/4 990/854/4 989/869/4
f 974/857/5 965/868/5 988/868/5 991/857/5
f 961/866/5 975/869/5 989/869/5 984/866/5
f 967/867/7 971/856/7 986/856/7 987/867/7
f 969/621/5 998/865/5 999/847/5 968/617/5
f 962/619/5 993/846/5 998/865/5 969/621/5
f 960/629/8 972/630/8 1004/630/8 1003/629/8
f 992/845/4 960/13/4 1003/13/4 1007/845/4
f 995/850/1 996/863/1 1005/863/1 1000/850/1
f 966/613/6 994/849/6 995/850/6 964/612/6
f 968/617/5 999/847/5 994/849/5 966/613/5
f 960/13/4 992/845/4 993/846/4 962/619/4
f 1002/624/7 1005/863/7 1006/851/7 1004/625/7
f 1001/612/7 1000/850/7 1005/863/7 1002/624/7
f 1004/625/7 1006/851/7 1007/853/7 1003/372/7
f 973/611/8 964/612/8 1001/612/8 1002/611/8
f 997/851/1 992/853/1 1007/853/1 1006/851/1
f 972/630/8 973/611/8 1002/611/8 1004/630/8
f 996/863/1 997/851/1 1006/851/1 1005/863/1
f 964/612/6 995/850/6 1000/850/6 1001/612/6
s 1
f 2076/964/6 2079/965/6 2069/717/6 2068/612/6
f 2073/966/8 2076/964/8 2068/612/8 2064/629/8
f 2081/974/230 2086/975/231 2088/976/232 2085/977/233
f 2085/977/233 2088/976/232 2089/978/234 2084/979/234
f 2084/979/234 2089/978/234 2090/980/235 2083/981/235
f 2083/982/235 2090/983/235 2091/984/236 2082/985/236
f 2082/985/236 2091/984/236 2087/986/237 2080/987/237
f 2093/988/238 2098/989/239 2100/990/240 2097/991/241
f 2097/991/241 2100/990/240 2101/992/242 2096/993/242
f 2096/993/242 2101/992/242 2102/994/243 2095/995/243
f 2095/995/243 2102/994/243 2103/996/244 2094/997/244
f 2094/997/244 2103/996/244 2099/998/245 2092/969/245
f 2086/975/231 2093/988/238 2097/991/241 2088/976/232
f 2088/976/232 2097/991/241 2096/993/246 2089/978/246
f 2089/978/246 2096/993/246 2095/995/247 2090/980/247
f 2090/980/247 2095/995/247 2094/997/248 2091/999/248
f 2091/999/248 2094/997/248 2092/969/249 2087/968/249
f 2080/967/250 2099/998/250 2103/996/251 2082/1000/251
f 2082/1000/251 2103/996/251 2102/994/252 2083/981/252
f 2083/981/252 2102/994/252 2101/992/253 2084/979/254
f 2084/979/254 2101/992/253 2100/990/240 2085/977/233
f 2085/977/233 2100/990/240 2098/989/239 2081/974/230
f 2104/1001/4 2105/1002/4 2080/987/237 2087/986/237
f 2093/988/238 2086/975/231 2081/974/230 2098/989/239
f 2105/967/7 2106/965/7 2099/998/250 2080/967/250
f 2107/969/5 2104/968/5 2087/968/249 2092/969/249
f 2106/965/6 2107/969/6 2092/969/245 2099/998/245
s 0
f 2870/84/1 2871/84/1 2873/84/1 2872/84/1
f 2872/84/1 2873/84/1 2875/84/1 2874/84/1
f 2874/84/1 2875/84/1 2877/84/1 2876/84/1
f 2876/84/1 2877/84/1 2879/84/1 2878/84/1
f 2878/84/1 2879/84/1 2881/84/1 2880/84/1
f 2880/84/1 2881/84/1 2883/84/1 2882/84/1
f 2882/84/1 2883/84/1 2885/84/1 2884/84/1
f 2884/84/1 2885/84/1 2887/84/1 2886/84/1
f 2886/84/1 2887/84/1 2889/84/1 2888/84/1
f 2888/84/1 2889/84/1 2891/84/1 2890/84/1
f 2890/84/1 2891/84/1 2893/84/1 2892/84/1
f 2892/84/1 2893/84/1 2895/84/1 2894/84/1
f 2894/84/1 2895/84/1 2897/84/1 2896/84/1
f 2896/84/1 2897/84/1 2899/84/1 2898/84/1
f 2898/84/1 2899/84/1 2901/84/1 2900/84/1
f 2900/84/1 2901/84/1 2903/84/1 2902/84/1
f 2902/84/1 2903/84/1 2905/84/1 2904/84/1
f 2904/84/1 2905/84/1 2907/84/1 2906/84/1
f 2906/84/1 2907/84/1 2909/84/1 2908/84/1
f 2908/84/1 2909/84/1 2911/84/1 2910/84/1
f 2910/84/1 2911/84/1 2913/84/1 2912/84/1
f 2912/84/1 2913/84/1 2915/84/1 2914/84/1
f 2914/84/1 2915/84/1 2917/84/1 2916/84/1
f 2916/84/1 2917/84/1 2919/84/1 2918/84/1
f 2918/84/1 2919/84/1 2921/84/1 2920/84/1
f 2920/84/1 2921/84/1 2923/84/1 2922/84/1
f 2922/84/1 2923/84/1 2925/84/1 2924/84/1
f 2924/84/1 2925/84/1 2927/84/1 2926/84/1
f 2926/84/1 2927/84/1 2929/84/1 2928/84/1
f 2928/84/1 2929/84/1 2931/84/1 2930/84/1
f 2930/84/1 2931/84/1 2933/84/1 2932/84/1
f 2932/84/1 2933/84/1 2871/84/1 2870/84/1
usemtl Material.008
f 2934/84/280 2936/158/280 2937/157/280 2935/85/280
f 2939/84/281 2940/85/281 2941/157/281 2938/158/281
f 2937/157/282 2936/158/282 2938/158/282 2941/157/282
f 2934/84/283 2935/85/283 2940/85/283 2939/84/283
f 2935/85/284 2937/157/284 2941/157/284 2940/85/284
f 2936/158/285 2934/84/285 2939/84/285 2938/158/285
s 1
f 3029/292/8 3030/1385/8 3031/1386/8 3032/1387/8 3033/1388/8 3034/1389/8 3035/1390/8 3036/1391/8 3037/677/8 3038/1392/8 3039/1393/8 3040/1394/8 3041/1395/8 3042/1396/8 3043/1397/8 3044/1398/8 3045/681/8 3046/1399/8 3047/1400/8 3048/1401/8 3049/1402/8 3050/1403/8 3051/1404/8 3052/1405/8 3053/686/8 3054/1406/8 3055/1407/8 3056/1408/8 3057/1409/8 3058/1410/8 3059/1411/8 3060/1412/8
f 3066/1413/288 3062/1414/289 3064/1415/290 3068/1416/291
f 3068/1417/291 3064/1418/290 3063/1419/292 3067/1420/293
f 3067/1420/293 3063/1419/292 3061/1421/294 3065/1422/295
f 3070/1423/296 3066/1413/288 3068/1416/291 3072/1424/297
f 3072/1425/297 3068/1417/291 3067/1420/293 3071/1426/298
f 3071/1426/298 3067/1420/293 3065/1422/295 3069/1427/299
f 3074/1428/300 3070/1423/296 3072/1424/297 3076/1429/301
f 3076/1430/301 3072/1425/297 3071/1426/298 3075/1431/302
f 3075/1431/302 3071/1426/298 3069/1427/299 3073/1432/303
f 3078/1433/304 3074/1428/300 3076/1429/301 3080/1434/305
f 3080/1435/305 3076/1430/301 3075/1431/302 3079/1436/306
f 3079/1436/306 3075/1431/302 3073/1432/303 3077/1437/307
f 3082/1438/308 3078/1433/304 3080/1434/305 3084/1439/309
f 3084/1440/309 3080/1435/305 3079/1436/306 3083/1441/310
f 3083/1441/310 3079/1436/306 3077/1437/307 3081/1442/311
f 3086/1443/312 3082/1438/308 3084/1439/309 3088/1444/313
f 3088/1445/313 3084/1440/309 3083/1441/310 3087/1446/314
f 3087/1446/314 3083/1441/310 3081/1442/311 3085/1447/315
f 3090/1448/316 3086/1443/312 3088/1444/313 3092/1449/317
f 3092/1450/317 3088/1445/313 3087/1446/314 3091/1451/318
f 3091/1451/318 3087/1446/314 3085/1447/315 3089/1452/319
f 3094/1453/320 3090/1448/316 3092/1449/317 3096/156/321
f 3096/1454/321 3092/1450/317 3091/1451/318 3095/1455/322
f 3095/1455/322 3091/1451/318 3089/1452/319 3093/1456/323
f 3098/1457/324 3094/1453/320 3096/156/321 3100/1458/325
f 3100/1459/325 3096/1454/321 3095/1455/322 3099/1460/326
f 3099/1460/326 3095/1455/322 3093/1456/323 3097/1461/327
f 3102/1462/328 3098/1457/324 3100/1458/325 3104/1463/329
f 3104/1464/329 3100/1459/325 3099/1460/326 3103/1465/330
f 3103/1465/330 3099/1460/326 3097/1461/327 3101/1466/331
f 3106/1467/332 3102/1462/328 3104/1463/329 3108/1468/333
f 3108/1469/333 3104/1464/329 3103/1465/330 3107/1470/334
f 3107/1470/334 3103/1465/330 3101/1466/331 3105/1471/335
f 3110/1472/336 3106/1467/332 3108/1468/333 3112/1473/337
f 3112/1474/337 3108/1469/333 3107/1470/334 3111/1475/338
f 3111/1475/338 3107/1470/334 3105/1471/335 3109/1476/339
f 3114/1477/340 3110/1472/336 3112/1473/337 3116/1478/341
f 3116/1479/341 3112/1474/337 3111/1475/338 3115/1480/342
f 3115/1480/342 3111/1475/338 3109/1476/339 3113/1481/343
f 3118/1482/344 3114/1477/340 3116/1478/341 3120/1483/345
f 3120/1484/345 3116/1479/341 3115/1480/342 3119/1485/346
f 3119/1485/346 3115/1480/342 3113/1481/343 3117/1486/347
f 3122/1487/348 3118/1482/344 3120/1483/345 3124/1488/349
f 3124/1489/349 3120/1484/345 3119/1485/346 3123/1490/350
f 3123/1490/350 3119/1485/346 3117/1486/347 3121/1491/351
f 3126/1492/352 3122/1487/348 3124/1488/349 3128/175/353
f 3128/1493/353 3124/1489/349 3123/1490/350 3127/1494/354
f 3127/1494/354 3123/1490/350 3121/1491/351 3125/1495/355
f 3130/1496/356 3126/1492/352 3128/175/353 3132/1497/357
f 3132/1498/357 3128/1493/353 3127/1494/354 3131/1499/358
f 3131/1499/358 3127/1494/354 3125/1495/355 3129/1500/359
f 3134/1501/360 3130/1496/356 3132/1497/357 3136/1502/361
f 3136/1503/361 3132/1498/357 3131/1499/358 3135/1504/362
f 3135/1504/362 3131/1499/358 3129/1500/359 3133/1505/363
f 3138/1506/364 3134/1501/360 3136/1502/361 3140/1507/365
f 3140/1508/365 3136/1503/361 3135/1504/362 3139/1509/366
f 3139/1509/366 3135/1504/362 3133/1505/363 3137/1510/367
f 3142/1511/368 3138/1506/364 3140/1507/365 3144/1512/369
f 3144/1513/369 3140/1508/365 3139/1509/366 3143/1514/370
f 3143/1514/370 3139/1509/366 3137/1510/367 3141/1515/371
f 3146/1516/372 3142/1511/368 3144/1512/369 3148/1517/373
f 3148/1518/373 3144/1513/369 3143/1514/370 3147/1519/374
f 3147/1519/374 3143/1514/370 3141/1515/371 3145/1520/375
f 3150/1521/376 3146/1516/372 3148/1517/373 3152/1522/377
f 3152/1523/377 3148/1518/373 3147/1519/374 3151/1524/378
f 3151/1524/378 3147/1519/374 3145/1520/375 3149/1525/379
f 3154/1526/380 3150/1521/376 3152/1522/377 3156/1527/381
f 3156/1528/381 3152/1523/377 3151/1524/378 3155/1529/382
f 3155/1529/382 3151/1524/378 3149/1525/379 3153/1530/383
f 3158/1531/384 3154/1526/380 3156/1527/381 3160/160/385
f 3160/1532/385 3156/1528/381 3155/1529/382 3159/1533/386
f 3159/1533/386 3155/1529/382 3153/1530/383 3157/1534/387
f 3162/1535/388 3158/1531/384 3160/160/385 3164/1536/389
f 3164/1537/389 3160/1532/385 3159/1533/386 3163/1538/390
f 3163/1538/390 3159/1533/386 3157/1534/387 3161/1539/391
f 3166/1540/392 3162/1535/388 3164/1536/389 3168/1541/393
f 3168/1542/393 3164/1537/389 3163/1538/390 3167/1543/394
f 3167/1543/394 3163/1538/390 3161/1539/391 3165/1544/395
f 3170/1545/396 3166/1540/392 3168/1541/393 3172/1546/397
f 3172/1547/397 3168/1542/393 3167/1543/394 3171/1548/398
f 3171/1548/398 3167/1543/394 3165/1544/395 3169/1549/399
f 3174/1550/400 3170/1545/396 3172/1546/397 3176/1551/401
f 3176/1552/401 3172/1547/397 3171/1548/398 3175/1553/402
f 3175/1553/402 3171/1548/398 3169/1549/399 3173/1554/403
f 3178/1555/404 3174/1550/400 3176/1551/401 3180/1556/405
f 3180/1557/405 3176/1552/401 3175/1553/402 3179/1558/406
f 3179/1558/406 3175/1553/402 3173/1554/403 3177/1559/407
f 3182/1560/408 3178/1555/404 3180/1556/405 3184/1561/409
f 3184/1562/409 3180/1557/405 3179/1558/406 3183/1563/410
f 3183/1563/410 3179/1558/406 3177/1559/407 3181/1564/411
f 3186/1565/412 3182/1560/408 3184/1561/409 3188/1566/413
f 3188/1567/413 3184/1562/409 3183/1563/410 3187/1568/414
f 3187/1568/414 3183/1563/410 3181/1564/411 3185/1569/415
f 3062/1570/289 3186/1565/412 3188/1566/413 3064/1571/290
f 3064/1418/290 3188/1567/413 3187/1568/414 3063/1419/292
f 3063/1419/292 3187/1568/414 3185/1569/415 3061/1421/294
f 3065/1422/295 3061/1421/294 3185/1569/415 3181/1564/411 3177/1559/407 3173/1554/403 3169/1549/399 3165/1544/395 3161/1539/391 3157/1534/387 3153/1530/383 3149/1525/379 3145/1520/375 3141/1515/371 3137/1510/367 3133/1505/363 3129/1500/359 3125/1495/355 3121/1491/351 3117/1486/347 3113/1481/343 3109/1476/339 3105/1471/335 3101/1466/331 3097/1461/327 3093/1456/323 3089/1452/319 3085/1447/315 3081/1442/311 3077/1437/307 3073/1432/303 3069/1427/299
f 3029/174/5 3062/1414/289 3066/1413/288 3030/1572/94
f 3060/1573/93 3186/1565/412 3062/1570/289 3029/173/5
f 3030/1572/94 3066/1413/288 3070/1423/296 3031/1574/95
f 3031/1574/95 3070/1423/296 3074/1428/300 3032/1575/96
f 3032/1575/96 3074/1428/300 3078/1433/304 3033/725/71
f 3033/725/71 3078/1433/304 3082/1438/308 3034/1576/97
f 3034/1576/97 3082/1438/308 3086/1443/312 3035/1327/98
f 3035/1327/98 3086/1443/312 3090/1448/316 3036/1577/99
f 3036/1577/99 3090/1448/316 3094/1453/320 3037/1331/6
f 3037/1331/6 3094/1453/320 3098/1457/324 3038/1578/100
f 3038/1578/100 3098/1457/324 3102/1462/328 3039/1329/101
f 3039/1329/101 3102/1462/328 3106/1467/332 3040/1579/102
f 3040/1579/102 3106/1467/332 3110/1472/336 3041/715/78
f 3041/715/78 3110/1472/336 3114/1477/340 3042/1580/103
f 3042/1580/103 3114/1477/340 3118/1482/344 3043/1581/104
f 3043/1581/104 3118/1482/344 3122/1487/348 3044/1582/105
f 3044/1582/105 3122/1487/348 3126/1492/352 3045/1583/7
f 3045/1583/7 3126/1492/352 3130/1496/356 3046/1584/82
f 3046/1584/82 3130/1496/356 3134/1501/360 3047/1585/83
f 3047/1585/83 3134/1501/360 3138/1506/364 3048/1586/84
f 3048/1586/84 3138/1506/364 3142/1511/368 3049/613/57
f 3049/613/57 3142/1511/368 3146/1516/372 3050/1587/85
f 3050/1587/85 3146/1516/372 3150/1521/376 3051/1325/416
f 3051/1325/416 3150/1521/376 3154/1526/380 3052/1588/87
f 3052/1588/87 3154/1526/380 3158/1531/384 3053/1589/4
f 3053/1589/4 3158/1531/384 3162/1535/388 3054/1590/88
f 3054/1590/88 3162/1535/388 3166/1540/392 3055/1333/417
f 3055/1333/417 3166/1540/392 3170/1545/396 3056/1591/90
f 3056/1591/90 3170/1545/396 3174/1550/400 3057/628/64
f 3057/628/64 3174/1550/400 3178/1555/404 3058/1592/91
f 3058/1592/91 3178/1555/404 3182/1560/408 3059/1593/92
f 3059/1593/92 3182/1560/408 3186/1565/412 3060/1573/93
f 3189/292/8 3220/1412/8 3219/1411/8 3218/1410/8 3217/1409/8 3216/1408/8 3215/1407/8 3214/1406/8 3213/686/8 3212/1405/8 3211/1404/8 3210/1403/8 3209/1402/8 3208/1401/8 3207/1400/8 3206/1399/8 3205/681/8 3204/1398/8 3203/1397/8 3202/1396/8 3201/1395/8 3200/1394/8 3199/1393/8 3198/1392/8 3197/677/8 3196/1391/8 3195/1390/8 3194/1389/8 3193/1388/8 3192/1387/8 3191/1386/8 3190/1385/8
f 3226/1413/418 3228/1416/413 3224/1415/290 3222/1414/289
f 3228/1417/413 3227/1420/414 3223/1419/292 3224/1418/290
f 3227/1420/414 3225/1422/415 3221/1421/294 3223/1419/292
f 3230/1423/408 3232/1424/409 3228/1416/413 3226/1413/418
f 3232/1425/409 3231/1426/410 3227/1420/414 3228/1417/413
f 3231/1426/410 3229/1427/411 3225/1422/415 3227/1420/414
f 3234/1428/404 3236/1429/405 3232/1424/409 3230/1423/408
f 3236/1430/405 3235/1431/406 3231/1426/410 3232/1425/409
f 3235/1431/406 3233/1432/407 3229/1427/411 3231/1426/410
f 3238/1433/400 3240/1434/401 3236/1429/405 3234/1428/404
f 3240/1435/401 3239/1436/402 3235/1431/406 3236/1430/405
f 3239/1436/402 3237/1437/403 3233/1432/407 3235/1431/406
f 3242/1438/396 3244/1439/397 3240/1434/401 3238/1433/400
f 3244/1440/397 3243/1441/398 3239/1436/402 3240/1435/401
f 3243/1441/398 3241/1442/399 3237/1437/403 3239/1436/402
f 3246/1443/392 3248/1444/393 3244/1439/397 3242/1438/396
f 3248/1445/393 3247/1446/394 3243/1441/398 3244/1440/397
f 3247/1446/394 3245/1447/395 3241/1442/399 3243/1441/398
f 3250/1448/388 3252/1449/419 3248/1444/393 3246/1443/392
f 3252/1450/419 3251/1451/390 3247/1446/394 3248/1445/393
f 3251/1451/390 3249/1452/391 3245/1447/395 3247/1446/394
f 3254/1453/384 3256/156/385 3252/1449/419 3250/1448/388
f 3256/1454/385 3255/1455/386 3251/1451/390 3252/1450/419
f 3255/1455/386 3253/1456/387 3249/1452/391 3251/1451/390
f 3258/1457/380 3260/1458/381 3256/156/385 3254/1453/384
f 3260/1459/381 3259/1460/420 3255/1455/386 3256/1454/385
f 3259/1460/420 3257/1461/383 3253/1456/387 3255/1455/386
f 3262/1462/376 3264/1463/377 3260/1458/381 3258/1457/380
f 3264/1464/377 3263/1465/378 3259/1460/420 3260/1459/381
f 3263/1465/378 3261/1466/379 3257/1461/383 3259/1460/420
f 3266/1467/372 3268/1468/373 3264/1463/377 3262/1462/376
f 3268/1469/373 3267/1470/421 3263/1465/378 3264/1464/377
f 3267/1470/421 3265/1471/375 3261/1466/379 3263/1465/378
f 3270/1472/368 3272/1473/369 3268/1468/373 3266/1467/372
f 3272/1474/369 3271/1475/370 3267/1470/421 3268/1469/373
f 3271/1475/370 3269/1476/371 3265/1471/375 3267/1470/421
f 3274/1477/364 3276/1478/365 3272/1473/369 3270/1472/368
f 3276/1479/365 3275/1480/366 3271/1475/370 3272/1474/369
f 3275/1480/366 3273/1481/367 3269/1476/371 3271/1475/370
f 3278/1482/360 3280/1483/361 3276/1478/365 3274/1477/364
f 3280/1484/361 3279/1485/362 3275/1480/366 3276/1479/365
f 3279/1485/362 3277/1486/363 3273/1481/367 3275/1480/366
f 3282/1487/356 3284/1488/422 3280/1483/361 3278/1482/360
f 3284/1489/422 3283/1490/358 3279/1485/362 3280/1484/361
f 3283/1490/358 3281/1491/359 3277/1486/363 3279/1485/362
f 3286/1492/352 3288/175/353 3284/1488/422 3282/1487/356
f 3288/1493/353 3287/1494/354 3283/1490/358 3284/1489/422
f 3287/1494/354 3285/1495/355 3281/1491/359 3283/1490/358
f 3290/1496/348 3292/1497/423 3288/175/353 3286/1492/352
f 3292/1498/423 3291/1499/350 3287/1494/354 3288/1493/353
f 3291/1499/350 3289/1500/351 3285/1495/355 3287/1494/354
f 3294/1501/344 3296/1502/345 3292/1497/423 3290/1496/348
f 3296/1503/345 3295/1504/346 3291/1499/350 3292/1498/423
f 3295/1504/346 3293/1505/347 3289/1500/351 3291/1499/350
f 3298/1506/340 3300/1507/341 3296/1502/345 3294/1501/344
f 3300/1508/341 3299/1509/342 3295/1504/346 3296/1503/345
f 3299/1509/342 3297/1510/424 3293/1505/347 3295/1504/346
f 3302/1511/336 3304/1512/337 3300/1507/341 3298/1506/340
f 3304/1513/337 3303/1514/338 3299/1509/342 3300/1508/341
f 3303/1514/338 3301/1515/339 3297/1510/424 3299/1509/342
f 3306/1516/332 3308/1517/333 3304/1512/337 3302/1511/336
f 3308/1518/333 3307/1519/334 3303/1514/338 3304/1513/337
f 3307/1519/334 3305/1520/335 3301/1515/339 3303/1514/338
f 3310/1521/328 3312/1522/329 3308/1517/333 3306/1516/332
f 3312/1523/329 3311/1524/330 3307/1519/334 3308/1518/333
f 3311/1524/330 3309/1525/331 3305/1520/335 3307/1519/334
f 3314/1526/425 3316/1527/325 3312/1522/329 3310/1521/328
f 3316/1528/325 3315/1529/426 3311/1524/330 3312/1523/329
f 3315/1529/426 3313/1530/327 3309/1525/331 3311/1524/330
f 3318/1531/320 3320/160/321 3316/1527/325 3314/1526/425
f 3320/1532/321 3319/1533/322 3315/1529/426 3316/1528/325
f 3319/1533/322 3317/1534/323 3313/1530/327 3315/1529/426
f 3322/1535/427 3324/1536/317 3320/160/321 3318/1531/320
f 3324/1537/317 3323/1538/428 3319/1533/322 3320/1532/321
f 3323/1538/428 3321/1539/319 3317/1534/323 3319/1533/322
f 3326/1540/312 3328/1541/313 3324/1536/317 3322/1535/427
f 3328/1542/313 3327/1543/314 3323/1538/428 3324/1537/317
f 3327/1543/314 3325/1544/315 3321/1539/319 3323/1538/428
f 3330/1545/308 3332/1546/309 3328/1541/313 3326/1540/312
f 3332/1547/309 3331/1548/310 3327/1543/314 3328/1542/313
f 3331/1548/310 3329/1549/311 3325/1544/315 3327/1543/314
f 3334/1550/304 3336/1551/305 3332/1546/309 3330/1545/308
f 3336/1552/305 3335/1553/306 3331/1548/310 3332/1547/309
f 3335/1553/306 3333/1554/307 3329/1549/311 3331/1548/310
f 3338/1555/300 3340/1556/301 3336/1551/305 3334/1550/304
f 3340/1557/301 3339/1558/302 3335/1553/306 3336/1552/305
f 3339/1558/302 3337/1559/429 3333/1554/307 3335/1553/306
f 3342/1560/296 3344/1561/297 3340/1556/301 3338/1555/300
f 3344/1562/297 3343/1563/298 3339/1558/302 3340/1557/301
f 3343/1563/298 3341/1564/299 3337/1559/429 3339/1558/302
f 3346/1565/288 3348/1566/291 3344/1561/297 3342/1560/296
f 3348/1567/291 3347/1568/293 3343/1563/298 3344/1562/297
f 3347/1568/293 3345/1569/295 3341/1564/299 3343/1563/298
f 3222/1570/289 3224/1571/290 3348/1566/291 3346/1565/288
f 3224/1418/290 3223/1419/292 3347/1568/293 3348/1567/291
f 3223/1419/292 3221/1421/294 3345/1569/295 3347/1568/293
f 3225/1422/415 3229/1427/411 3233/1432/407 3237/1437/403 3241/1442/399 3245/1447/395 3249/1452/391 3253/1456/387 3257/1461/383 3261/1466/379 3265/1471/375 3269/1476/371 3273/1481/367 3277/1486/363 3281/1491/359 3285/1495/355 3289/1500/351 3293/1505/347 3297/1510/424 3301/1515/339 3305/1520/335 3309/1525/331 3313/1530/327 3317/1534/323 3321/1539/319 3325/1544/315 3329/1549/311 3333/1554/307 3337/1559/429 3341/1564/299 3345/1569/295 3221/1421/294
f 3189/174/5 3190/1572/93 3226/1413/418 3222/1414/289
f 3220/1573/94 3189/173/5 3222/1570/289 3346/1565/288
f 3190/1572/93 3191/1574/92 3230/1423/408 3226/1413/418
f 3191/1574/92 3192/1575/91 3234/1428/404 3230/1423/408
f 3192/1575/91 3193/725/64 3238/1433/400 3234/1428/404
f 3193/725/64 3194/1576/90 3242/1438/396 3238/1433/400
f 3194/1576/90 3195/1327/89 3246/1443/392 3242/1438/396
f 3195/1327/89 3196/1577/88 3250/1448/388 3246/1443/392
f 3196/1577/88 3197/1331/4 3254/1453/384 3250/1448/388
f 3197/1331/4 3198/1578/87 3258/1457/380 3254/1453/384
f 3198/1578/87 3199/1329/86 3262/1462/376 3258/1457/380
f 3199/1329/86 3200/1579/85 3266/1467/372 3262/1462/376
f 3200/1579/85 3201/715/57 3270/1472/368 3266/1467/372
f 3201/715/57 3202/1580/84 3274/1477/364 3270/1472/368
f 3202/1580/84 3203/1581/83 3278/1482/360 3274/1477/364
f 3203/1581/83 3204/1582/82 3282/1487/356 3278/1482/360
f 3204/1582/82 3205/1583/7 3286/1492/352 3282/1487/356
f 3205/1583/7 3206/1584/105 3290/1496/348 3286/1492/352
f 3206/1584/105 3207/1585/104 3294/1501/344 3290/1496/348
f 3207/1585/104 3208/1586/103 3298/1506/340 3294/1501/344
f 3208/1586/103 3209/613/78 3302/1511/336 3298/1506/340
f 3209/613/78 3210/1587/102 3306/1516/332 3302/1511/336
f 3210/1587/102 3211/1325/101 3310/1521/328 3306/1516/332
f 3211/1325/101 3212/1588/100 3314/1526/425 3310/1521/328
f 3212/1588/100 3213/1589/6 3318/1531/320 3314/1526/425
f 3213/1589/6 3214/1590/99 3322/1535/427 3318/1531/320
f 3214/1590/99 3215/1333/98 3326/1540/312 3322/1535/427
f 3215/1333/98 3216/1591/97 3330/1545/308 3326/1540/312
f 3216/1591/97 3217/628/71 3334/1550/304 3330/1545/308
f 3217/628/71 3218/1592/96 3338/1555/300 3334/1550/304
f 3218/1592/96 3219/1593/95 3342/1560/296 3338/1555/300
f 3219/1593/95 3220/1573/94 3346/1565/288 3342/1560/296
f 3349/292/8 3380/1412/8 3379/1411/8 3378/1410/8 3377/1409/8 3376/1408/8 3375/1407/8 3374/1406/8 3373/686/8 3372/1405/8 3371/1404/8 3370/1403/8 3369/1402/8 3368/1401/8 3367/1400/8 3366/1399/8 3365/681/8 3364/1398/8 3363/1397/8 3362/1396/8 3361/1395/8 3360/1394/8 3359/1393/8 3358/1392/8 3357/677/8 3356/1391/8 3355/1390/8 3354/1389/8 3353/1388/8 3352/1387/8 3351/1386/8 3350/1385/8
f 3386/1413/418 3388/1416/430 3384/1415/290 3382/1414/289
f 3388/1417/430 3387/1420/414 3383/1419/292 3384/1418/290
f 3387/1420/414 3385/1422/415 3381/1421/294 3383/1419/292
f 3390/1423/408 3392/1424/409 3388/1416/430 3386/1413/418
f 3392/1425/409 3391/1426/410 3387/1420/414 3388/1417/430
f 3391/1426/410 3389/1427/411 3385/1422/415 3387/1420/414
f 3394/1428/431 3396/1429/405 3392/1424/409 3390/1423/408
f 3396/1430/405 3395/1431/406 3391/1426/410 3392/1425/409
f 3395/1431/406 3393/1432/407 3389/1427/411 3391/1426/410
f 3398/1433/400 3400/1434/401 3396/1429/405 3394/1428/431
f 3400/1435/401 3399/1436/402 3395/1431/406 3396/1430/405
f 3399/1436/402 3397/1437/403 3393/1432/407 3395/1431/406
f 3402/1438/432 3404/1439/397 3400/1434/401 3398/1433/400
f 3404/1440/397 3403/1441/433 3399/1436/402 3400/1435/401
f 3403/1441/433 3401/1442/399 3397/1437/403 3399/1436/402
f 3406/1443/392 3408/1444/393 3404/1439/397 3402/1438/432
f 3408/1445/393 3407/1446/394 3403/1441/433 3404/1440/397
f 3407/1446/394 3405/1447/395 3401/1442/399 3403/1441/433
f 3410/1448/434 3412/1449/389 3408/1444/393 3406/1443/392
f 3412/1450/389 3411/1451/435 3407/1446/394 3408/1445/393
f 3411/1451/435 3409/1452/391 3405/1447/395 3407/1446/394
f 3414/1453/384 3416/156/385 3412/1449/389 3410/1448/434
f 3416/1454/385 3415/1455/386 3411/1451/435 3412/1450/389
f 3415/1455/386 3413/1456/387 3409/1452/391 3411/1451/435
f 3418/1457/380 3420/1458/381 3416/156/385 3414/1453/384
f 3420/1459/381 3419/1460/382 3415/1455/386 3416/1454/385
f 3419/1460/382 3417/1461/436 3413/1456/387 3415/1455/386
f 3422/1462/376 3424/1463/377 3420/1458/381 3418/1457/380
f 3424/1464/377 3423/1465/378 3419/1460/382 3420/1459/381
f 3423/1465/378 3421/1466/379 3417/1461/436 3419/1460/382
f 3426/1467/437 3428/1468/373 3424/1463/377 3422/1462/376
f 3428/1469/373 3427/1470/421 3423/1465/378 3424/1464/377
f 3427/1470/421 3425/1471/375 3421/1466/379 3423/1465/378
f 3430/1472/368 3432/1473/369 3428/1468/373 3426/1467/437
f 3432/1474/369 3431/1475/370 3427/1470/421 3428/1469/373
f 3431/1475/370 3429/1476/371 3425/1471/375 3427/1470/421
f 3434/1477/364 3436/1478/365 3432/1473/369 3430/1472/368
f 3436/1479/365 3435/1480/438 3431/1475/370 3432/1474/369
f 3435/1480/438 3433/1481/439 3429/1476/371 3431/1475/370
f 3438/1482/360 3440/1483/361 3436/1478/365 3434/1477/364
f 3440/1484/361 3439/1485/362 3435/1480/438 3436/1479/365
f 3439/1485/362 3437/1486/363 3433/1481/439 3435/1480/438
f 3442/1487/356 3444/1488/357 3440/1483/361 3438/1482/360
f 3444/1489/357 3443/1490/358 3439/1485/362 3440/1484/361
f 3443/1490/358 3441/1491/359 3437/1486/363 3439/1485/362
f 3446/1492/352 3448/175/353 3444/1488/357 3442/1487/356
f 3448/1493/353 3447/1494/354 3443/1490/358 3444/1489/357
f 3447/1494/354 3445/1495/355 3441/1491/359 3443/1490/358
f 3450/1496/348 3452/1497/349 3448/175/353 3446/1492/352
f 3452/1498/349 3451/1499/350 3447/1494/354 3448/1493/353
f 3451/1499/350 3449/1500/351 3445/1495/355 3447/1494/354
f 3454/1501/344 3456/1502/345 3452/1497/349 3450/1496/348
f 3456/1503/345 3455/1504/346 3451/1499/350 3452/1498/349
f 3455/1504/346 3453/1505/347 3449/1500/351 3451/1499/350
f 3458/1506/440 3460/1507/341 3456/1502/345 3454/1501/344
f 3460/1508/341 3459/1509/342 3455/1504/346 3456/1503/345
f 3459/1509/342 3457/1510/424 3453/1505/347 3455/1504/346
f 3462/1511/336 3464/1512/337 3460/1507/341 3458/1506/440
f 3464/1513/337 3463/1514/338 3459/1509/342 3460/1508/341
f 3463/1514/338 3461/1515/339 3457/1510/424 3459/1509/342
f 3466/1516/332 3468/1517/333 3464/1512/337 3462/1511/336
f 3468/1518/333 3467/1519/334 3463/1514/338 3464/1513/337
f 3467/1519/334 3465/1520/441 3461/1515/339 3463/1514/338
f 3470/1521/328 3472/1522/329 3468/1517/333 3466/1516/332
f 3472/1523/329 3471/1524/330 3467/1519/334 3468/1518/333
f 3471/1524/330 3469/1525/331 3465/1520/441 3467/1519/334
f 3474/1526/324 3476/1527/325 3472/1522/329 3470/1521/328
f 3476/1528/325 3475/1529/426 3471/1524/330 3472/1523/329
f 3475/1529/426 3473/1530/442 3469/1525/331 3471/1524/330
f 3478/1531/320 3480/160/321 3476/1527/325 3474/1526/324
f 3480/1532/321 3479/1533/322 3475/1529/426 3476/1528/325
f 3479/1533/322 3477/1534/323 3473/1530/442 3475/1529/426
f 3482/1535/316 3484/1536/317 3480/160/321 3478/1531/320
f 3484/1537/317 3483/1538/428 3479/1533/322 3480/1532/321
f 3483/1538/428 3481/1539/319 3477/1534/323 3479/1533/322
f 3486/1540/312 3488/1541/313 3484/1536/317 3482/1535/316
f 3488/1542/313 3487/1543/314 3483/1538/428 3484/1537/317
f 3487/1543/314 3485/1544/315 3481/1539/319 3483/1538/428
f 3490/1545/443 3492/1546/309 3488/1541/313 3486/1540/312
f 3492/1547/309 3491/1548/310 3487/1543/314 3488/1542/313
f 3491/1548/310 3489/1549/311 3485/1544/315 3487/1543/314
f 3494/1550/304 3496/1551/305 3492/1546/309 3490/1545/443
f 3496/1552/305 3495/1553/306 3491/1548/310 3492/1547/309
f 3495/1553/306 3493/1554/307 3489/1549/311 3491/1548/310
f 3498/1555/444 3500/1556/301 3496/1551/305 3494/1550/304
f 3500/1557/301 3499/1558/445 3495/1553/306 3496/1552/305
f 3499/1558/445 3497/1559/429 3493/1554/307 3495/1553/306
f 3502/1560/296 3504/1561/297 3500/1556/301 3498/1555/444
f 3504/1562/297 3503/1563/298 3499/1558/445 3500/1557/301
f 3503/1563/298 3501/1564/299 3497/1559/429 3499/1558/445
f 3506/1565/288 3508/1566/446 3504/1561/297 3502/1560/296
f 3508/1567/446 3507/1568/447 3503/1563/298 3504/1562/297
f 3507/1568/447 3505/1569/295 3501/1564/299 3503/1563/298
f 3382/1570/289 3384/1571/290 3508/1566/446 3506/1565/288
f 3384/1418/290 3383/1419/292 3507/1568/447 3508/1567/446
f 3383/1419/292 3381/1421/294 3505/1569/295 3507/1568/447
f 3385/1422/415 3389/1427/411 3393/1432/407 3397/1437/403 3401/1442/399 3405/1447/395 3409/1452/391 3413/1456/387 3417/1461/436 3421/1466/379 3425/1471/375 3429/1476/371 3433/1481/439 3437/1486/363 3441/1491/359 3445/1495/355 3449/1500/351 3453/1505/347 3457/1510/424 3461/1515/339 3465/1520/441 3469/1525/331 3473/1530/442 3477/1534/323 3481/1539/319 3485/1544/315 3489/1549/311 3493/1554/307 3497/1559/429 3501/1564/299 3505/1569/295 3381/1421/294
f 3349/174/5 3350/1572/93 3386/1413/418 3382/1414/289
f 3380/1573/94 3349/173/5 3382/1570/289 3506/1565/288
f 3350/1572/93 3351/1574/92 3390/1423/408 3386/1413/418
f 3351/1574/92 3352/1575/91 3394/1428/431 3390/1423/408
f 3352/1575/91 3353/725/64 3398/1433/400 3394/1428/431
f 3353/725/64 3354/1576/90 3402/1438/432 3398/1433/400
f 3354/1576/90 3355/1327/89 3406/1443/392 3402/1438/432
f 3355/1327/89 3356/1577/88 3410/1448/434 3406/1443/392
f 3356/1577/88 3357/1331/4 3414/1453/384 3410/1448/434
f 3357/1331/4 3358/1578/87 3418/1457/380 3414/1453/384
f 3358/1578/87 3359/1329/86 3422/1462/376 3418/1457/380
f 3359/1329/86 3360/1579/85 3426/1467/437 3422/1462/376
f 3360/1579/85 3361/715/57 3430/1472/368 3426/1467/437
f 3361/715/57 3362/1580/84 3434/1477/364 3430/1472/368
f 3362/1580/84 3363/1581/83 3438/1482/360 3434/1477/364
f 3363/1581/83 3364/1582/82 3442/1487/356 3438/1482/360
f 3364/1582/82 3365/1583/7 3446/1492/352 3442/1487/356
f 3365/1583/7 3366/1584/105 3450/1496/348 3446/1492/352
f 3366/1584/105 3367/1585/104 3454/1501/344 3450/1496/348
f 3367/1585/104 3368/1586/448 3458/1506/440 3454/1501/344
f 3368/1586/448 3369/613/78 3462/1511/336 3458/1506/440
f 3369/613/78 3370/1587/102 3466/1516/332 3462/1511/336
f 3370/1587/102 3371/1325/101 3470/1521/328 3466/1516/332
f 3371/1325/101 3372/1588/100 3474/1526/324 3470/1521/328
f 3372/1588/100 3373/1589/6 3478/1531/320 3474/1526/324
f 3373/1589/6 3374/1590/99 3482/1535/316 3478/1531/320
f 3374/1590/99 3375/1333/98 3486/1540/312 3482/1535/316
f 3375/1333/98 3376/1591/97 3490/1545/443 3486/1540/312
f 3376/1591/97 3377/628/71 3494/1550/304 3490/1545/443
f 3377/628/71 3378/1592/96 3498/1555/444 3494/1550/304
f 3378/1592/96 3379/1593/95 3502/1560/296 3498/1555/444
f 3379/1593/95 3380/1573/94 3506/1565/288 3502/1560/296
