# Blender 4.5.2 LTS
# www.blender.org
mtllib BMV081.mtl
o Text.010
v -0.434309 -0.054171 0.373886
v -0.434685 -0.054171 0.352338
v -0.431044 -0.054171 0.355255
v -0.427680 -0.054171 0.357871
v -0.424563 -0.054171 0.360192
v -0.421663 -0.054171 0.362229
v -0.418949 -0.054171 0.363988
v -0.416390 -0.054171 0.365480
v -0.413957 -0.054171 0.366712
v -0.411617 -0.054171 0.367693
v -0.409342 -0.054171 0.368433
v -0.407100 -0.054171 0.368939
v -0.404861 -0.054171 0.369220
v -0.402594 -0.054171 0.369285
v -0.400065 -0.054171 0.369097
v -0.397689 -0.054171 0.368633
v -0.395479 -0.054171 0.367906
v -0.393450 -0.054171 0.366930
v -0.391613 -0.054171 0.365718
v -0.389984 -0.054171 0.364286
v -0.388575 -0.054171 0.362645
v -0.387399 -0.054171 0.360811
v -0.386471 -0.054171 0.358796
v -0.385805 -0.054171 0.356614
v -0.385412 -0.054171 0.354280
v -0.385308 -0.054171 0.351806
v -0.385364 -0.054171 0.350678
v -0.385493 -0.054171 0.349563
v -0.385695 -0.054171 0.348458
v -0.385970 -0.054171 0.347361
v -0.386320 -0.054171 0.346270
v -0.386745 -0.054171 0.345183
v -0.387246 -0.054171 0.344097
v -0.387823 -0.054171 0.343010
v -0.388477 -0.054171 0.341920
v -0.389209 -0.054171 0.340824
v -0.390018 -0.054171 0.339721
v -0.390907 -0.054171 0.338607
v -0.401062 -0.054171 0.338785
v -0.399678 -0.054171 0.339888
v -0.398453 -0.054171 0.340977
v -0.397378 -0.054171 0.342055
v -0.396447 -0.054171 0.343121
v -0.395650 -0.054171 0.344177
v -0.394982 -0.054171 0.345224
v -0.394435 -0.054171 0.346262
v -0.394001 -0.054171 0.347293
v -0.393672 -0.054171 0.348318
v -0.393441 -0.054171 0.349338
v -0.393301 -0.054171 0.350354
v -0.393244 -0.054171 0.351366
v -0.393310 -0.054171 0.352720
v -0.393551 -0.054171 0.354009
v -0.393958 -0.054171 0.355223
v -0.394521 -0.054171 0.356353
v -0.395234 -0.054171 0.357389
v -0.396085 -0.054171 0.358322
v -0.397069 -0.054171 0.359142
v -0.398174 -0.054171 0.359840
v -0.399393 -0.054171 0.360405
v -0.400716 -0.054171 0.360828
v -0.402136 -0.054171 0.361100
v -0.403643 -0.054171 0.361210
v -0.404783 -0.054171 0.361203
v -0.405857 -0.054171 0.361139
v -0.406878 -0.054171 0.361019
v -0.407858 -0.054171 0.360844
v -0.408812 -0.054171 0.360613
v -0.409750 -0.054171 0.360326
v -0.410685 -0.054171 0.359985
v -0.411630 -0.054171 0.359588
v -0.412599 -0.054171 0.359137
v -0.413602 -0.054171 0.358631
v -0.414654 -0.054171 0.358072
v -0.415766 -0.054171 0.357458
v -0.417872 -0.054171 0.356222
v -0.420050 -0.054171 0.354850
v -0.422282 -0.054171 0.353364
v -0.424552 -0.054171 0.351784
v -0.426843 -0.054171 0.350133
v -0.429137 -0.054171 0.348431
v -0.431419 -0.054171 0.346700
v -0.433670 -0.054171 0.344961
v -0.435874 -0.054171 0.343234
v -0.438013 -0.054171 0.341541
v -0.440072 -0.054171 0.339904
v -0.442031 -0.054171 0.338344
v -0.442609 -0.054171 0.338354
v -0.441987 -0.054171 0.374020
v -0.386439 -0.054171 0.329610
v -0.386580 -0.054171 0.321519
v -0.419356 -0.054171 0.322091
v -0.420654 -0.054171 0.322100
v -0.421903 -0.054171 0.322074
v -0.423104 -0.054171 0.322008
v -0.424257 -0.054171 0.321899
v -0.425361 -0.054171 0.321739
v -0.426417 -0.054171 0.321523
v -0.427424 -0.054171 0.321247
v -0.428382 -0.054171 0.320903
v -0.429291 -0.054171 0.320488
v -0.430150 -0.054171 0.319996
v -0.430960 -0.054171 0.319420
v -0.431720 -0.054171 0.318756
v -0.432359 -0.054171 0.318088
v -0.432970 -0.054171 0.317340
v -0.433549 -0.054171 0.316514
v -0.434090 -0.054171 0.315610
v -0.434589 -0.054171 0.314629
v -0.435042 -0.054171 0.313570
v -0.435442 -0.054171 0.312435
v -0.435785 -0.054171 0.311223
v -0.436067 -0.054171 0.309936
v -0.436281 -0.054171 0.308574
v -0.436425 -0.054171 0.307137
v -0.436491 -0.054171 0.305626
v -0.436480 -0.054171 0.304425
v -0.436401 -0.054171 0.303257
v -0.436257 -0.054171 0.302122
v -0.436046 -0.054171 0.301021
v -0.435767 -0.054171 0.299953
v -0.435421 -0.054171 0.298918
v -0.435008 -0.054171 0.297916
v -0.434526 -0.054171 0.296948
v -0.433977 -0.054171 0.296012
v -0.433358 -0.054171 0.295110
v -0.432671 -0.054171 0.294241
v -0.431915 -0.054171 0.293406
v -0.431282 -0.054171 0.292790
v -0.430631 -0.054171 0.292244
v -0.429951 -0.054171 0.291762
v -0.429228 -0.054171 0.291343
v -0.428451 -0.054171 0.290983
v -0.427606 -0.054171 0.290678
v -0.426681 -0.054171 0.290424
v -0.425663 -0.054171 0.290220
v -0.424541 -0.054171 0.290060
v -0.423300 -0.054171 0.289943
v -0.421929 -0.054171 0.289863
v -0.420415 -0.054171 0.289819
v -0.387144 -0.054171 0.289238
v -0.387285 -0.054171 0.281147
v -0.422290 -0.054171 0.281758
v -0.425946 -0.054171 0.282057
v -0.429239 -0.054171 0.282791
v -0.432178 -0.054171 0.283924
v -0.434771 -0.054171 0.285414
v -0.437023 -0.054171 0.287225
v -0.438944 -0.054171 0.289317
v -0.440541 -0.054171 0.291650
v -0.441821 -0.054171 0.294187
v -0.442791 -0.054171 0.296889
v -0.443460 -0.054171 0.299716
v -0.443836 -0.054171 0.302629
v -0.443925 -0.054171 0.305590
v -0.443668 -0.054171 0.309600
v -0.443054 -0.054171 0.313250
v -0.442099 -0.054171 0.316541
v -0.440816 -0.054171 0.319475
v -0.439222 -0.054171 0.322052
v -0.437333 -0.054171 0.324274
v -0.435161 -0.054171 0.326141
v -0.432724 -0.054171 0.327656
v -0.430036 -0.054171 0.328819
v -0.427112 -0.054171 0.329631
v -0.423968 -0.054171 0.330093
v -0.420619 -0.054171 0.330207
v -0.515819 -0.103871 1.226415
v -0.515193 -0.067541 1.104611
v -0.515819 -0.103871 -0.946664
v -0.515819 -0.054599 -0.946664
v 0.532636 -0.103871 1.226416
v 0.532636 -0.103871 -0.946664
v 0.532636 -0.054599 -0.946664
v -0.515819 -0.103871 -0.711600
v -0.515819 -0.103871 -0.065595
v -0.515819 -0.103871 0.580410
v -0.515819 -0.054599 0.580410
v -0.426376 -0.067541 1.221387
v -0.515819 -0.054599 -0.065595
v -0.515819 -0.054599 -0.711600
v 0.532636 -0.103871 0.580410
v 0.532636 -0.103871 -0.065595
v 0.532636 -0.103871 -0.711600
v 0.532636 -0.054599 -0.711600
v 0.532636 -0.054599 -0.065595
v 0.532636 -0.054599 0.580410
v 0.532009 -0.067541 1.104611
v 0.447166 -0.067541 1.221387
v 0.532636 -0.067541 1.104710
v 0.532636 -0.054599 1.104710
v 0.532636 -0.067541 1.226416
v 0.449729 -0.067541 1.226416
v 0.449729 -0.054599 1.226416
v -0.426376 -0.054599 1.226416
v -0.515819 -0.067541 1.226415
v -0.426376 -0.067541 1.226416
v -0.515819 -0.054599 1.104710
v -0.515193 -0.054599 1.104611
v -0.426376 -0.054599 1.221387
v 0.447166 -0.054599 1.221387
v 0.532009 -0.054599 1.104611
v -0.515819 -0.067541 1.104710
v -0.480027 -0.067541 1.112849
v -0.496049 -0.067541 1.107643
v -0.484955 -0.067541 1.110734
v -0.490819 -0.067541 1.108829
v -0.456727 -0.067541 1.127679
v -0.470356 -0.067541 1.117777
v -0.460760 -0.067541 1.124145
v -0.465748 -0.067541 1.120520
v -0.439149 -0.067541 1.148983
v -0.449052 -0.067541 1.135354
v -0.441893 -0.067541 1.144376
v -0.445518 -0.067541 1.139387
v -0.429016 -0.067541 1.174676
v -0.434222 -0.067541 1.158654
v -0.430202 -0.067541 1.169446
v -0.432107 -0.067541 1.163582
v -0.426105 -0.067541 1.202347
v -0.427318 -0.067541 1.185396
v -0.426223 -0.067541 1.196955
v -0.426667 -0.067541 1.190750
v 0.512866 -0.067541 1.107643
v 0.496843 -0.067541 1.112849
v 0.507636 -0.067541 1.108829
v 0.501771 -0.067541 1.110734
v 0.487173 -0.067541 1.117777
v 0.473543 -0.067541 1.127679
v 0.482565 -0.067541 1.120520
v 0.477576 -0.067541 1.124145
v 0.465868 -0.067541 1.135354
v 0.455966 -0.067541 1.148983
v 0.462334 -0.067541 1.139387
v 0.458710 -0.067541 1.144375
v 0.451038 -0.067541 1.158654
v 0.445832 -0.067541 1.174676
v 0.448924 -0.067541 1.163582
v 0.447018 -0.067541 1.169446
v 0.444134 -0.067541 1.185397
v 0.444134 -0.067541 1.202243
v 0.443646 -0.067541 1.190737
v 0.443646 -0.067541 1.196903
v -0.496049 -0.054599 1.107643
v -0.480027 -0.054599 1.112849
v -0.490819 -0.054599 1.108829
v -0.484955 -0.054599 1.110734
v -0.449052 -0.054599 1.135354
v -0.439149 -0.054599 1.148983
v -0.445518 -0.054599 1.139387
v -0.441893 -0.054599 1.144376
v -0.434222 -0.054599 1.158654
v -0.429016 -0.054599 1.174676
v -0.432107 -0.054599 1.163582
v -0.430202 -0.054599 1.169446
v -0.470356 -0.054599 1.117777
v -0.456727 -0.054599 1.127679
v -0.465748 -0.054599 1.120520
v -0.460760 -0.054599 1.124145
v 0.444134 -0.054599 1.202243
v 0.444134 -0.054599 1.185397
v 0.443646 -0.054599 1.196903
v 0.443646 -0.054599 1.190737
v -0.427318 -0.054599 1.185396
v -0.426105 -0.054599 1.202347
v -0.426667 -0.054599 1.190750
v -0.426223 -0.054599 1.196955
v 0.445832 -0.054599 1.174676
v 0.451038 -0.054599 1.158654
v 0.447018 -0.054599 1.169446
v 0.448924 -0.054599 1.163582
v 0.455966 -0.054599 1.148983
v 0.465868 -0.054599 1.135354
v 0.458710 -0.054599 1.144375
v 0.462334 -0.054599 1.139387
v 0.496843 -0.054599 1.112849
v 0.512866 -0.054599 1.107643
v 0.501771 -0.054599 1.110734
v 0.507636 -0.054599 1.108829
v 0.473543 -0.054599 1.127679
v 0.487173 -0.054599 1.117777
v 0.477576 -0.054599 1.124145
v 0.482565 -0.054599 1.120520
v -0.240407 -0.061239 1.100540
v -0.154963 0.058882 1.034065
v -0.102011 0.131929 0.552066
v -0.154963 0.058882 1.008134
v -0.366433 -0.061239 0.974514
v -0.273025 -0.061239 1.096245
v 0.008408 0.131929 0.368939
v 0.171781 0.058882 1.034065
v -0.303420 -0.061239 1.083655
v 0.171780 0.058882 1.008134
v 0.118828 0.131929 0.552066
v -0.329521 -0.061239 1.063627
v -0.349548 -0.061239 1.037526
v -0.362138 -0.061239 1.007131
v -0.366433 0.146311 0.974514
v -0.240407 0.146311 1.100540
v 0.144562 0.058882 1.008134
v -0.362138 0.146311 1.007131
v -0.127745 0.058882 1.008134
v -0.349548 0.146311 1.037526
v -0.329521 0.146311 1.063627
v -0.303420 0.146311 1.083655
v -0.273025 0.146311 1.096245
v -0.127745 0.058882 1.034065
v -0.366433 -0.061239 0.476883
v 0.144562 0.058882 1.034065
v -0.091949 -0.061239 0.350857
v -0.362138 -0.061239 0.444265
v -0.349548 -0.061239 0.413870
v -0.329521 -0.061239 0.387770
v -0.303420 -0.061239 0.367742
v -0.273025 -0.061239 0.355152
v -0.091868 -0.031804 0.350857
v -0.366433 0.146311 0.476883
v -0.273025 0.146311 0.355152
v -0.303420 0.146311 0.367742
v -0.329521 0.146311 0.387770
v -0.349548 0.146311 0.413870
v -0.362138 0.146311 0.444265
v 0.383250 -0.061239 0.974514
v 0.257224 -0.061239 1.100540
v 0.378955 -0.061239 1.007131
v 0.366365 -0.061239 1.037526
v 0.346337 -0.061239 1.063627
v 0.320236 -0.061239 1.083655
v 0.289841 -0.061239 1.096245
v 0.257224 0.146311 1.100540
v 0.383250 0.146311 0.974514
v 0.289841 0.146311 1.096245
v 0.320236 0.146311 1.083655
v 0.346337 0.146311 1.063627
v 0.366365 0.146311 1.037526
v 0.378955 0.146311 1.007131
v 0.108766 -0.061239 0.350857
v 0.383250 -0.061239 0.476883
v 0.289841 -0.061239 0.355152
v 0.320236 -0.061239 0.367742
v 0.346337 -0.061239 0.387770
v 0.366365 -0.061239 0.413870
v 0.378955 -0.061239 0.444265
v 0.383250 0.146311 0.476883
v 0.108685 -0.031804 0.350857
v 0.378955 0.146311 0.444265
v 0.366365 0.146311 0.413870
v 0.346337 0.146311 0.387770
v 0.320236 0.146311 0.367742
v 0.289841 0.146311 0.355152
v -0.106896 -0.061239 0.702763
v -0.089342 -0.061239 0.660384
v -0.100206 -0.061239 0.680709
v -0.056906 -0.061239 0.627948
v -0.014527 -0.061239 0.610394
v -0.036581 -0.061239 0.617084
v -0.074721 -0.061239 0.642569
v -0.109155 -0.061239 0.725698
v -0.100206 -0.061239 0.770688
v -0.106896 -0.061239 0.748634
v 0.008409 -0.061239 0.608135
v 0.053398 -0.061239 0.617084
v 0.031344 -0.061239 0.610394
v -0.089342 -0.061239 0.791013
v -0.074721 -0.061239 0.808828
v -0.036581 -0.061239 0.834313
v -0.014527 -0.061239 0.841003
v -0.056906 -0.061239 0.823449
v 0.031344 -0.061239 0.841003
v 0.008408 -0.061239 0.843262
v 0.053398 -0.061239 0.834313
v 0.091538 -0.061239 0.642569
v 0.106158 -0.061239 0.791013
v 0.091538 -0.061239 0.808828
v 0.106158 -0.061239 0.660384
v 0.125972 -0.061239 0.725698
v 0.123713 -0.061239 0.702763
v 0.117023 -0.061239 0.770688
v 0.123713 -0.061239 0.748634
v 0.117023 -0.061239 0.680709
v 0.073723 -0.061239 0.823449
v 0.073723 -0.061239 0.627948
v 0.031344 0.146311 0.610394
v 0.073723 0.146311 0.627948
v 0.053398 0.146311 0.617084
v 0.106158 0.146311 0.660384
v 0.123713 0.146311 0.702763
v 0.117023 0.146311 0.680709
v 0.091538 0.146311 0.642569
v -0.036581 0.146311 0.617084
v -0.014527 0.146311 0.610394
v 0.008409 0.146311 0.608135
v 0.123713 0.146311 0.748634
v 0.117023 0.146311 0.770688
v 0.125972 0.146311 0.725698
v 0.106158 0.146311 0.791013
v -0.109155 0.146311 0.725698
v -0.100206 0.146311 0.770688
v -0.106896 0.146311 0.748634
v -0.106896 0.146311 0.702763
v -0.074721 0.146311 0.808828
v -0.074721 0.146311 0.642569
v -0.089342 0.146311 0.791013
v -0.089342 0.146311 0.660384
v -0.100206 0.146311 0.680709
v -0.014527 0.146311 0.841003
v -0.036581 0.146311 0.834313
v 0.053398 0.146311 0.834313
v 0.031344 0.146311 0.841003
v 0.073723 0.146311 0.823449
v 0.091538 0.146311 0.808828
v 0.008408 0.146311 0.843262
v -0.056906 0.146311 0.823449
v -0.056906 0.146311 0.627948
v -0.240407 -0.061239 0.350857
v -0.240407 0.146311 0.350857
v 0.257224 -0.061239 0.350857
v 0.257224 0.146311 0.350857
v -0.091949 -0.061239 -0.028364
v -0.091868 -0.031804 -0.028364
v 0.108766 -0.061239 -0.028364
v 0.108685 -0.031804 -0.028364
v -0.102011 0.146311 0.552066
v -0.018547 0.146311 0.552066
v 0.029119 0.146311 0.552066
v 0.008408 0.146311 0.368939
v 0.118828 0.146311 0.552066
v -0.154963 0.146311 1.100540
v -0.127745 0.146311 1.100540
v 0.171780 0.146311 1.100540
v 0.171780 0.058882 1.100540
v 0.144562 0.146311 1.100540
v 0.144562 0.058882 1.100540
v -0.154963 0.058882 1.100540
v -0.127745 0.058882 1.100540
v -0.154963 0.146311 1.034065
v -0.154963 0.146311 1.008134
v -0.127745 0.146311 1.008134
v -0.127745 0.146311 1.034065
v 0.144562 0.146311 1.034065
v 0.144562 0.146311 1.008134
v 0.171780 0.146311 1.008134
v 0.171781 0.146311 1.034065
v -0.271412 0.079782 0.404203
v -0.271412 0.161075 0.404203
v -0.258106 0.079782 0.406310
v -0.258106 0.161075 0.406310
v -0.246103 0.079782 0.412426
v -0.246103 0.161075 0.412426
v -0.236577 0.079782 0.421952
v -0.236577 0.161075 0.421952
v -0.230461 0.079782 0.433955
v -0.230461 0.161075 0.433955
v -0.228354 0.079782 0.447261
v -0.228354 0.161075 0.447261
v -0.230461 0.079782 0.460567
v -0.230461 0.161075 0.460567
v -0.236577 0.079782 0.472571
v -0.236577 0.161075 0.472571
v -0.246103 0.079782 0.482097
v -0.246103 0.161075 0.482097
v -0.258106 0.079782 0.488212
v -0.258106 0.161075 0.488212
v -0.271412 0.079782 0.490320
v -0.271412 0.161075 0.490320
v -0.284718 0.079782 0.488212
v -0.284718 0.161075 0.488212
v -0.296721 0.079782 0.482097
v -0.296721 0.161075 0.482097
v -0.306247 0.079782 0.472571
v -0.306247 0.161075 0.472571
v -0.312363 0.079782 0.460567
v -0.312363 0.161075 0.460567
v -0.314471 0.079782 0.447261
v -0.314471 0.161075 0.447261
v -0.312363 0.079782 0.433955
v -0.312363 0.161075 0.433955
v -0.306247 0.079782 0.421952
v -0.306247 0.161075 0.421952
v -0.296721 0.079782 0.412426
v -0.296721 0.161075 0.412426
v -0.284718 0.079782 0.406310
v -0.284718 0.161075 0.406310
v -0.260129 0.171505 0.412537
v -0.271412 0.171505 0.410750
v -0.249951 0.171505 0.417723
v -0.241874 0.171505 0.425800
v -0.236687 0.171505 0.435979
v -0.234900 0.171505 0.447261
v -0.236687 0.171505 0.458544
v -0.241874 0.171505 0.468722
v -0.249951 0.171505 0.476800
v -0.260129 0.171505 0.481986
v -0.271412 0.171505 0.483773
v -0.282695 0.171505 0.481986
v -0.292873 0.171505 0.476800
v -0.300951 0.171505 0.468722
v -0.306137 0.171505 0.458544
v -0.307924 0.171505 0.447261
v -0.306137 0.171505 0.435979
v -0.300951 0.171505 0.425800
v -0.292873 0.171505 0.417723
v -0.282695 0.171505 0.412537
v -0.264777 0.180824 0.426840
v -0.271412 0.180824 0.425789
v -0.258791 0.180824 0.429890
v -0.254040 0.180824 0.434640
v -0.250991 0.180824 0.440626
v -0.249940 0.180824 0.447261
v -0.250991 0.180824 0.453897
v -0.254040 0.180824 0.459883
v -0.258791 0.180824 0.464633
v -0.264777 0.180824 0.467683
v -0.271412 0.180824 0.468734
v -0.278048 0.180824 0.467683
v -0.284033 0.180824 0.464633
v -0.288784 0.180824 0.459883
v -0.291834 0.180824 0.453897
v -0.292885 0.180824 0.447261
v -0.291834 0.180824 0.440626
v -0.288784 0.180824 0.434640
v -0.284033 0.180824 0.429890
v -0.278048 0.180824 0.426840
v -0.264777 0.174073 0.426840
v -0.271412 0.174073 0.425789
v -0.258791 0.174073 0.429890
v -0.254040 0.174073 0.434640
v -0.250991 0.174073 0.440626
v -0.249940 0.174073 0.447261
v -0.250991 0.174073 0.453897
v -0.254040 0.174073 0.459883
v -0.258791 0.174073 0.464633
v -0.264777 0.174073 0.467683
v -0.271412 0.174073 0.468734
v -0.278048 0.174073 0.467683
v -0.284033 0.174073 0.464633
v -0.288784 0.174073 0.459883
v -0.291834 0.174073 0.453897
v -0.292885 0.174073 0.447261
v -0.291834 0.174073 0.440626
v -0.288784 0.174073 0.434640
v -0.284033 0.174073 0.429890
v -0.278048 0.174073 0.426840
v 0.288229 0.079782 0.404203
v 0.288229 0.161075 0.404203
v 0.274923 0.079782 0.406310
v 0.274923 0.161075 0.406310
v 0.262920 0.079782 0.412426
v 0.262920 0.161075 0.412426
v 0.253394 0.079782 0.421952
v 0.253394 0.161075 0.421952
v 0.247278 0.079782 0.433955
v 0.247278 0.161075 0.433955
v 0.245171 0.079782 0.447261
v 0.245171 0.161075 0.447261
v 0.247278 0.079782 0.460567
v 0.247278 0.161075 0.460567
v 0.253394 0.079782 0.472571
v 0.253394 0.161075 0.472571
v 0.262920 0.079782 0.482097
v 0.262920 0.161075 0.482097
v 0.274923 0.079782 0.488213
v 0.274923 0.161075 0.488213
v 0.288229 0.079782 0.490320
v 0.288229 0.161075 0.490320
v 0.301535 0.079782 0.488213
v 0.301535 0.161075 0.488213
v 0.313539 0.079782 0.482097
v 0.313539 0.161075 0.482097
v 0.323065 0.079782 0.472571
v 0.323065 0.161075 0.472571
v 0.329180 0.079782 0.460567
v 0.329180 0.161075 0.460567
v 0.331288 0.079782 0.447261
v 0.331288 0.161075 0.447261
v 0.329180 0.079782 0.433955
v 0.329180 0.161075 0.433955
v 0.323064 0.079782 0.421952
v 0.323064 0.161075 0.421952
v 0.313539 0.079782 0.412426
v 0.313539 0.161075 0.412426
v 0.301535 0.079782 0.406310
v 0.301535 0.161075 0.406310
v 0.276947 0.171505 0.412537
v 0.288229 0.171505 0.410750
v 0.266768 0.171505 0.417723
v 0.258691 0.171505 0.425800
v 0.253505 0.171505 0.435979
v 0.251718 0.171505 0.447261
v 0.253505 0.171505 0.458544
v 0.258691 0.171505 0.468722
v 0.266768 0.171505 0.476800
v 0.276947 0.171505 0.481986
v 0.288229 0.171505 0.483773
v 0.299512 0.171505 0.481986
v 0.309690 0.171505 0.476800
v 0.317768 0.171505 0.468722
v 0.322954 0.171505 0.458544
v 0.324741 0.171505 0.447261
v 0.322954 0.171505 0.435979
v 0.317768 0.171505 0.425800
v 0.309690 0.171505 0.417723
v 0.299512 0.171505 0.412537
v 0.281594 0.180824 0.426840
v 0.288229 0.180824 0.425789
v 0.275608 0.180824 0.429890
v 0.270858 0.180824 0.434640
v 0.267807 0.180824 0.440626
v 0.266757 0.180824 0.447261
v 0.267807 0.180824 0.453897
v 0.270858 0.180824 0.459883
v 0.275608 0.180824 0.464633
v 0.281594 0.180824 0.467683
v 0.288229 0.180824 0.468734
v 0.294865 0.180824 0.467683
v 0.300850 0.180824 0.464633
v 0.305601 0.180824 0.459883
v 0.308651 0.180824 0.453897
v 0.309702 0.180824 0.447261
v 0.308651 0.180824 0.440626
v 0.305601 0.180824 0.434640
v 0.300850 0.180824 0.429890
v 0.294865 0.180824 0.426840
v 0.281594 0.174073 0.426840
v 0.288229 0.174073 0.425789
v 0.275608 0.174073 0.429890
v 0.270858 0.174073 0.434640
v 0.267807 0.174073 0.440626
v 0.266757 0.174073 0.447261
v 0.267807 0.174073 0.453897
v 0.270858 0.174073 0.459883
v 0.275608 0.174073 0.464633
v 0.281594 0.174073 0.467683
v 0.288229 0.174073 0.468734
v 0.294865 0.174073 0.467683
v 0.300850 0.174073 0.464633
v 0.305601 0.174073 0.459883
v 0.308651 0.174073 0.453897
v 0.309702 0.174073 0.447261
v 0.308651 0.174073 0.440626
v 0.305601 0.174073 0.434640
v 0.300850 0.174073 0.429890
v 0.294865 0.174073 0.426840
v -0.271412 0.079782 1.047194
v -0.271412 0.161075 1.047194
v -0.258106 0.079782 1.045087
v -0.258106 0.161075 1.045087
v -0.246103 0.079782 1.038971
v -0.246103 0.161075 1.038971
v -0.236577 0.079782 1.029445
v -0.236577 0.161075 1.029445
v -0.230461 0.079782 1.017442
v -0.230461 0.161075 1.017442
v -0.228354 0.079782 1.004136
v -0.228354 0.161075 1.004136
v -0.230461 0.079782 0.990830
v -0.230461 0.161075 0.990830
v -0.236577 0.079782 0.978826
v -0.236577 0.161075 0.978826
v -0.246103 0.079782 0.969300
v -0.246103 0.161075 0.969300
v -0.258106 0.079782 0.963184
v -0.258106 0.161075 0.963184
v -0.271412 0.079782 0.961077
v -0.271412 0.161075 0.961077
v -0.284718 0.079782 0.963184
v -0.284718 0.161075 0.963184
v -0.296721 0.079782 0.969300
v -0.296721 0.161075 0.969300
v -0.306247 0.079782 0.978826
v -0.306247 0.161075 0.978826
v -0.312363 0.079782 0.990830
v -0.312363 0.161075 0.990830
v -0.314471 0.079782 1.004136
v -0.314471 0.161075 1.004136
v -0.312363 0.079782 1.017442
v -0.312363 0.161075 1.017442
v -0.306247 0.079782 1.029445
v -0.306247 0.161075 1.029445
v -0.296721 0.079782 1.038971
v -0.296721 0.161075 1.038971
v -0.284718 0.079782 1.045087
v -0.284718 0.161075 1.045087
v -0.260129 0.171505 1.038860
v -0.271412 0.171505 1.040647
v -0.249951 0.171505 1.033674
v -0.241874 0.171505 1.025597
v -0.236687 0.171505 1.015418
v -0.234900 0.171505 1.004136
v -0.236687 0.171505 0.992853
v -0.241874 0.171505 0.982675
v -0.249951 0.171505 0.974597
v -0.260129 0.171505 0.969411
v -0.271412 0.171505 0.967624
v -0.282695 0.171505 0.969411
v -0.292873 0.171505 0.974597
v -0.300951 0.171505 0.982675
v -0.306137 0.171505 0.992853
v -0.307924 0.171505 1.004136
v -0.306137 0.171505 1.015418
v -0.300951 0.171505 1.025597
v -0.292873 0.171505 1.033674
v -0.282695 0.171505 1.038860
v -0.264777 0.180824 1.024557
v -0.271412 0.180824 1.025608
v -0.258791 0.180824 1.021507
v -0.254040 0.180824 1.016757
v -0.250990 0.180824 1.010771
v -0.249939 0.180824 1.004136
v -0.250990 0.180824 0.997500
v -0.254040 0.180824 0.991514
v -0.258791 0.180824 0.986764
v -0.264777 0.180824 0.983714
v -0.271412 0.180824 0.982663
v -0.278048 0.180824 0.983714
v -0.284033 0.180824 0.986764
v -0.288784 0.180824 0.991515
v -0.291834 0.180824 0.997500
v -0.292885 0.180824 1.004136
v -0.291834 0.180824 1.010771
v -0.288784 0.180824 1.016757
v -0.284033 0.180824 1.021507
v -0.278048 0.180824 1.024557
v -0.264777 0.174073 1.024557
v -0.271412 0.174073 1.025608
v -0.258791 0.174073 1.021507
v -0.254040 0.174073 1.016757
v -0.250990 0.174073 1.010771
v -0.249939 0.174073 1.004136
v -0.250990 0.174073 0.997500
v -0.254040 0.174073 0.991514
v -0.258791 0.174073 0.986764
v -0.264777 0.174073 0.983714
v -0.271412 0.174073 0.982663
v -0.278048 0.174073 0.983714
v -0.284033 0.174073 0.986764
v -0.288784 0.174073 0.991515
v -0.291834 0.174073 0.997500
v -0.292885 0.174073 1.004136
v -0.291834 0.174073 1.010771
v -0.288784 0.174073 1.016757
v -0.284033 0.174073 1.021507
v -0.278048 0.174073 1.024557
v 0.288229 0.079782 1.047194
v 0.288229 0.161075 1.047194
v 0.274923 0.079782 1.045087
v 0.274923 0.161075 1.045087
v 0.262920 0.079782 1.038971
v 0.262920 0.161075 1.038971
v 0.253394 0.079782 1.029445
v 0.253394 0.161075 1.029445
v 0.247278 0.079782 1.017442
v 0.247278 0.161075 1.017442
v 0.245171 0.079782 1.004136
v 0.245171 0.161075 1.004136
v 0.247278 0.079782 0.990830
v 0.247278 0.161075 0.990830
v 0.253394 0.079782 0.978826
v 0.253394 0.161075 0.978826
v 0.262920 0.079782 0.969300
v 0.262920 0.161075 0.969300
v 0.274923 0.079782 0.963184
v 0.274923 0.161075 0.963184
v 0.288229 0.079782 0.961077
v 0.288229 0.161075 0.961077
v 0.301535 0.079782 0.963184
v 0.301535 0.161075 0.963184
v 0.313539 0.079782 0.969301
v 0.313539 0.161075 0.969301
v 0.323064 0.079782 0.978826
v 0.323064 0.161075 0.978826
v 0.329180 0.079782 0.990830
v 0.329180 0.161075 0.990830
v 0.331288 0.079782 1.004136
v 0.331288 0.161075 1.004136
v 0.329180 0.079782 1.017441
v 0.329180 0.161075 1.017441
v 0.323064 0.079782 1.029445
v 0.323064 0.161075 1.029445
v 0.313539 0.079782 1.038971
v 0.313539 0.161075 1.038971
v 0.301535 0.079782 1.045087
v 0.301535 0.161075 1.045087
v 0.276947 0.171505 1.038860
v 0.288229 0.171505 1.040647
v 0.266768 0.171505 1.033674
v 0.258691 0.171505 1.025597
v 0.253505 0.171505 1.015418
v 0.251718 0.171505 1.004136
v 0.253505 0.171505 0.992853
v 0.258691 0.171505 0.982675
v 0.266768 0.171505 0.974597
v 0.276947 0.171505 0.969411
v 0.288229 0.171505 0.967624
v 0.299512 0.171505 0.969411
v 0.309690 0.171505 0.974597
v 0.317768 0.171505 0.982675
v 0.322954 0.171505 0.992853
v 0.324741 0.171505 1.004136
v 0.322954 0.171505 1.015418
v 0.317768 0.171505 1.025597
v 0.309690 0.171505 1.033674
v 0.299512 0.171505 1.038860
v 0.281594 0.180824 1.024557
v 0.288229 0.180824 1.025608
v 0.275608 0.180824 1.021507
v 0.270858 0.180824 1.016757
v 0.267807 0.180824 1.010771
v 0.266757 0.180824 1.004136
v 0.267808 0.180824 0.997500
v 0.270858 0.180824 0.991514
v 0.275608 0.180824 0.986764
v 0.281594 0.180824 0.983714
v 0.288229 0.180824 0.982663
v 0.294865 0.180824 0.983714
v 0.300850 0.180824 0.986764
v 0.305601 0.180824 0.991514
v 0.308651 0.180824 0.997500
v 0.309702 0.180824 1.004136
v 0.308651 0.180824 1.010771
v 0.305601 0.180824 1.016757
v 0.300850 0.180824 1.021507
v 0.294865 0.180824 1.024557
v 0.281594 0.174073 1.024557
v 0.288229 0.174073 1.025608
v 0.275608 0.174073 1.021507
v 0.270858 0.174073 1.016757
v 0.267807 0.174073 1.010771
v 0.266757 0.174073 1.004136
v 0.267808 0.174073 0.997500
v 0.270858 0.174073 0.991514
v 0.275608 0.174073 0.986764
v 0.281594 0.174073 0.983714
v 0.288229 0.174073 0.982663
v 0.294865 0.174073 0.983714
v 0.300850 0.174073 0.986764
v 0.305601 0.174073 0.991514
v 0.308651 0.174073 0.997500
v 0.309702 0.174073 1.004136
v 0.308651 0.174073 1.010771
v 0.305601 0.174073 1.016757
v 0.300850 0.174073 1.021507
v 0.294865 0.174073 1.024557
v -0.095019 -0.059298 -0.000869
v -0.095019 -0.004310 -0.000869
v -0.095019 -0.059298 -0.055858
v -0.095019 -0.004310 -0.055858
v 0.111836 -0.059298 -0.000869
v 0.111836 -0.004310 -0.000869
v 0.111836 -0.059298 -0.055858
v 0.111836 -0.004310 -0.055858
v 0.093031 -0.059298 -0.055858
v 0.074226 -0.059298 -0.055858
v 0.055421 -0.059298 -0.055858
v 0.036616 -0.059298 -0.055858
v 0.017811 -0.059298 -0.055858
v -0.000994 -0.059298 -0.055858
v -0.019799 -0.059298 -0.055858
v -0.038604 -0.059298 -0.055858
v -0.057409 -0.059298 -0.055858
v -0.076214 -0.059298 -0.055858
v -0.076214 -0.004310 -0.055858
v -0.057409 -0.004310 -0.055858
v -0.038604 -0.004310 -0.055858
v -0.019799 -0.004310 -0.055858
v -0.000994 -0.004310 -0.055858
v 0.017811 -0.004310 -0.055858
v 0.036616 -0.004310 -0.055858
v 0.055421 -0.004310 -0.055858
v 0.074226 -0.004310 -0.055858
v 0.093031 -0.004310 -0.055858
v -0.076214 -0.059298 -0.000869
v -0.057409 -0.059298 -0.000869
v -0.038604 -0.059298 -0.000869
v -0.019799 -0.059298 -0.000869
v -0.000994 -0.059298 -0.000869
v 0.017811 -0.059298 -0.000869
v 0.036616 -0.059298 -0.000869
v 0.055421 -0.059298 -0.000869
v 0.074226 -0.059298 -0.000869
v 0.093031 -0.059298 -0.000869
v 0.093031 -0.004310 -0.000869
v 0.074226 -0.004310 -0.000869
v 0.055421 -0.004310 -0.000869
v 0.036616 -0.004310 -0.000869
v 0.017811 -0.004310 -0.000869
v -0.000994 -0.004310 -0.000869
v -0.019799 -0.004310 -0.000869
v -0.038604 -0.004310 -0.000869
v -0.057409 -0.004310 -0.000869
v -0.076214 -0.004310 -0.000869
v -0.095019 -0.032110 -0.000869
v -0.095019 -0.013781 -0.000869
v -0.095019 -0.013781 -0.055858
v -0.095019 -0.032110 -0.055858
v 0.111836 -0.013781 -0.055858
v 0.111836 -0.032110 -0.055858
v 0.111836 -0.013781 -0.000869
v 0.111836 -0.032110 -0.000869
v 0.093031 -0.013781 -0.000869
v 0.093031 -0.032110 -0.000869
v 0.074226 -0.013781 -0.000869
v 0.074226 -0.032110 -0.000869
v 0.055421 -0.013781 -0.000869
v 0.055421 -0.032110 -0.000869
v 0.036616 -0.013781 -0.000869
v 0.036616 -0.032110 -0.000869
v 0.017811 -0.013781 -0.000869
v 0.017811 -0.032110 -0.000869
v -0.000994 -0.013781 -0.000869
v -0.000994 -0.032110 -0.000869
v -0.019799 -0.013781 -0.000869
v -0.019799 -0.032110 -0.000869
v -0.038604 -0.013781 -0.000869
v -0.038604 -0.032110 -0.000869
v -0.057409 -0.013781 -0.000869
v -0.057409 -0.032110 -0.000869
v -0.076214 -0.013781 -0.000869
v -0.076214 -0.032110 -0.000869
v -0.076214 -0.013781 -0.055858
v -0.076214 -0.032110 -0.055858
v -0.057409 -0.013781 -0.055858
v -0.057409 -0.032110 -0.055858
v -0.038604 -0.013781 -0.055858
v -0.038604 -0.032110 -0.055858
v -0.019799 -0.013781 -0.055858
v -0.019799 -0.032110 -0.055858
v -0.000994 -0.013781 -0.055858
v -0.000994 -0.032110 -0.055858
v 0.017811 -0.013781 -0.055858
v 0.017811 -0.032110 -0.055858
v 0.036616 -0.013781 -0.055858
v 0.036616 -0.032110 -0.055858
v 0.055421 -0.013781 -0.055858
v 0.055421 -0.032110 -0.055858
v 0.074226 -0.013781 -0.055858
v 0.074226 -0.032110 -0.055858
v 0.093031 -0.013781 -0.055858
v 0.093031 -0.032110 -0.055858
v -0.076214 -0.013781 -0.088702
v -0.076214 -0.032110 -0.088702
v -0.057409 -0.013781 -0.088702
v -0.057409 -0.032110 -0.088702
v -0.038604 -0.013781 -0.088701
v -0.038604 -0.032110 -0.088701
v -0.019799 -0.013781 -0.088702
v -0.019799 -0.032110 -0.088702
v -0.000994 -0.013781 -0.088702
v -0.000994 -0.032110 -0.088702
v 0.017811 -0.013781 -0.088701
v 0.017811 -0.032110 -0.088701
v 0.036616 -0.013781 -0.088702
v 0.036616 -0.032110 -0.088702
v 0.055421 -0.013781 -0.088702
v 0.055421 -0.032110 -0.088702
v 0.074226 -0.013781 -0.088701
v 0.074226 -0.032110 -0.088701
v 0.093031 -0.013781 -0.088702
v 0.093031 -0.032110 -0.088702
v -0.100677 -0.059222 -0.086020
v -0.091564 -0.004387 -0.090012
v -0.100677 -0.059222 -0.140855
v -0.091564 -0.004387 -0.136864
v 0.117493 -0.059222 -0.086020
v 0.108381 -0.004387 -0.090012
v 0.117493 -0.059222 -0.140855
v 0.108381 -0.004387 -0.136864
v 0.068026 -0.059222 -0.140855
v -0.051209 -0.059222 -0.140855
v -0.072572 -0.004387 -0.136864
v 0.089389 -0.004387 -0.136864
v -0.051209 -0.059222 -0.086020
v 0.068026 -0.059222 -0.086020
v 0.089389 -0.004387 -0.090012
v -0.072572 -0.004387 -0.090012
v -0.100677 -0.004387 -0.086020
v -0.100677 -0.004387 -0.140855
v 0.068026 -0.004387 -0.140855
v 0.117493 -0.004387 -0.140855
v 0.117493 -0.004387 -0.086020
v -0.051209 -0.004387 -0.086020
v -0.051209 -0.004387 -0.140855
v 0.068026 -0.004387 -0.086020
v -0.091564 -0.016449 -0.090012
v -0.091564 -0.016449 -0.136864
v 0.089389 -0.016449 -0.136864
v 0.108381 -0.016449 -0.136864
v 0.108381 -0.016449 -0.090012
v -0.072572 -0.016449 -0.090012
v -0.072572 -0.016449 -0.136864
v 0.089389 -0.016449 -0.090012
v -0.100677 -0.044424 -0.086020
v -0.100677 -0.044424 -0.140855
v 0.117493 -0.044424 -0.140855
v 0.117493 -0.044424 -0.086020
v 0.068026 -0.044424 -0.086020
v -0.051209 -0.044424 -0.086020
v -0.051209 -0.044424 -0.140855
v 0.068026 -0.044424 -0.140855
v 0.117493 -0.044424 -0.056011
v 0.117493 -0.059222 -0.056011
v 0.068026 -0.059222 -0.056011
v -0.100677 -0.059222 -0.056011
v -0.051209 -0.059222 -0.056011
v 0.068026 -0.044424 -0.056011
v -0.051209 -0.044424 -0.056011
v -0.100677 -0.044424 -0.056011
v -0.092184 -0.064820 -0.674836
v -0.073967 -0.064820 -0.693052
v -0.083076 -0.064820 -0.677276
v -0.076408 -0.064820 -0.683944
v -0.073967 0.012164 -0.693052
v -0.092184 0.012164 -0.674836
v -0.076408 0.012164 -0.683944
v -0.083076 0.012164 -0.677276
v -0.073967 -0.064820 -0.733603
v -0.092184 -0.064820 -0.751820
v -0.076408 -0.064820 -0.742712
v -0.083076 -0.064820 -0.749379
v -0.092184 0.012164 -0.751820
v -0.073967 0.012164 -0.733603
v -0.083076 0.012164 -0.749379
v -0.076408 0.012164 -0.742712
v -0.150952 -0.064820 -0.693052
v -0.132735 -0.064820 -0.674836
v -0.148511 -0.064820 -0.683944
v -0.141844 -0.064820 -0.677276
v -0.132735 0.012164 -0.674836
v -0.150952 0.012164 -0.693052
v -0.141844 0.012164 -0.677276
v -0.148511 0.012164 -0.683944
v -0.132735 -0.064820 -0.751820
v -0.150952 -0.064820 -0.733603
v -0.141844 -0.064820 -0.749379
v -0.148511 -0.064820 -0.742712
v -0.150952 0.012164 -0.733603
v -0.132735 0.012164 -0.751820
v -0.148511 0.012164 -0.742712
v -0.141844 0.012164 -0.749379
v -0.098672 -0.001624 -0.699540
v -0.100204 0.195202 -0.701072
v -0.098672 -0.001624 -0.727115
v -0.100204 0.195202 -0.725584
v -0.126247 -0.001624 -0.699540
v -0.124716 0.195202 -0.701072
v -0.126247 -0.001624 -0.727115
v -0.124716 0.195202 -0.725584
v -0.098672 0.187446 -0.699540
v -0.098672 0.187446 -0.727115
v -0.126247 0.187446 -0.727115
v -0.126247 0.187446 -0.699540
v -0.104763 0.206455 -0.705631
v -0.104763 0.206455 -0.721025
v -0.120157 0.206455 -0.721025
v -0.120157 0.206455 -0.705631
v -0.110401 0.216861 -0.711269
v -0.110401 0.216861 -0.715386
v -0.114518 0.216861 -0.715386
v -0.114518 0.216861 -0.711269
v -0.199962 -0.064820 -0.674836
v -0.181746 -0.064820 -0.693052
v -0.190854 -0.064820 -0.677276
v -0.184186 -0.064820 -0.683944
v -0.181746 0.012164 -0.693052
v -0.199962 0.012164 -0.674836
v -0.184186 0.012164 -0.683944
v -0.190854 0.012164 -0.677276
v -0.181746 -0.064820 -0.733603
v -0.199962 -0.064820 -0.751820
v -0.184186 -0.064820 -0.742712
v -0.190854 -0.064820 -0.749379
v -0.199962 0.012164 -0.751820
v -0.181746 0.012164 -0.733603
v -0.190854 0.012164 -0.749379
v -0.184186 0.012164 -0.742712
v -0.258730 -0.064820 -0.693052
v -0.240513 -0.064820 -0.674836
v -0.256289 -0.064820 -0.683944
v -0.249621 -0.064820 -0.677276
v -0.240513 0.012164 -0.674836
v -0.258730 0.012164 -0.693052
v -0.249621 0.012164 -0.677276
v -0.256289 0.012164 -0.683944
v -0.240513 -0.064820 -0.751820
v -0.258730 -0.064820 -0.733603
v -0.249621 -0.064820 -0.749379
v -0.256289 -0.064820 -0.742712
v -0.258730 0.012164 -0.733603
v -0.240513 0.012164 -0.751820
v -0.256289 0.012164 -0.742712
v -0.249621 0.012164 -0.749379
v -0.206450 -0.001624 -0.699540
v -0.207982 0.195202 -0.701072
v -0.206450 -0.001624 -0.727115
v -0.207982 0.195202 -0.725584
v -0.234025 -0.001624 -0.699540
v -0.232494 0.195202 -0.701072
v -0.234025 -0.001624 -0.727115
v -0.232494 0.195202 -0.725584
v -0.206450 0.187446 -0.699540
v -0.206450 0.187446 -0.727115
v -0.234025 0.187446 -0.727115
v -0.234025 0.187446 -0.699540
v -0.212541 0.206455 -0.705631
v -0.212541 0.206455 -0.721025
v -0.227935 0.206455 -0.721025
v -0.227935 0.206455 -0.705631
v -0.218179 0.216861 -0.711269
v -0.218179 0.216861 -0.715386
v -0.222296 0.216861 -0.715386
v -0.222296 0.216861 -0.711269
v -0.307740 -0.064820 -0.674836
v -0.289523 -0.064820 -0.693052
v -0.298632 -0.064820 -0.677276
v -0.291964 -0.064820 -0.683944
v -0.289523 0.012164 -0.693052
v -0.307740 0.012164 -0.674836
v -0.291964 0.012164 -0.683944
v -0.298632 0.012164 -0.677276
v -0.289524 -0.064820 -0.733603
v -0.307740 -0.064820 -0.751820
v -0.291964 -0.064820 -0.742712
v -0.298632 -0.064820 -0.749379
v -0.307740 0.012164 -0.751820
v -0.289524 0.012164 -0.733603
v -0.298632 0.012164 -0.749379
v -0.291964 0.012164 -0.742712
v -0.366508 -0.064820 -0.693052
v -0.348291 -0.064820 -0.674836
v -0.364067 -0.064820 -0.683944
v -0.357399 -0.064820 -0.677276
v -0.348291 0.012164 -0.674836
v -0.366508 0.012164 -0.693052
v -0.357399 0.012164 -0.677276
v -0.364067 0.012164 -0.683944
v -0.348291 -0.064820 -0.751820
v -0.366508 -0.064820 -0.733603
v -0.357399 -0.064820 -0.749379
v -0.364067 -0.064820 -0.742712
v -0.366508 0.012164 -0.733603
v -0.348291 0.012164 -0.751820
v -0.364067 0.012164 -0.742712
v -0.357399 0.012164 -0.749379
v -0.314228 -0.001624 -0.699540
v -0.315759 0.195202 -0.701072
v -0.314228 -0.001624 -0.727115
v -0.315759 0.195202 -0.725584
v -0.341803 -0.001624 -0.699540
v -0.340271 0.195202 -0.701072
v -0.341803 -0.001624 -0.727115
v -0.340271 0.195202 -0.725584
v -0.314228 0.187446 -0.699540
v -0.314228 0.187446 -0.727115
v -0.341803 0.187446 -0.727115
v -0.341803 0.187446 -0.699540
v -0.320318 0.206455 -0.705631
v -0.320318 0.206455 -0.721025
v -0.335713 0.206455 -0.721025
v -0.335713 0.206455 -0.705631
v -0.325957 0.216861 -0.711269
v -0.325957 0.216861 -0.715386
v -0.330074 0.216861 -0.715386
v -0.330074 0.216861 -0.711269
v -0.415518 -0.064820 -0.674836
v -0.397301 -0.064820 -0.693052
v -0.406410 -0.064820 -0.677276
v -0.399742 -0.064820 -0.683944
v -0.397301 0.012164 -0.693052
v -0.415518 0.012164 -0.674836
v -0.399742 0.012164 -0.683944
v -0.406410 0.012164 -0.677276
v -0.397301 -0.064820 -0.733603
v -0.415518 -0.064820 -0.751820
v -0.399742 -0.064820 -0.742712
v -0.406410 -0.064820 -0.749379
v -0.415518 0.012164 -0.751820
v -0.397301 0.012164 -0.733603
v -0.406410 0.012164 -0.749379
v -0.399742 0.012164 -0.742712
v -0.474286 -0.064820 -0.693052
v -0.456069 -0.064820 -0.674836
v -0.471845 -0.064820 -0.683944
v -0.465178 -0.064820 -0.677276
v -0.456069 0.012164 -0.674836
v -0.474286 0.012164 -0.693052
v -0.465178 0.012164 -0.677276
v -0.471845 0.012164 -0.683944
v -0.456069 -0.064820 -0.751820
v -0.474286 -0.064820 -0.733603
v -0.465178 -0.064820 -0.749379
v -0.471845 -0.064820 -0.742712
v -0.474286 0.012164 -0.733603
v -0.456069 0.012164 -0.751820
v -0.471845 0.012164 -0.742712
v -0.465178 0.012164 -0.749379
v -0.422006 -0.001624 -0.699540
v -0.423538 0.195202 -0.701072
v -0.422006 -0.001624 -0.727115
v -0.423538 0.195202 -0.725584
v -0.449581 -0.001624 -0.699540
v -0.448050 0.195202 -0.701072
v -0.449581 -0.001624 -0.727115
v -0.448050 0.195202 -0.725584
v -0.422006 0.187446 -0.699540
v -0.422006 0.187446 -0.727115
v -0.449581 0.187446 -0.727115
v -0.449581 0.187446 -0.699540
v -0.428096 0.206455 -0.705631
v -0.428096 0.206455 -0.721025
v -0.443491 0.206455 -0.721025
v -0.443491 0.206455 -0.705631
v -0.433735 0.216861 -0.711269
v -0.433735 0.216861 -0.715386
v -0.437852 0.216861 -0.715386
v -0.437852 0.216861 -0.711269
v -0.092184 -0.064820 -0.782614
v -0.073967 -0.064820 -0.800830
v -0.083076 -0.064820 -0.785054
v -0.076408 -0.064820 -0.791722
v -0.073967 0.012164 -0.800830
v -0.092184 0.012164 -0.782614
v -0.076408 0.012164 -0.791722
v -0.083076 0.012164 -0.785054
v -0.073967 -0.064820 -0.841381
v -0.092184 -0.064820 -0.859598
v -0.076408 -0.064820 -0.850490
v -0.083076 -0.064820 -0.857157
v -0.092184 0.012164 -0.859598
v -0.073967 0.012164 -0.841381
v -0.083076 0.012164 -0.857157
v -0.076408 0.012164 -0.850490
v -0.150952 -0.064820 -0.800830
v -0.132735 -0.064820 -0.782614
v -0.148511 -0.064820 -0.791722
v -0.141843 -0.064820 -0.785054
v -0.132735 0.012164 -0.782614
v -0.150952 0.012164 -0.800830
v -0.141843 0.012164 -0.785054
v -0.148511 0.012164 -0.791722
v -0.132735 -0.064820 -0.859598
v -0.150952 -0.064820 -0.841381
v -0.141844 -0.064820 -0.857157
v -0.148511 -0.064820 -0.850489
v -0.150952 0.012164 -0.841381
v -0.132735 0.012164 -0.859598
v -0.148511 0.012164 -0.850489
v -0.141844 0.012164 -0.857157
v -0.098672 -0.001624 -0.807318
v -0.100204 0.195202 -0.808850
v -0.098672 -0.001624 -0.834893
v -0.100204 0.195202 -0.833362
v -0.126247 -0.001624 -0.807318
v -0.124716 0.195202 -0.808850
v -0.126247 -0.001624 -0.834893
v -0.124716 0.195202 -0.833362
v -0.098672 0.187446 -0.807318
v -0.098672 0.187446 -0.834893
v -0.126247 0.187446 -0.834893
v -0.126247 0.187446 -0.807318
v -0.104763 0.206455 -0.813409
v -0.104763 0.206455 -0.828803
v -0.120157 0.206455 -0.828803
v -0.120157 0.206455 -0.813409
v -0.110401 0.216861 -0.819047
v -0.110401 0.216861 -0.823164
v -0.114518 0.216861 -0.823164
v -0.114518 0.216861 -0.819047
v -0.199962 -0.064820 -0.782614
v -0.181746 -0.064820 -0.800830
v -0.190854 -0.064820 -0.785054
v -0.184186 -0.064820 -0.791722
v -0.181746 0.012164 -0.800830
v -0.199962 0.012164 -0.782614
v -0.184186 0.012164 -0.791722
v -0.190854 0.012164 -0.785054
v -0.181746 -0.064820 -0.841381
v -0.199962 -0.064820 -0.859598
v -0.184186 -0.064820 -0.850490
v -0.190854 -0.064820 -0.857157
v -0.199962 0.012164 -0.859598
v -0.181746 0.012164 -0.841381
v -0.190854 0.012164 -0.857157
v -0.184186 0.012164 -0.850490
v -0.258730 -0.064820 -0.800830
v -0.240513 -0.064820 -0.782614
v -0.256289 -0.064820 -0.791722
v -0.249621 -0.064820 -0.785054
v -0.240513 0.012164 -0.782614
v -0.258730 0.012164 -0.800830
v -0.249621 0.012164 -0.785054
v -0.256289 0.012164 -0.791722
v -0.240513 -0.064820 -0.859598
v -0.258730 -0.064820 -0.841381
v -0.249621 -0.064820 -0.857157
v -0.256289 -0.064820 -0.850490
v -0.258730 0.012164 -0.841381
v -0.240513 0.012164 -0.859598
v -0.256289 0.012164 -0.850490
v -0.249621 0.012164 -0.857157
v -0.206450 -0.001624 -0.807318
v -0.207982 0.195202 -0.808850
v -0.206450 -0.001624 -0.834893
v -0.207982 0.195202 -0.833362
v -0.234025 -0.001624 -0.807318
v -0.232494 0.195202 -0.808850
v -0.234025 -0.001624 -0.834893
v -0.232494 0.195202 -0.833362
v -0.206450 0.187446 -0.807318
v -0.206450 0.187446 -0.834893
v -0.234025 0.187446 -0.834893
v -0.234025 0.187446 -0.807318
v -0.212541 0.206455 -0.813409
v -0.212541 0.206455 -0.828803
v -0.227935 0.206455 -0.828803
v -0.227935 0.206455 -0.813408
v -0.218179 0.216861 -0.819047
v -0.218179 0.216861 -0.823164
v -0.222296 0.216861 -0.823164
v -0.222296 0.216861 -0.819047
v -0.307740 -0.064820 -0.782614
v -0.289524 -0.064820 -0.800830
v -0.298632 -0.064820 -0.785054
v -0.291964 -0.064820 -0.791722
v -0.289524 0.012164 -0.800830
v -0.307740 0.012164 -0.782614
v -0.291964 0.012164 -0.791722
v -0.298632 0.012164 -0.785054
v -0.289524 -0.064820 -0.841381
v -0.307740 -0.064820 -0.859598
v -0.291964 -0.064820 -0.850490
v -0.298632 -0.064820 -0.857157
v -0.307740 0.012164 -0.859598
v -0.289524 0.012164 -0.841381
v -0.298632 0.012164 -0.857157
v -0.291964 0.012164 -0.850490
v -0.366508 -0.064820 -0.800830
v -0.348291 -0.064820 -0.782614
v -0.364067 -0.064820 -0.791722
v -0.357399 -0.064820 -0.785054
v -0.348291 0.012164 -0.782614
v -0.366508 0.012164 -0.800830
v -0.357399 0.012164 -0.785054
v -0.364067 0.012164 -0.791722
v -0.348291 -0.064820 -0.859598
v -0.366508 -0.064820 -0.841381
v -0.357399 -0.064820 -0.857157
v -0.364067 -0.064820 -0.850490
v -0.366508 0.012164 -0.841381
v -0.348291 0.012164 -0.859598
v -0.364067 0.012164 -0.850490
v -0.357399 0.012164 -0.857157
v -0.314228 -0.001624 -0.807318
v -0.315759 0.195202 -0.808850
v -0.314228 -0.001624 -0.834893
v -0.315759 0.195202 -0.833362
v -0.341803 -0.001624 -0.807318
v -0.340271 0.195202 -0.808850
v -0.341803 -0.001624 -0.834893
v -0.340271 0.195202 -0.833362
v -0.314228 0.187446 -0.807318
v -0.314228 0.187446 -0.834893
v -0.341803 0.187446 -0.834893
v -0.341803 0.187446 -0.807318
v -0.320318 0.206455 -0.813409
v -0.320318 0.206455 -0.828803
v -0.335713 0.206455 -0.828803
v -0.335713 0.206455 -0.813409
v -0.325957 0.216861 -0.819047
v -0.325957 0.216861 -0.823164
v -0.330074 0.216861 -0.823164
v -0.330074 0.216861 -0.819047
v -0.415518 -0.064820 -0.782614
v -0.397302 -0.064820 -0.800830
v -0.406410 -0.064820 -0.785054
v -0.399742 -0.064820 -0.791722
v -0.397302 0.012164 -0.800830
v -0.415518 0.012164 -0.782614
v -0.399742 0.012164 -0.791722
v -0.406410 0.012164 -0.785054
v -0.397302 -0.064820 -0.841381
v -0.415518 -0.064820 -0.859598
v -0.399742 -0.064820 -0.850489
v -0.406410 -0.064820 -0.857157
v -0.415518 0.012164 -0.859598
v -0.397302 0.012164 -0.841381
v -0.406410 0.012164 -0.857157
v -0.399742 0.012164 -0.850489
v -0.474286 -0.064820 -0.800830
v -0.456069 -0.064820 -0.782614
v -0.471845 -0.064820 -0.791722
v -0.465178 -0.064820 -0.785054
v -0.456069 0.012164 -0.782614
v -0.474286 0.012164 -0.800830
v -0.465178 0.012164 -0.785054
v -0.471845 0.012164 -0.791722
v -0.456069 -0.064820 -0.859598
v -0.474286 -0.064820 -0.841381
v -0.465178 -0.064820 -0.857157
v -0.471845 -0.064820 -0.850490
v -0.474286 0.012164 -0.841381
v -0.456069 0.012164 -0.859598
v -0.471845 0.012164 -0.850490
v -0.465178 0.012164 -0.857157
v -0.422006 -0.001624 -0.807318
v -0.423538 0.195202 -0.808850
v -0.422006 -0.001624 -0.834893
v -0.423537 0.195202 -0.833362
v -0.449581 -0.001624 -0.807318
v -0.448050 0.195202 -0.808850
v -0.449581 -0.001624 -0.834893
v -0.448050 0.195202 -0.833362
v -0.422006 0.187446 -0.807318
v -0.422006 0.187446 -0.834893
v -0.449581 0.187446 -0.834893
v -0.449581 0.187446 -0.807318
v -0.428096 0.206455 -0.813409
v -0.428096 0.206455 -0.828803
v -0.443491 0.206455 -0.828803
v -0.443491 0.206455 -0.813409
v -0.433735 0.216861 -0.819047
v -0.433735 0.216861 -0.823164
v -0.437852 0.216861 -0.823164
v -0.437852 0.216861 -0.819047
v -0.435375 -0.052547 -0.552745
v -0.467071 -0.052547 -0.563044
v -0.467071 -0.052547 -0.596370
v -0.435375 -0.052547 -0.606668
v -0.415787 -0.052547 -0.579707
v -0.444136 -0.010910 -0.579707
v -0.415882 -0.056482 -0.570527
v -0.415882 -0.056482 -0.588887
v -0.444136 -0.056482 -0.549999
v -0.426674 -0.056482 -0.555673
v -0.472389 -0.056482 -0.570527
v -0.461597 -0.056482 -0.555673
v -0.461597 -0.056482 -0.603741
v -0.472389 -0.056482 -0.588887
v -0.426674 -0.056482 -0.603741
v -0.444136 -0.056482 -0.609414
v -0.423213 -0.051366 -0.564505
v -0.452127 -0.051366 -0.555110
v -0.469998 -0.051366 -0.579707
v -0.452127 -0.051366 -0.604303
v -0.423213 -0.051366 -0.594908
v -0.438283 -0.043421 -0.561695
v -0.425197 -0.043422 -0.579707
v -0.459457 -0.043421 -0.568575
v -0.459457 -0.043421 -0.590838
v -0.438283 -0.043421 -0.597718
v 0.471452 -0.052547 -0.464440
v 0.439758 -0.052547 -0.474739
v 0.439758 -0.052547 -0.508064
v 0.471452 -0.052547 -0.518363
v 0.491041 -0.052547 -0.491401
v 0.462692 -0.010910 -0.491402
v 0.490946 -0.056482 -0.482221
v 0.490946 -0.056482 -0.500582
v 0.462692 -0.056482 -0.461694
v 0.480154 -0.056482 -0.467367
v 0.434438 -0.056482 -0.482221
v 0.445230 -0.056482 -0.467368
v 0.445230 -0.056482 -0.515436
v 0.434438 -0.056482 -0.500582
v 0.480154 -0.056482 -0.515436
v 0.462692 -0.056482 -0.521109
v 0.483615 -0.051366 -0.476200
v 0.454700 -0.051366 -0.466805
v 0.436830 -0.051366 -0.491402
v 0.454700 -0.051366 -0.515998
v 0.483615 -0.051366 -0.506603
v 0.468544 -0.043421 -0.473390
v 0.481631 -0.043422 -0.491401
v 0.447371 -0.043421 -0.480270
v 0.447371 -0.043421 -0.502533
v 0.468545 -0.043421 -0.509413
v 0.471452 -0.052547 -0.393142
v 0.439758 -0.052547 -0.403440
v 0.439758 -0.052547 -0.436766
v 0.471452 -0.052547 -0.447064
v 0.491041 -0.052547 -0.420103
v 0.462692 -0.010910 -0.420103
v 0.490946 -0.056482 -0.410923
v 0.490946 -0.056482 -0.429283
v 0.462692 -0.056482 -0.390395
v 0.480154 -0.056482 -0.396069
v 0.434439 -0.056482 -0.410923
v 0.445230 -0.056482 -0.396069
v 0.445230 -0.056482 -0.444137
v 0.434439 -0.056482 -0.429283
v 0.480154 -0.056482 -0.444137
v 0.462692 -0.056482 -0.449811
v 0.483615 -0.051366 -0.404902
v 0.454700 -0.051366 -0.395507
v 0.436830 -0.051366 -0.420103
v 0.454700 -0.051366 -0.444699
v 0.483615 -0.051366 -0.435305
v 0.468544 -0.043421 -0.402091
v 0.481631 -0.043422 -0.420103
v 0.447371 -0.043421 -0.408971
v 0.447371 -0.043421 -0.431235
v 0.468544 -0.043421 -0.438115
v 0.471452 -0.052547 -0.321843
v 0.439758 -0.052547 -0.332142
v 0.439758 -0.052547 -0.365467
v 0.471452 -0.052547 -0.375766
v 0.491041 -0.052547 -0.348805
v 0.462692 -0.010910 -0.348805
v 0.490946 -0.056482 -0.339625
v 0.490946 -0.056482 -0.357985
v 0.462692 -0.056482 -0.319097
v 0.480154 -0.056482 -0.324771
v 0.434438 -0.056482 -0.339625
v 0.445230 -0.056482 -0.324771
v 0.445230 -0.056482 -0.372839
v 0.434438 -0.056482 -0.357985
v 0.480154 -0.056482 -0.372839
v 0.462692 -0.056482 -0.378512
v 0.483615 -0.051366 -0.333603
v 0.454700 -0.051366 -0.324208
v 0.436830 -0.051366 -0.348805
v 0.454700 -0.051366 -0.373401
v 0.483615 -0.051366 -0.364006
v 0.468544 -0.043421 -0.330793
v 0.481631 -0.043422 -0.348805
v 0.447371 -0.043421 -0.337673
v 0.447371 -0.043421 -0.359936
v 0.468544 -0.043421 -0.366816
v 0.471452 -0.052547 -0.250545
v 0.439758 -0.052547 -0.260843
v 0.439758 -0.052547 -0.294169
v 0.471452 -0.052547 -0.304467
v 0.491041 -0.052547 -0.277506
v 0.462692 -0.010910 -0.277506
v 0.490946 -0.056482 -0.268326
v 0.490946 -0.056482 -0.286686
v 0.462692 -0.056482 -0.247798
v 0.480154 -0.056482 -0.253472
v 0.434439 -0.056482 -0.268326
v 0.445230 -0.056482 -0.253472
v 0.445230 -0.056482 -0.301540
v 0.434438 -0.056482 -0.286686
v 0.480154 -0.056482 -0.301540
v 0.462692 -0.056482 -0.307214
v 0.483615 -0.051366 -0.262305
v 0.454700 -0.051366 -0.252910
v 0.436830 -0.051366 -0.277506
v 0.454700 -0.051366 -0.302103
v 0.483615 -0.051366 -0.292708
v 0.468544 -0.043421 -0.259494
v 0.481631 -0.043422 -0.277506
v 0.447371 -0.043421 -0.266374
v 0.447371 -0.043421 -0.288638
v 0.468544 -0.043421 -0.295518
v 0.471452 -0.052547 -0.179246
v 0.439758 -0.052547 -0.189545
v 0.439758 -0.052547 -0.222871
v 0.471452 -0.052547 -0.233169
v 0.491041 -0.052547 -0.206208
v 0.462692 -0.010910 -0.206208
v 0.490946 -0.056482 -0.197028
v 0.490946 -0.056482 -0.215388
v 0.462692 -0.056482 -0.176500
v 0.480154 -0.056482 -0.182174
v 0.434438 -0.056482 -0.197028
v 0.445230 -0.056482 -0.182174
v 0.445230 -0.056482 -0.230242
v 0.434439 -0.056482 -0.215388
v 0.480154 -0.056482 -0.230242
v 0.462692 -0.056482 -0.235915
v 0.483615 -0.051366 -0.191006
v 0.454700 -0.051366 -0.181611
v 0.436830 -0.051366 -0.206208
v 0.454700 -0.051366 -0.230804
v 0.483615 -0.051366 -0.221409
v 0.468544 -0.043421 -0.188196
v 0.481631 -0.043422 -0.206208
v 0.447371 -0.043421 -0.195076
v 0.447371 -0.043421 -0.217339
v 0.468544 -0.043421 -0.224219
v 0.471452 -0.052547 -0.107948
v 0.439758 -0.052547 -0.118246
v 0.439758 -0.052547 -0.151572
v 0.471452 -0.052547 -0.161871
v 0.491041 -0.052547 -0.134909
v 0.462692 -0.010910 -0.134909
v 0.490946 -0.056482 -0.125729
v 0.490946 -0.056482 -0.144089
v 0.462692 -0.056482 -0.105201
v 0.480154 -0.056482 -0.110875
v 0.434439 -0.056482 -0.125729
v 0.445230 -0.056482 -0.110875
v 0.445230 -0.056482 -0.158943
v 0.434439 -0.056482 -0.144089
v 0.480154 -0.056482 -0.158943
v 0.462692 -0.056482 -0.164617
v 0.483615 -0.051366 -0.119708
v 0.454700 -0.051366 -0.110313
v 0.436830 -0.051366 -0.134909
v 0.454700 -0.051366 -0.159506
v 0.483615 -0.051366 -0.150111
v 0.468545 -0.043421 -0.116897
v 0.481631 -0.043422 -0.134909
v 0.447371 -0.043421 -0.123777
v 0.447371 -0.043421 -0.146041
v 0.468544 -0.043421 -0.152921
v 0.471452 -0.052547 -0.036649
v 0.439758 -0.052547 -0.046948
v 0.439758 -0.052547 -0.080274
v 0.471452 -0.052547 -0.090572
v 0.491041 -0.052547 -0.063611
v 0.462692 -0.010910 -0.063611
v 0.490946 -0.056482 -0.054431
v 0.490946 -0.056482 -0.072791
v 0.462692 -0.056482 -0.033903
v 0.480154 -0.056482 -0.039577
v 0.434439 -0.056482 -0.054431
v 0.445230 -0.056482 -0.039577
v 0.445230 -0.056482 -0.087645
v 0.434439 -0.056482 -0.072791
v 0.480154 -0.056482 -0.087645
v 0.462692 -0.056482 -0.093318
v 0.483615 -0.051366 -0.048409
v 0.454700 -0.051366 -0.039014
v 0.436830 -0.051366 -0.063611
v 0.454700 -0.051366 -0.088207
v 0.483615 -0.051366 -0.078812
v 0.468544 -0.043421 -0.045599
v 0.481631 -0.043422 -0.063611
v 0.447371 -0.043421 -0.052479
v 0.447371 -0.043421 -0.074742
v 0.468545 -0.043421 -0.081622
v 0.099844 -0.064820 -0.674836
v 0.081627 -0.064820 -0.693052
v 0.090735 -0.064820 -0.677276
v 0.084068 -0.064820 -0.683944
v 0.081627 0.012164 -0.693052
v 0.099844 0.012164 -0.674836
v 0.084068 0.012164 -0.683944
v 0.090735 0.012164 -0.677276
v 0.081627 -0.064820 -0.733603
v 0.099844 -0.064820 -0.751820
v 0.084068 -0.064820 -0.742712
v 0.090735 -0.064820 -0.749379
v 0.099844 0.012164 -0.751820
v 0.081627 0.012164 -0.733603
v 0.090735 0.012164 -0.749379
v 0.084068 0.012164 -0.742712
v 0.158611 -0.064820 -0.693052
v 0.140395 -0.064820 -0.674836
v 0.156171 -0.064820 -0.683944
v 0.149503 -0.064820 -0.677276
v 0.140395 0.012164 -0.674836
v 0.158611 0.012164 -0.693052
v 0.149503 0.012164 -0.677276
v 0.156171 0.012164 -0.683944
v 0.140395 -0.064820 -0.751820
v 0.158611 -0.064820 -0.733603
v 0.149503 -0.064820 -0.749379
v 0.156171 -0.064820 -0.742712
v 0.158611 0.012164 -0.733603
v 0.140395 0.012164 -0.751820
v 0.156171 0.012164 -0.742712
v 0.149503 0.012164 -0.749379
v 0.106332 -0.001624 -0.699540
v 0.107863 0.195202 -0.701072
v 0.106332 -0.001624 -0.727115
v 0.107863 0.195202 -0.725584
v 0.133907 -0.001624 -0.699540
v 0.132375 0.195202 -0.701072
v 0.133907 -0.001624 -0.727115
v 0.132375 0.195202 -0.725584
v 0.106332 0.187446 -0.699540
v 0.106332 0.187446 -0.727115
v 0.133907 0.187446 -0.727115
v 0.133907 0.187446 -0.699540
v 0.112422 0.206455 -0.705631
v 0.112422 0.206455 -0.721025
v 0.127816 0.206455 -0.721025
v 0.127816 0.206455 -0.705631
v 0.118061 0.216861 -0.711269
v 0.118061 0.216861 -0.715386
v 0.122178 0.216861 -0.715386
v 0.122178 0.216861 -0.711269
v 0.207622 -0.064820 -0.674836
v 0.189405 -0.064820 -0.693052
v 0.198513 -0.064820 -0.677276
v 0.191846 -0.064820 -0.683944
v 0.189405 0.012164 -0.693052
v 0.207622 0.012164 -0.674836
v 0.191846 0.012164 -0.683944
v 0.198513 0.012164 -0.677276
v 0.189405 -0.064820 -0.733603
v 0.207622 -0.064820 -0.751820
v 0.191846 -0.064820 -0.742712
v 0.198513 -0.064820 -0.749379
v 0.207622 0.012164 -0.751820
v 0.189405 0.012164 -0.733603
v 0.198513 0.012164 -0.749379
v 0.191846 0.012164 -0.742712
v 0.266389 -0.064820 -0.693052
v 0.248173 -0.064820 -0.674836
v 0.263949 -0.064820 -0.683944
v 0.257281 -0.064820 -0.677276
v 0.248173 0.012164 -0.674836
v 0.266389 0.012164 -0.693052
v 0.257281 0.012164 -0.677276
v 0.263949 0.012164 -0.683944
v 0.248173 -0.064820 -0.751820
v 0.266389 -0.064820 -0.733603
v 0.257281 -0.064820 -0.749379
v 0.263949 -0.064820 -0.742712
v 0.266389 0.012164 -0.733603
v 0.248173 0.012164 -0.751820
v 0.263949 0.012164 -0.742712
v 0.257281 0.012164 -0.749379
v 0.214109 -0.001624 -0.699540
v 0.215641 0.195202 -0.701072
v 0.214109 -0.001624 -0.727115
v 0.215641 0.195202 -0.725584
v 0.241685 -0.001624 -0.699540
v 0.240153 0.195202 -0.701072
v 0.241685 -0.001624 -0.727115
v 0.240153 0.195202 -0.725584
v 0.214109 0.187446 -0.699540
v 0.214109 0.187446 -0.727115
v 0.241685 0.187446 -0.727115
v 0.241685 0.187446 -0.699540
v 0.220200 0.206455 -0.705631
v 0.220200 0.206455 -0.721025
v 0.235594 0.206455 -0.721025
v 0.235594 0.206455 -0.705631
v 0.225839 0.216861 -0.711269
v 0.225839 0.216861 -0.715386
v 0.229956 0.216861 -0.715386
v 0.229956 0.216861 -0.711269
v 0.315399 -0.064820 -0.674836
v 0.297183 -0.064820 -0.693052
v 0.306291 -0.064820 -0.677276
v 0.299623 -0.064820 -0.683944
v 0.297183 0.012164 -0.693052
v 0.315399 0.012164 -0.674836
v 0.299623 0.012164 -0.683944
v 0.306291 0.012164 -0.677276
v 0.297183 -0.064820 -0.733603
v 0.315400 -0.064820 -0.751820
v 0.299623 -0.064820 -0.742712
v 0.306291 -0.064820 -0.749379
v 0.315400 0.012164 -0.751820
v 0.297183 0.012164 -0.733603
v 0.306291 0.012164 -0.749379
v 0.299623 0.012164 -0.742712
v 0.374167 -0.064820 -0.693052
v 0.355951 -0.064820 -0.674836
v 0.371727 -0.064820 -0.683944
v 0.365059 -0.064820 -0.677276
v 0.355951 0.012164 -0.674836
v 0.374167 0.012164 -0.693052
v 0.365059 0.012164 -0.677276
v 0.371727 0.012164 -0.683944
v 0.355951 -0.064820 -0.751820
v 0.374167 -0.064820 -0.733603
v 0.365059 -0.064820 -0.749379
v 0.371727 -0.064820 -0.742712
v 0.374167 0.012164 -0.733603
v 0.355951 0.012164 -0.751820
v 0.371727 0.012164 -0.742712
v 0.365059 0.012164 -0.749379
v 0.321887 -0.001624 -0.699540
v 0.323419 0.195202 -0.701072
v 0.321887 -0.001624 -0.727115
v 0.323419 0.195202 -0.725584
v 0.349463 -0.001624 -0.699540
v 0.347931 0.195202 -0.701072
v 0.349463 -0.001624 -0.727115
v 0.347931 0.195202 -0.725584
v 0.321887 0.187446 -0.699540
v 0.321887 0.187446 -0.727115
v 0.349463 0.187446 -0.727115
v 0.349463 0.187446 -0.699540
v 0.327978 0.206455 -0.705631
v 0.327978 0.206455 -0.721025
v 0.343372 0.206455 -0.721025
v 0.343372 0.206455 -0.705631
v 0.333617 0.216861 -0.711269
v 0.333617 0.216861 -0.715386
v 0.337734 0.216861 -0.715386
v 0.337734 0.216861 -0.711269
v 0.423177 -0.064820 -0.674836
v 0.404961 -0.064820 -0.693052
v 0.414069 -0.064820 -0.677276
v 0.407402 -0.064820 -0.683944
v 0.404961 0.012164 -0.693052
v 0.423177 0.012164 -0.674836
v 0.407402 0.012164 -0.683944
v 0.414069 0.012164 -0.677276
v 0.404961 -0.064820 -0.733603
v 0.423177 -0.064820 -0.751820
v 0.407402 -0.064820 -0.742712
v 0.414069 -0.064820 -0.749379
v 0.423177 0.012164 -0.751820
v 0.404961 0.012164 -0.733603
v 0.414069 0.012164 -0.749379
v 0.407402 0.012164 -0.742712
v 0.481945 -0.064820 -0.693052
v 0.463729 -0.064820 -0.674836
v 0.479505 -0.064820 -0.683944
v 0.472837 -0.064820 -0.677276
v 0.463729 0.012164 -0.674836
v 0.481945 0.012164 -0.693052
v 0.472837 0.012164 -0.677276
v 0.479505 0.012164 -0.683944
v 0.463729 -0.064820 -0.751820
v 0.481945 -0.064820 -0.733603
v 0.472837 -0.064820 -0.749379
v 0.479505 -0.064820 -0.742712
v 0.481945 0.012164 -0.733603
v 0.463729 0.012164 -0.751820
v 0.479505 0.012164 -0.742712
v 0.472837 0.012164 -0.749379
v 0.429666 -0.001624 -0.699540
v 0.431197 0.195202 -0.701072
v 0.429666 -0.001624 -0.727115
v 0.431197 0.195202 -0.725584
v 0.457241 -0.001624 -0.699540
v 0.455709 0.195202 -0.701072
v 0.457241 -0.001624 -0.727115
v 0.455709 0.195202 -0.725584
v 0.429666 0.187446 -0.699540
v 0.429666 0.187446 -0.727115
v 0.457241 0.187446 -0.727115
v 0.457241 0.187446 -0.699540
v 0.435756 0.206455 -0.705631
v 0.435756 0.206455 -0.721025
v 0.451150 0.206455 -0.721025
v 0.451150 0.206455 -0.705631
v 0.441395 0.216861 -0.711269
v 0.441395 0.216861 -0.715386
v 0.445512 0.216861 -0.715386
v 0.445512 0.216861 -0.711269
v 0.099844 -0.064820 -0.782614
v 0.081627 -0.064820 -0.800830
v 0.090735 -0.064820 -0.785054
v 0.084068 -0.064820 -0.791722
v 0.081627 0.012164 -0.800830
v 0.099844 0.012164 -0.782614
v 0.084068 0.012164 -0.791722
v 0.090735 0.012164 -0.785054
v 0.081627 -0.064820 -0.841381
v 0.099844 -0.064820 -0.859598
v 0.084068 -0.064820 -0.850490
v 0.090735 -0.064820 -0.857157
v 0.099844 0.012164 -0.859598
v 0.081627 0.012164 -0.841381
v 0.090735 0.012164 -0.857157
v 0.084068 0.012164 -0.850490
v 0.158611 -0.064820 -0.800830
v 0.140395 -0.064820 -0.782614
v 0.156171 -0.064820 -0.791722
v 0.149503 -0.064820 -0.785054
v 0.140395 0.012164 -0.782614
v 0.158611 0.012164 -0.800830
v 0.149503 0.012164 -0.785054
v 0.156171 0.012164 -0.791722
v 0.140395 -0.064820 -0.859598
v 0.158611 -0.064820 -0.841381
v 0.149503 -0.064820 -0.857157
v 0.156171 -0.064820 -0.850489
v 0.158611 0.012164 -0.841381
v 0.140395 0.012164 -0.859598
v 0.156171 0.012164 -0.850489
v 0.149503 0.012164 -0.857157
v 0.106332 -0.001624 -0.807318
v 0.107863 0.195202 -0.808850
v 0.106332 -0.001624 -0.834893
v 0.107863 0.195202 -0.833362
v 0.133907 -0.001624 -0.807318
v 0.132375 0.195202 -0.808850
v 0.133907 -0.001624 -0.834893
v 0.132375 0.195202 -0.833362
v 0.106332 0.187446 -0.807318
v 0.106332 0.187446 -0.834893
v 0.133907 0.187446 -0.834893
v 0.133907 0.187446 -0.807318
v 0.112422 0.206455 -0.813409
v 0.112422 0.206455 -0.828803
v 0.127816 0.206455 -0.828803
v 0.127816 0.206455 -0.813409
v 0.118061 0.216861 -0.819047
v 0.118061 0.216861 -0.823164
v 0.122178 0.216861 -0.823164
v 0.122178 0.216861 -0.819047
v 0.207622 -0.064820 -0.782614
v 0.189405 -0.064820 -0.800830
v 0.198513 -0.064820 -0.785054
v 0.191845 -0.064820 -0.791722
v 0.189405 0.012164 -0.800830
v 0.207622 0.012164 -0.782614
v 0.191845 0.012164 -0.791722
v 0.198513 0.012164 -0.785054
v 0.189405 -0.064820 -0.841381
v 0.207622 -0.064820 -0.859598
v 0.191845 -0.064820 -0.850490
v 0.198513 -0.064820 -0.857157
v 0.207622 0.012164 -0.859598
v 0.189405 0.012164 -0.841381
v 0.198513 0.012164 -0.857157
v 0.191845 0.012164 -0.850490
v 0.266389 -0.064820 -0.800830
v 0.248173 -0.064820 -0.782614
v 0.263949 -0.064820 -0.791722
v 0.257281 -0.064820 -0.785054
v 0.248173 0.012164 -0.782614
v 0.266389 0.012164 -0.800830
v 0.257281 0.012164 -0.785054
v 0.263949 0.012164 -0.791722
v 0.248173 -0.064820 -0.859598
v 0.266389 -0.064820 -0.841381
v 0.257281 -0.064820 -0.857157
v 0.263949 -0.064820 -0.850490
v 0.266389 0.012164 -0.841381
v 0.248173 0.012164 -0.859598
v 0.263949 0.012164 -0.850490
v 0.257281 0.012164 -0.857157
v 0.214109 -0.001624 -0.807318
v 0.215641 0.195202 -0.808850
v 0.214109 -0.001624 -0.834893
v 0.215641 0.195202 -0.833362
v 0.241685 -0.001624 -0.807318
v 0.240153 0.195202 -0.808850
v 0.241685 -0.001624 -0.834893
v 0.240153 0.195202 -0.833362
v 0.214109 0.187446 -0.807318
v 0.214109 0.187446 -0.834893
v 0.241685 0.187446 -0.834893
v 0.241685 0.187446 -0.807318
v 0.220200 0.206455 -0.813409
v 0.220200 0.206455 -0.828803
v 0.235594 0.206455 -0.828803
v 0.235594 0.206455 -0.813409
v 0.225839 0.216861 -0.819047
v 0.225839 0.216861 -0.823164
v 0.229956 0.216861 -0.823164
v 0.229956 0.216861 -0.819047
v 0.315400 -0.064820 -0.782614
v 0.297183 -0.064820 -0.800830
v 0.306291 -0.064820 -0.785054
v 0.299623 -0.064820 -0.791722
v 0.297183 0.012164 -0.800830
v 0.315400 0.012164 -0.782614
v 0.299623 0.012164 -0.791722
v 0.306291 0.012164 -0.785054
v 0.297183 -0.064820 -0.841381
v 0.315400 -0.064820 -0.859598
v 0.299623 -0.064820 -0.850490
v 0.306291 -0.064820 -0.857157
v 0.315400 0.012164 -0.859598
v 0.297183 0.012164 -0.841381
v 0.306291 0.012164 -0.857157
v 0.299623 0.012164 -0.850490
v 0.374167 -0.064820 -0.800830
v 0.355951 -0.064820 -0.782614
v 0.371727 -0.064820 -0.791722
v 0.365059 -0.064820 -0.785054
v 0.355951 0.012164 -0.782614
v 0.374167 0.012164 -0.800830
v 0.365059 0.012164 -0.785054
v 0.371727 0.012164 -0.791722
v 0.355951 -0.064820 -0.859598
v 0.374167 -0.064820 -0.841381
v 0.365059 -0.064820 -0.857157
v 0.371727 -0.064820 -0.850490
v 0.374167 0.012164 -0.841381
v 0.355951 0.012164 -0.859598
v 0.371727 0.012164 -0.850490
v 0.365059 0.012164 -0.857157
v 0.321887 -0.001624 -0.807318
v 0.323419 0.195202 -0.808850
v 0.321887 -0.001624 -0.834893
v 0.323419 0.195202 -0.833362
v 0.349463 -0.001624 -0.807318
v 0.347931 0.195202 -0.808850
v 0.349463 -0.001624 -0.834893
v 0.347931 0.195202 -0.833362
v 0.321887 0.187446 -0.807318
v 0.321887 0.187446 -0.834893
v 0.349463 0.187446 -0.834893
v 0.349463 0.187446 -0.807318
v 0.327978 0.206455 -0.813408
v 0.327978 0.206455 -0.828803
v 0.343372 0.206455 -0.828803
v 0.343372 0.206455 -0.813409
v 0.333617 0.216861 -0.819047
v 0.333617 0.216861 -0.823164
v 0.337734 0.216861 -0.823164
v 0.337734 0.216861 -0.819047
v 0.423177 -0.064820 -0.782614
v 0.404961 -0.064820 -0.800830
v 0.414069 -0.064820 -0.785054
v 0.407402 -0.064820 -0.791722
v 0.404961 0.012164 -0.800830
v 0.423177 0.012164 -0.782614
v 0.407402 0.012164 -0.791722
v 0.414069 0.012164 -0.785054
v 0.404961 -0.064820 -0.841381
v 0.423178 -0.064820 -0.859598
v 0.407402 -0.064820 -0.850490
v 0.414069 -0.064820 -0.857157
v 0.423178 0.012164 -0.859598
v 0.404961 0.012164 -0.841381
v 0.414069 0.012164 -0.857157
v 0.407402 0.012164 -0.850490
v 0.481945 -0.064820 -0.800830
v 0.463729 -0.064820 -0.782614
v 0.479505 -0.064820 -0.791722
v 0.472837 -0.064820 -0.785054
v 0.463729 0.012164 -0.782614
v 0.481945 0.012164 -0.800830
v 0.472837 0.012164 -0.785054
v 0.479505 0.012164 -0.791722
v 0.463729 -0.064820 -0.859598
v 0.481945 -0.064820 -0.841381
v 0.472837 -0.064820 -0.857157
v 0.479505 -0.064820 -0.850490
v 0.481945 0.012164 -0.841381
v 0.463729 0.012164 -0.859598
v 0.479505 0.012164 -0.850490
v 0.472837 0.012164 -0.857157
v 0.429666 -0.001624 -0.807318
v 0.431197 0.195202 -0.808850
v 0.429666 -0.001624 -0.834893
v 0.431197 0.195202 -0.833362
v 0.457241 -0.001624 -0.807318
v 0.455709 0.195202 -0.808850
v 0.457241 -0.001624 -0.834893
v 0.455709 0.195202 -0.833362
v 0.429666 0.187446 -0.807318
v 0.429666 0.187446 -0.834893
v 0.457241 0.187446 -0.834893
v 0.457241 0.187446 -0.807318
v 0.435756 0.206455 -0.813409
v 0.435756 0.206455 -0.828803
v 0.451150 0.206455 -0.828803
v 0.451150 0.206455 -0.813409
v 0.441395 0.216861 -0.819047
v 0.441395 0.216861 -0.823164
v 0.445512 0.216861 -0.823164
v 0.445512 0.216861 -0.819047
v -0.494843 -0.050956 -0.645190
v -0.053411 -0.050956 -0.645190
v -0.494843 -0.050956 -0.889243
v -0.053411 -0.050956 -0.889243
v -0.070478 -0.050956 -0.660481
v -0.070478 -0.050956 -0.873953
v -0.477775 -0.050956 -0.660481
v -0.477775 -0.050956 -0.873953
v 0.062672 -0.050956 -0.645190
v 0.504104 -0.050956 -0.645190
v 0.062672 -0.050956 -0.889243
v 0.504104 -0.050956 -0.889243
v 0.487036 -0.050956 -0.660481
v 0.487036 -0.050956 -0.873953
v 0.079740 -0.050956 -0.660481
v 0.079740 -0.050956 -0.873953
v 0.289862 -0.057415 -0.009103
v 0.289862 -0.038280 -0.009103
v 0.289862 -0.057415 -0.199501
v 0.289862 -0.038280 -0.199501
v 0.358381 -0.057415 -0.009103
v 0.358381 -0.038280 -0.009103
v 0.358381 -0.057415 -0.199501
v 0.358381 -0.038280 -0.199501
v 0.289862 -0.057415 -0.136035
v 0.289862 -0.057415 -0.072569
v 0.289862 -0.038280 -0.072569
v 0.289862 -0.038280 -0.136035
v 0.358381 -0.057415 -0.072569
v 0.358381 -0.057415 -0.136035
v 0.358381 -0.038280 -0.136035
v 0.358381 -0.038280 -0.072569
v 0.289862 -0.009437 -0.072569
v 0.317180 0.017880 -0.099887
v 0.291199 -0.000996 -0.073906
v 0.295079 0.006620 -0.077786
v 0.301123 0.012663 -0.083830
v 0.308738 0.016543 -0.091445
v 0.317180 0.017880 -0.108717
v 0.289862 -0.009437 -0.136035
v 0.308738 0.016543 -0.117159
v 0.301122 0.012663 -0.124774
v 0.295079 0.006620 -0.130818
v 0.291199 -0.000996 -0.134698
v 0.358381 -0.009437 -0.136035
v 0.331063 0.017880 -0.108717
v 0.357044 -0.000996 -0.134698
v 0.353164 0.006620 -0.130818
v 0.347120 0.012663 -0.124774
v 0.339505 0.016543 -0.117159
v 0.331063 0.017880 -0.099887
v 0.358381 -0.009437 -0.072569
v 0.339505 0.016543 -0.091445
v 0.347120 0.012663 -0.083830
v 0.353164 0.006620 -0.077786
v 0.357044 -0.000996 -0.073906
v 0.289862 -0.028778 -0.136035
v 0.289862 -0.028778 -0.072569
v 0.358381 -0.028778 -0.072569
v 0.358381 -0.028778 -0.136035
v 0.353626 -0.054171 0.091634
v 0.353485 -0.054171 0.083543
v 0.297179 -0.054171 0.084526
v 0.297320 -0.054171 0.092617
v 0.295917 -0.054171 0.012203
v 0.296300 -0.054171 0.034164
v 0.296656 -0.054171 0.038649
v 0.297533 -0.054171 0.042809
v 0.298885 -0.054171 0.046629
v 0.300667 -0.054171 0.050097
v 0.302834 -0.054171 0.053199
v 0.305341 -0.054171 0.055922
v 0.308141 -0.054171 0.058253
v 0.311191 -0.054171 0.060179
v 0.314445 -0.054171 0.061685
v 0.317856 -0.054171 0.062760
v 0.321381 -0.054171 0.063389
v 0.324975 -0.054171 0.063559
v 0.328317 -0.054171 0.063309
v 0.331662 -0.054171 0.062667
v 0.334950 -0.054171 0.061628
v 0.338126 -0.054171 0.060182
v 0.341132 -0.054171 0.058324
v 0.343910 -0.054171 0.056044
v 0.346404 -0.054171 0.053336
v 0.348557 -0.054171 0.050191
v 0.350310 -0.054171 0.046603
v 0.351607 -0.054171 0.042563
v 0.352391 -0.054171 0.038064
v 0.352604 -0.054171 0.033099
v 0.352222 -0.054171 0.011220
v 0.345098 -0.054171 0.019438
v 0.345316 -0.054171 0.031905
v 0.345187 -0.054171 0.035672
v 0.344680 -0.054171 0.039093
v 0.343822 -0.054171 0.042172
v 0.342640 -0.054171 0.044914
v 0.341163 -0.054171 0.047322
v 0.339417 -0.054171 0.049402
v 0.337430 -0.054171 0.051157
v 0.335229 -0.054171 0.052592
v 0.332840 -0.054171 0.053712
v 0.330293 -0.054171 0.054520
v 0.327613 -0.054171 0.055022
v 0.324829 -0.054171 0.055221
v 0.322959 -0.054171 0.055160
v 0.320867 -0.054171 0.054893
v 0.318623 -0.054171 0.054385
v 0.316300 -0.054171 0.053599
v 0.313971 -0.054171 0.052500
v 0.311708 -0.054171 0.051052
v 0.309582 -0.054171 0.049220
v 0.307666 -0.054171 0.046968
v 0.306033 -0.054171 0.044261
v 0.304754 -0.054171 0.041062
v 0.303901 -0.054171 0.037335
v 0.303548 -0.054171 0.033046
v 0.303323 -0.054171 0.020167
v -0.216418 -0.075669 -0.287059
v -0.216418 -0.075669 -0.202610
v -0.216418 -0.038312 -0.202610
v -0.216418 -0.038312 -0.287059
v -0.146557 -0.075669 -0.202610
v -0.146557 -0.075669 -0.287059
v -0.146557 -0.038312 -0.287059
v -0.146557 -0.038312 -0.202610
v -0.216418 0.003006 -0.202610
v -0.216418 0.003006 -0.287059
v -0.146557 0.003006 -0.287059
v -0.146557 0.003006 -0.202610
v -0.216418 -0.075669 -0.273125
v -0.216418 -0.075669 -0.216544
v -0.216418 -0.038312 -0.216544
v -0.216418 -0.038312 -0.273125
v -0.146557 -0.075669 -0.216544
v -0.146557 -0.075669 -0.273125
v -0.146557 -0.038312 -0.273125
v -0.146557 -0.038312 -0.216544
v -0.216418 0.003006 -0.216544
v -0.216418 0.003006 -0.273125
v -0.146557 0.003006 -0.273125
v -0.146557 0.003006 -0.216544
v -0.208978 -0.038312 -0.216544
v -0.208978 -0.038312 -0.273125
v -0.153997 -0.038312 -0.273125
v -0.153997 -0.038312 -0.216544
v -0.211157 0.000193 -0.216544
v -0.211157 0.000193 -0.273125
v -0.151818 0.000193 -0.273125
v -0.151818 0.000193 -0.216544
v -0.204499 -0.075669 -0.185584
v -0.216418 -0.075669 -0.197503
v -0.210459 -0.075669 -0.187181
v -0.214821 -0.075669 -0.191544
v -0.216418 -0.038312 -0.197503
v -0.204499 -0.042848 -0.185584
v -0.214821 -0.039959 -0.191544
v -0.210459 -0.042848 -0.187181
v -0.216418 -0.075669 -0.292166
v -0.204499 -0.075669 -0.304085
v -0.214821 -0.075669 -0.298125
v -0.210459 -0.075669 -0.302488
v -0.204499 -0.042848 -0.304085
v -0.216418 -0.038312 -0.292166
v -0.210459 -0.042848 -0.302488
v -0.214821 -0.039959 -0.298125
v -0.146557 -0.075669 -0.197503
v -0.158476 -0.075669 -0.185584
v -0.148154 -0.075669 -0.191544
v -0.152516 -0.075669 -0.187181
v -0.158476 -0.042848 -0.185584
v -0.146557 -0.038312 -0.197503
v -0.152516 -0.042848 -0.187181
v -0.148154 -0.039959 -0.191544
v -0.158476 -0.075669 -0.304085
v -0.146557 -0.075669 -0.292166
v -0.152516 -0.075669 -0.302488
v -0.148154 -0.075669 -0.298125
v -0.146557 -0.038312 -0.292166
v -0.158476 -0.042848 -0.304085
v -0.148154 -0.039959 -0.298125
v -0.152516 -0.042848 -0.302488
v -0.216418 -0.075669 -0.048048
v -0.216418 -0.075669 0.036402
v -0.216418 -0.038312 0.036402
v -0.216418 -0.038312 -0.048048
v -0.146557 -0.075669 0.036402
v -0.146557 -0.075669 -0.048048
v -0.146557 -0.038312 -0.048048
v -0.146557 -0.038312 0.036402
v -0.216418 0.003006 0.036402
v -0.216418 0.003006 -0.048048
v -0.146557 0.003006 -0.048048
v -0.146557 0.003006 0.036402
v -0.216418 -0.075669 -0.034113
v -0.216418 -0.075669 0.022468
v -0.216418 -0.038312 0.022468
v -0.216418 -0.038312 -0.034113
v -0.146557 -0.075669 0.022468
v -0.146557 -0.075669 -0.034113
v -0.146557 -0.038312 -0.034113
v -0.146557 -0.038312 0.022468
v -0.216418 0.003006 0.022468
v -0.216418 0.003006 -0.034113
v -0.146557 0.003006 -0.034113
v -0.146557 0.003006 0.022468
v -0.208978 -0.038312 0.022468
v -0.208978 -0.038312 -0.034113
v -0.153997 -0.038312 -0.034113
v -0.153997 -0.038312 0.022468
v -0.211157 0.000193 0.022468
v -0.211157 0.000193 -0.034113
v -0.151818 0.000193 -0.034113
v -0.151818 0.000193 0.022468
v -0.204499 -0.075669 0.053427
v -0.216418 -0.075669 0.041509
v -0.210459 -0.075669 0.051831
v -0.214821 -0.075669 0.047468
v -0.216418 -0.038312 0.041509
v -0.204499 -0.042848 0.053427
v -0.214821 -0.039959 0.047468
v -0.210459 -0.042848 0.051831
v -0.216418 -0.075669 -0.053154
v -0.204499 -0.075669 -0.065073
v -0.214821 -0.075669 -0.059114
v -0.210459 -0.075669 -0.063476
v -0.204499 -0.042848 -0.065073
v -0.216418 -0.038312 -0.053154
v -0.210459 -0.042848 -0.063476
v -0.214821 -0.039959 -0.059114
v -0.146557 -0.075669 0.041509
v -0.158476 -0.075669 0.053427
v -0.148154 -0.075669 0.047468
v -0.152516 -0.075669 0.051831
v -0.158476 -0.042848 0.053427
v -0.146557 -0.038312 0.041509
v -0.152516 -0.042848 0.051831
v -0.148154 -0.039959 0.047468
v -0.158476 -0.075669 -0.065073
v -0.146557 -0.075669 -0.053154
v -0.152516 -0.075669 -0.063476
v -0.148154 -0.075669 -0.059114
v -0.146557 -0.038312 -0.053154
v -0.158476 -0.042848 -0.065073
v -0.148154 -0.039959 -0.059114
v -0.152516 -0.042848 -0.063476
v -0.245200 -0.054171 0.043341
v -0.245342 -0.054171 0.035250
v -0.301648 -0.054171 0.036233
v -0.301507 -0.054171 0.044324
v -0.249588 -0.054171 0.014347
v -0.248853 -0.054171 0.012451
v -0.248192 -0.054171 0.010626
v -0.247602 -0.054171 0.008866
v -0.247083 -0.054171 0.007164
v -0.246633 -0.054171 0.005516
v -0.246250 -0.054171 0.003914
v -0.245934 -0.054171 0.002353
v -0.245682 -0.054171 0.000827
v -0.245495 -0.054171 -0.000671
v -0.245370 -0.054171 -0.002146
v -0.245306 -0.054171 -0.003605
v -0.245302 -0.054171 -0.005053
v -0.245635 -0.054171 -0.009419
v -0.246459 -0.054171 -0.013543
v -0.247747 -0.054171 -0.017396
v -0.249470 -0.054171 -0.020952
v -0.251600 -0.054171 -0.024184
v -0.254110 -0.054171 -0.027063
v -0.256970 -0.054171 -0.029562
v -0.260154 -0.054171 -0.031655
v -0.263633 -0.054171 -0.033314
v -0.267380 -0.054171 -0.034511
v -0.271366 -0.054171 -0.035219
v -0.275563 -0.054171 -0.035411
v -0.278591 -0.054171 -0.035164
v -0.281727 -0.054171 -0.034521
v -0.284898 -0.054171 -0.033473
v -0.288032 -0.054171 -0.032013
v -0.291056 -0.054171 -0.030132
v -0.293898 -0.054171 -0.027824
v -0.296487 -0.054171 -0.025079
v -0.298750 -0.054171 -0.021891
v -0.300615 -0.054171 -0.018250
v -0.302011 -0.054171 -0.014150
v -0.302864 -0.054171 -0.009583
v -0.303102 -0.054171 -0.004539
v -0.303023 -0.054171 -0.002389
v -0.302863 -0.054171 -0.000348
v -0.302628 -0.054171 0.001590
v -0.302321 -0.054171 0.003433
v -0.301947 -0.054171 0.005191
v -0.301510 -0.054171 0.006871
v -0.301013 -0.054171 0.008481
v -0.300462 -0.054171 0.010029
v -0.299861 -0.054171 0.011524
v -0.299212 -0.054171 0.012973
v -0.298522 -0.054171 0.014384
v -0.297793 -0.054171 0.015767
v -0.288959 -0.054171 0.015612
v -0.289979 -0.054171 0.014029
v -0.290920 -0.054171 0.012424
v -0.291779 -0.054171 0.010802
v -0.292556 -0.054171 0.009166
v -0.293249 -0.054171 0.007521
v -0.293857 -0.054171 0.005870
v -0.294379 -0.054171 0.004218
v -0.294815 -0.054171 0.002568
v -0.295161 -0.054171 0.000925
v -0.295419 -0.054171 -0.000708
v -0.295585 -0.054171 -0.002326
v -0.295659 -0.054171 -0.003926
v -0.295537 -0.054171 -0.007222
v -0.295064 -0.054171 -0.010327
v -0.294256 -0.054171 -0.013226
v -0.293131 -0.054171 -0.015899
v -0.291704 -0.054171 -0.018330
v -0.289992 -0.054171 -0.020501
v -0.288012 -0.054171 -0.022394
v -0.285781 -0.054171 -0.023992
v -0.283315 -0.054171 -0.025278
v -0.280631 -0.054171 -0.026234
v -0.277745 -0.054171 -0.026842
v -0.274674 -0.054171 -0.027086
v -0.271645 -0.054171 -0.026943
v -0.268764 -0.054171 -0.026420
v -0.266053 -0.054171 -0.025538
v -0.263532 -0.054171 -0.024319
v -0.261222 -0.054171 -0.022785
v -0.259144 -0.054171 -0.020956
v -0.257320 -0.054171 -0.018855
v -0.255770 -0.054171 -0.016502
v -0.254515 -0.054171 -0.013919
v -0.253577 -0.054171 -0.011128
v -0.252976 -0.054171 -0.008150
v -0.252734 -0.054171 -0.005005
v -0.252743 -0.054171 -0.003385
v -0.252831 -0.054171 -0.001783
v -0.252997 -0.054171 -0.000192
v -0.253243 -0.054171 0.001393
v -0.253571 -0.054171 0.002977
v -0.253981 -0.054171 0.004565
v -0.254475 -0.054171 0.006164
v -0.255055 -0.054171 0.007778
v -0.255722 -0.054171 0.009413
v -0.256477 -0.054171 0.011074
v -0.257322 -0.054171 0.012768
v -0.258257 -0.054171 0.014499
v -0.296481 -0.054171 -0.192548
v -0.296857 -0.054171 -0.214096
v -0.293216 -0.054171 -0.211178
v -0.289852 -0.054171 -0.208563
v -0.286735 -0.054171 -0.206241
v -0.283835 -0.054171 -0.204205
v -0.281121 -0.054171 -0.202446
v -0.278563 -0.054171 -0.200954
v -0.276129 -0.054171 -0.199722
v -0.273790 -0.054171 -0.198740
v -0.271514 -0.054171 -0.198001
v -0.269272 -0.054171 -0.197495
v -0.267033 -0.054171 -0.197213
v -0.264766 -0.054171 -0.197148
v -0.262238 -0.054171 -0.197336
v -0.259861 -0.054171 -0.197801
v -0.257652 -0.054171 -0.198528
v -0.255622 -0.054171 -0.199504
v -0.253786 -0.054171 -0.200715
v -0.252156 -0.054171 -0.202148
v -0.250747 -0.054171 -0.203788
v -0.249572 -0.054171 -0.205623
v -0.248644 -0.054171 -0.207638
v -0.247977 -0.054171 -0.209819
v -0.247585 -0.054171 -0.212154
v -0.247481 -0.054171 -0.214628
v -0.247537 -0.054171 -0.215756
v -0.247665 -0.054171 -0.216871
v -0.247867 -0.054171 -0.217976
v -0.248142 -0.054171 -0.219073
v -0.248492 -0.054171 -0.220163
v -0.248918 -0.054171 -0.221251
v -0.249418 -0.054171 -0.222337
v -0.249995 -0.054171 -0.223423
v -0.250649 -0.054171 -0.224514
v -0.251381 -0.054171 -0.225609
v -0.252191 -0.054171 -0.226713
v -0.253079 -0.054171 -0.227826
v -0.263234 -0.054171 -0.227649
v -0.261851 -0.054171 -0.226546
v -0.260626 -0.054171 -0.225456
v -0.259551 -0.054171 -0.224379
v -0.258619 -0.054171 -0.223313
v -0.257823 -0.054171 -0.222257
v -0.257155 -0.054171 -0.221210
v -0.256607 -0.054171 -0.220172
v -0.256173 -0.054171 -0.219140
v -0.255844 -0.054171 -0.218115
v -0.255613 -0.054171 -0.217095
v -0.255473 -0.054171 -0.216080
v -0.255416 -0.054171 -0.215067
v -0.255483 -0.054171 -0.213713
v -0.255723 -0.054171 -0.212425
v -0.256130 -0.054171 -0.211211
v -0.256694 -0.054171 -0.210081
v -0.257406 -0.054171 -0.209044
v -0.258258 -0.054171 -0.208111
v -0.259241 -0.054171 -0.207291
v -0.260346 -0.054171 -0.206594
v -0.261565 -0.054171 -0.206029
v -0.262889 -0.054171 -0.205606
v -0.264308 -0.054171 -0.205334
v -0.265816 -0.054171 -0.205223
v -0.266955 -0.054171 -0.205231
v -0.268029 -0.054171 -0.205295
v -0.269050 -0.054171 -0.205414
v -0.270031 -0.054171 -0.205590
v -0.270984 -0.054171 -0.205821
v -0.271922 -0.054171 -0.206108
v -0.272857 -0.054171 -0.206449
v -0.273803 -0.054171 -0.206846
v -0.274771 -0.054171 -0.207297
v -0.275775 -0.054171 -0.207802
v -0.276826 -0.054171 -0.208362
v -0.277939 -0.054171 -0.208976
v -0.280044 -0.054171 -0.210212
v -0.282222 -0.054171 -0.211584
v -0.284454 -0.054171 -0.213070
v -0.286724 -0.054171 -0.214649
v -0.289015 -0.054171 -0.216300
v -0.291310 -0.054171 -0.218002
v -0.293591 -0.054171 -0.219733
v -0.295842 -0.054171 -0.221473
v -0.298046 -0.054171 -0.223200
v -0.300186 -0.054171 -0.224892
v -0.302244 -0.054171 -0.226529
v -0.304204 -0.054171 -0.228090
v -0.304782 -0.054171 -0.228080
v -0.304159 -0.054171 -0.192414
v -0.252480 -0.054171 -0.236095
v -0.251746 -0.054171 -0.237991
v -0.251084 -0.054171 -0.239816
v -0.250494 -0.054171 -0.241576
v -0.249975 -0.054171 -0.243278
v -0.249525 -0.054171 -0.244926
v -0.249142 -0.054171 -0.246528
v -0.248826 -0.054171 -0.248089
v -0.248575 -0.054171 -0.249615
v -0.248387 -0.054171 -0.251113
v -0.248262 -0.054171 -0.252588
v -0.248198 -0.054171 -0.254047
v -0.248194 -0.054171 -0.255495
v -0.248527 -0.054171 -0.259861
v -0.249352 -0.054171 -0.263985
v -0.250639 -0.054171 -0.267839
v -0.252362 -0.054171 -0.271395
v -0.254493 -0.054171 -0.274626
v -0.257002 -0.054171 -0.277505
v -0.259863 -0.054171 -0.280005
v -0.263047 -0.054171 -0.282097
v -0.266526 -0.054171 -0.283756
v -0.270272 -0.054171 -0.284953
v -0.274258 -0.054171 -0.285661
v -0.278455 -0.054171 -0.285854
v -0.281484 -0.054171 -0.285607
v -0.284620 -0.054171 -0.284963
v -0.287790 -0.054171 -0.283915
v -0.290924 -0.054171 -0.282455
v -0.293948 -0.054171 -0.280575
v -0.296790 -0.054171 -0.278266
v -0.299379 -0.054171 -0.275522
v -0.301642 -0.054171 -0.272333
v -0.303508 -0.054171 -0.268693
v -0.304903 -0.054171 -0.264593
v -0.305756 -0.054171 -0.260025
v -0.305995 -0.054171 -0.254981
v -0.305915 -0.054171 -0.252831
v -0.305755 -0.054171 -0.250791
v -0.305520 -0.054171 -0.248853
v -0.305213 -0.054171 -0.247009
v -0.304839 -0.054171 -0.245251
v -0.304402 -0.054171 -0.243571
v -0.303906 -0.054171 -0.241961
v -0.303355 -0.054171 -0.240413
v -0.302753 -0.054171 -0.238918
v -0.302105 -0.054171 -0.237469
v -0.301414 -0.054171 -0.236058
v -0.300685 -0.054171 -0.234676
v -0.291851 -0.054171 -0.234830
v -0.292871 -0.054171 -0.236413
v -0.293812 -0.054171 -0.238018
v -0.294671 -0.054171 -0.239640
v -0.295448 -0.054171 -0.241276
v -0.296141 -0.054171 -0.242921
v -0.296749 -0.054171 -0.244572
v -0.297272 -0.054171 -0.246224
v -0.297707 -0.054171 -0.247874
v -0.298054 -0.054171 -0.249517
v -0.298311 -0.054171 -0.251150
v -0.298477 -0.054171 -0.252768
v -0.298551 -0.054171 -0.254368
v -0.298429 -0.054171 -0.257664
v -0.297956 -0.054171 -0.260770
v -0.297148 -0.054171 -0.263668
v -0.296023 -0.054171 -0.266341
v -0.294596 -0.054171 -0.268772
v -0.292884 -0.054171 -0.270943
v -0.290905 -0.054171 -0.272836
v -0.288673 -0.054171 -0.274434
v -0.286207 -0.054171 -0.275720
v -0.283523 -0.054171 -0.276676
v -0.280637 -0.054171 -0.277285
v -0.277566 -0.054171 -0.277528
v -0.274537 -0.054171 -0.277385
v -0.271657 -0.054171 -0.276862
v -0.268945 -0.054171 -0.275980
v -0.266424 -0.054171 -0.274762
v -0.264114 -0.054171 -0.273227
v -0.262036 -0.054171 -0.271399
v -0.260212 -0.054171 -0.269297
v -0.258662 -0.054171 -0.266945
v -0.257407 -0.054171 -0.264362
v -0.256469 -0.054171 -0.261570
v -0.255868 -0.054171 -0.258592
v -0.255626 -0.054171 -0.255448
v -0.255636 -0.054171 -0.253828
v -0.255723 -0.054171 -0.252225
v -0.255889 -0.054171 -0.250634
v -0.256135 -0.054171 -0.249049
v -0.256463 -0.054171 -0.247465
v -0.256873 -0.054171 -0.245877
v -0.257368 -0.054171 -0.244279
v -0.257948 -0.054171 -0.242665
v -0.258614 -0.054171 -0.241030
v -0.259369 -0.054171 -0.239368
v -0.260214 -0.054171 -0.237675
v -0.261149 -0.054171 -0.235944
v -0.453432 -0.064929 0.258160
v -0.453432 -0.018587 0.258160
v -0.453432 -0.064929 0.084058
v -0.453432 -0.018587 0.084058
v -0.359057 -0.064929 0.258160
v -0.359057 -0.018587 0.258160
v -0.359057 -0.064929 0.084058
v -0.359057 -0.018587 0.084058
v 0.208470 -0.054171 -0.034219
v 0.205888 -0.054171 -0.037689
v 0.203149 -0.054171 -0.040872
v 0.200268 -0.054171 -0.043766
v 0.197258 -0.054171 -0.046366
v 0.194135 -0.054171 -0.048668
v 0.190912 -0.054171 -0.050667
v 0.187603 -0.054171 -0.052361
v 0.184222 -0.054171 -0.053745
v 0.180784 -0.054171 -0.054815
v 0.177301 -0.054171 -0.055566
v 0.173790 -0.054171 -0.055995
v 0.170264 -0.054171 -0.056098
v 0.167376 -0.054171 -0.055897
v 0.164666 -0.054171 -0.055406
v 0.162149 -0.054171 -0.054639
v 0.159840 -0.054171 -0.053610
v 0.157753 -0.054171 -0.052333
v 0.155903 -0.054171 -0.050820
v 0.154305 -0.054171 -0.049087
v 0.152973 -0.054171 -0.047146
v 0.151922 -0.054171 -0.045012
v 0.151166 -0.054171 -0.042699
v 0.150721 -0.054171 -0.040219
v 0.150601 -0.054171 -0.037586
v 0.150796 -0.054171 -0.035372
v 0.151288 -0.054171 -0.033243
v 0.152056 -0.054171 -0.031220
v 0.153076 -0.054171 -0.029325
v 0.154328 -0.054171 -0.027578
v 0.155789 -0.054171 -0.026001
v 0.157439 -0.054171 -0.024615
v 0.159253 -0.054171 -0.023441
v 0.161212 -0.054171 -0.022500
v 0.163293 -0.054171 -0.021813
v 0.165474 -0.054171 -0.021401
v 0.167733 -0.054171 -0.021286
v 0.170014 -0.054171 -0.021464
v 0.172180 -0.054171 -0.021907
v 0.174215 -0.054171 -0.022598
v 0.176102 -0.054171 -0.023521
v 0.177825 -0.054171 -0.024660
v 0.179368 -0.054171 -0.026000
v 0.180712 -0.054171 -0.027524
v 0.181842 -0.054171 -0.029215
v 0.182741 -0.054171 -0.031059
v 0.183393 -0.054171 -0.033039
v 0.183781 -0.054171 -0.035138
v 0.183887 -0.054171 -0.037341
v 0.183848 -0.054171 -0.038253
v 0.183765 -0.054171 -0.039129
v 0.183643 -0.054171 -0.039972
v 0.183485 -0.054171 -0.040782
v 0.183295 -0.054171 -0.041558
v 0.183078 -0.054171 -0.042303
v 0.182837 -0.054171 -0.043017
v 0.182577 -0.054171 -0.043699
v 0.182302 -0.054171 -0.044352
v 0.182014 -0.054171 -0.044975
v 0.181720 -0.054171 -0.045569
v 0.181422 -0.054171 -0.046135
v 0.183399 -0.054171 -0.045496
v 0.185379 -0.054171 -0.044673
v 0.187350 -0.054171 -0.043681
v 0.189296 -0.054171 -0.042532
v 0.191205 -0.054171 -0.041238
v 0.193063 -0.054171 -0.039814
v 0.194855 -0.054171 -0.038272
v 0.196569 -0.054171 -0.036624
v 0.198190 -0.054171 -0.034884
v 0.199706 -0.054171 -0.033065
v 0.201101 -0.054171 -0.031179
v 0.202363 -0.054171 -0.029240
v 0.173053 -0.054171 -0.047723
v 0.173612 -0.054171 -0.046878
v 0.174104 -0.054171 -0.046089
v 0.174534 -0.054171 -0.045345
v 0.174905 -0.054171 -0.044636
v 0.175220 -0.054171 -0.043949
v 0.175484 -0.054171 -0.043275
v 0.175699 -0.054171 -0.042602
v 0.175870 -0.054171 -0.041918
v 0.176000 -0.054171 -0.041213
v 0.176093 -0.054171 -0.040476
v 0.176152 -0.054171 -0.039694
v 0.176180 -0.054171 -0.038859
v 0.176127 -0.054171 -0.037547
v 0.175927 -0.054171 -0.036299
v 0.175587 -0.054171 -0.035125
v 0.175117 -0.054171 -0.034035
v 0.174526 -0.054171 -0.033036
v 0.173820 -0.054171 -0.032138
v 0.173009 -0.054171 -0.031351
v 0.172102 -0.054171 -0.030682
v 0.171106 -0.054171 -0.030141
v 0.170031 -0.054171 -0.029738
v 0.168884 -0.054171 -0.029480
v 0.167675 -0.054171 -0.029378
v 0.166329 -0.054171 -0.029429
v 0.165064 -0.054171 -0.029626
v 0.163885 -0.054171 -0.029964
v 0.162799 -0.054171 -0.030434
v 0.161813 -0.054171 -0.031031
v 0.160933 -0.054171 -0.031748
v 0.160167 -0.054171 -0.032579
v 0.159521 -0.054171 -0.033518
v 0.159002 -0.054171 -0.034557
v 0.158616 -0.054171 -0.035691
v 0.158370 -0.054171 -0.036913
v 0.158271 -0.054171 -0.038216
v 0.158363 -0.054171 -0.039672
v 0.158685 -0.054171 -0.041093
v 0.159232 -0.054171 -0.042453
v 0.159994 -0.054171 -0.043727
v 0.160967 -0.054171 -0.044888
v 0.162142 -0.054171 -0.045912
v 0.163512 -0.054171 -0.046772
v 0.165071 -0.054171 -0.047443
v 0.166812 -0.054171 -0.047900
v 0.168727 -0.054171 -0.048115
v 0.170809 -0.054171 -0.048065
v 0.207183 -0.054171 -0.065332
v 0.207042 -0.054171 -0.073423
v 0.174266 -0.054171 -0.072850
v 0.172969 -0.054171 -0.072842
v 0.171720 -0.054171 -0.072868
v 0.170518 -0.054171 -0.072933
v 0.169365 -0.054171 -0.073043
v 0.168261 -0.054171 -0.073203
v 0.167205 -0.054171 -0.073419
v 0.166198 -0.054171 -0.073696
v 0.165240 -0.054171 -0.074039
v 0.164331 -0.054171 -0.074454
v 0.163472 -0.054171 -0.074947
v 0.162662 -0.054171 -0.075522
v 0.161902 -0.054171 -0.076186
v 0.161263 -0.054171 -0.076854
v 0.160652 -0.054171 -0.077602
v 0.160073 -0.054171 -0.078428
v 0.159532 -0.054171 -0.079332
v 0.159033 -0.054171 -0.080313
v 0.158581 -0.054171 -0.081372
v 0.158180 -0.054171 -0.082507
v 0.157837 -0.054171 -0.083719
v 0.157556 -0.054171 -0.085006
v 0.157341 -0.054171 -0.086368
v 0.157198 -0.054171 -0.087805
v 0.157131 -0.054171 -0.089316
v 0.157143 -0.054171 -0.090517
v 0.157221 -0.054171 -0.091685
v 0.157365 -0.054171 -0.092820
v 0.157577 -0.054171 -0.093921
v 0.157855 -0.054171 -0.094989
v 0.158201 -0.054171 -0.096024
v 0.158614 -0.054171 -0.097026
v 0.159096 -0.054171 -0.097994
v 0.159646 -0.054171 -0.098930
v 0.160264 -0.054171 -0.099832
v 0.160951 -0.054171 -0.100700
v 0.161707 -0.054171 -0.101536
v 0.162341 -0.054171 -0.102152
v 0.162991 -0.054171 -0.102698
v 0.163671 -0.054171 -0.103180
v 0.164394 -0.054171 -0.103599
v 0.165171 -0.054171 -0.103959
v 0.166016 -0.054171 -0.104264
v 0.166941 -0.054171 -0.104518
v 0.167959 -0.054171 -0.104722
v 0.169082 -0.054171 -0.104882
v 0.170322 -0.054171 -0.104999
v 0.171693 -0.054171 -0.105079
v 0.173207 -0.054171 -0.105123
v 0.206479 -0.054171 -0.105704
v 0.206337 -0.054171 -0.113795
v 0.171332 -0.054171 -0.113183
v 0.167676 -0.054171 -0.112885
v 0.164383 -0.054171 -0.112151
v 0.161444 -0.054171 -0.111019
v 0.158852 -0.054171 -0.109528
v 0.156599 -0.054171 -0.107717
v 0.154678 -0.054171 -0.105625
v 0.153082 -0.054171 -0.103292
v 0.151802 -0.054171 -0.100755
v 0.150831 -0.054171 -0.098053
v 0.150162 -0.054171 -0.095226
v 0.149786 -0.054171 -0.092313
v 0.149698 -0.054171 -0.089352
v 0.149954 -0.054171 -0.085342
v 0.150568 -0.054171 -0.081692
v 0.151524 -0.054171 -0.078401
v 0.152806 -0.054171 -0.075467
v 0.154400 -0.054171 -0.072890
v 0.156290 -0.054171 -0.070668
v 0.158461 -0.054171 -0.068800
v 0.160898 -0.054171 -0.067286
v 0.163586 -0.054171 -0.066123
v 0.166510 -0.054171 -0.065311
v 0.169654 -0.054171 -0.064849
v 0.173003 -0.054171 -0.064735
v -0.492114 -0.058219 0.107070
v -0.492114 -0.053308 0.107070
v -0.492114 -0.058219 0.091537
v -0.492114 -0.053308 0.091537
v -0.450942 -0.043654 0.107070
v -0.450942 -0.024604 0.107070
v -0.450942 -0.043654 0.091537
v -0.450942 -0.024604 0.091537
v -0.450942 -0.058219 0.091537
v -0.471838 -0.058219 0.091537
v -0.481976 -0.058219 0.091537
v -0.481976 -0.051334 0.091537
v -0.471838 -0.044460 0.091537
v -0.461699 -0.036923 0.091537
v -0.481976 -0.058219 0.107070
v -0.471838 -0.058219 0.107070
v -0.450942 -0.058219 0.107070
v -0.461699 -0.036923 0.107070
v -0.471838 -0.044460 0.107070
v -0.481976 -0.051334 0.107070
v -0.320375 -0.058219 0.107070
v -0.320375 -0.053308 0.107070
v -0.320375 -0.058219 0.091537
v -0.320375 -0.053308 0.091537
v -0.361547 -0.043654 0.107070
v -0.361547 -0.024604 0.107070
v -0.361547 -0.043654 0.091537
v -0.361547 -0.024604 0.091537
v -0.361547 -0.058219 0.091537
v -0.340651 -0.058219 0.091537
v -0.330513 -0.058219 0.091537
v -0.330513 -0.051334 0.091537
v -0.340651 -0.044460 0.091537
v -0.350789 -0.036923 0.091537
v -0.330513 -0.058219 0.107070
v -0.340651 -0.058219 0.107070
v -0.361547 -0.058219 0.107070
v -0.350789 -0.036923 0.107070
v -0.340651 -0.044460 0.107070
v -0.330513 -0.051334 0.107070
v -0.492114 -0.058219 0.235149
v -0.492114 -0.053308 0.235149
v -0.492114 -0.058219 0.250681
v -0.492114 -0.053308 0.250681
v -0.450942 -0.043654 0.235149
v -0.450942 -0.024604 0.235149
v -0.450942 -0.043654 0.250681
v -0.450942 -0.024604 0.250681
v -0.450942 -0.058219 0.250681
v -0.471838 -0.058219 0.250681
v -0.481976 -0.058219 0.250681
v -0.481976 -0.051334 0.250681
v -0.471838 -0.044460 0.250681
v -0.461699 -0.036923 0.250681
v -0.481976 -0.058219 0.235149
v -0.471838 -0.058219 0.235149
v -0.450942 -0.058219 0.235149
v -0.461699 -0.036923 0.235149
v -0.471838 -0.044460 0.235149
v -0.481976 -0.051334 0.235149
v -0.320375 -0.058219 0.235149
v -0.320375 -0.053308 0.235149
v -0.320375 -0.058219 0.250681
v -0.320375 -0.053308 0.250681
v -0.361547 -0.043654 0.235149
v -0.361547 -0.024604 0.235149
v -0.361547 -0.043654 0.250681
v -0.361547 -0.024604 0.250681
v -0.361547 -0.058219 0.250681
v -0.340651 -0.058219 0.250681
v -0.330513 -0.058219 0.250681
v -0.330513 -0.051334 0.250681
v -0.340651 -0.044460 0.250681
v -0.350789 -0.036923 0.250681
v -0.330513 -0.058219 0.235149
v -0.340651 -0.058219 0.235149
v -0.361547 -0.058219 0.235149
v -0.350789 -0.036923 0.235149
v -0.340651 -0.044460 0.235149
v -0.330513 -0.051334 0.235149
v -0.216328 -0.054444 -0.595731
v -0.216328 -0.054444 -0.602574
v -0.225067 -0.054444 -0.594871
v -0.226402 -0.054444 -0.601582
v -0.233469 -0.054444 -0.592322
v -0.236088 -0.054444 -0.598644
v -0.241213 -0.054444 -0.588183
v -0.245015 -0.054444 -0.593872
v -0.248001 -0.054444 -0.582612
v -0.252840 -0.054444 -0.587451
v -0.253572 -0.054444 -0.575824
v -0.259261 -0.054444 -0.579626
v -0.257711 -0.054444 -0.568080
v -0.264033 -0.054444 -0.570699
v -0.260260 -0.054444 -0.559677
v -0.266971 -0.054444 -0.561012
v -0.261121 -0.054444 -0.550939
v -0.267963 -0.054444 -0.550939
v -0.260260 -0.054444 -0.542200
v -0.266971 -0.054444 -0.540865
v -0.257711 -0.054444 -0.533797
v -0.264033 -0.054444 -0.531179
v -0.253572 -0.054444 -0.526053
v -0.259261 -0.054444 -0.522252
v -0.248001 -0.054444 -0.519266
v -0.252840 -0.054444 -0.514427
v -0.241213 -0.054444 -0.513695
v -0.245015 -0.054444 -0.508005
v -0.233469 -0.054444 -0.509556
v -0.236088 -0.054444 -0.503234
v -0.225067 -0.054444 -0.507007
v -0.226402 -0.054444 -0.500295
v -0.216328 -0.054444 -0.506146
v -0.216328 -0.054444 -0.499303
v -0.207589 -0.054444 -0.507007
v -0.206254 -0.054444 -0.500295
v -0.199187 -0.054444 -0.509556
v -0.196568 -0.054444 -0.503234
v -0.191442 -0.054444 -0.513695
v -0.187641 -0.054444 -0.508005
v -0.184655 -0.054444 -0.519266
v -0.179816 -0.054444 -0.514427
v -0.179084 -0.054444 -0.526053
v -0.173395 -0.054444 -0.522252
v -0.174945 -0.054444 -0.533797
v -0.168623 -0.054444 -0.531179
v -0.172396 -0.054444 -0.542200
v -0.165685 -0.054444 -0.540865
v -0.171535 -0.054444 -0.550939
v -0.164692 -0.054444 -0.550939
v -0.172396 -0.054444 -0.559677
v -0.165685 -0.054444 -0.561012
v -0.174945 -0.054444 -0.568080
v -0.168623 -0.054444 -0.570699
v -0.179084 -0.054444 -0.575824
v -0.173395 -0.054444 -0.579626
v -0.184655 -0.054444 -0.582612
v -0.179816 -0.054444 -0.587451
v -0.191442 -0.054444 -0.588183
v -0.187641 -0.054444 -0.593872
v -0.199187 -0.054444 -0.592322
v -0.196568 -0.054444 -0.598644
v -0.207589 -0.054444 -0.594871
v -0.206254 -0.054444 -0.601582
v -0.216131 -0.055890 -0.509429
v -0.174808 -0.055293 -0.551145
v -0.257848 -0.054498 -0.550732
v -0.216525 -0.053901 -0.592449
v -0.257816 -0.051210 -0.550654
v -0.216099 -0.052602 -0.509350
v -0.174776 -0.052006 -0.551067
v -0.216493 -0.050613 -0.592370
v -0.185811 -0.054171 -0.371654
v -0.185952 -0.054171 -0.379745
v -0.242258 -0.054171 -0.378762
v -0.242117 -0.054171 -0.370671
v -0.186877 -0.054171 -0.432749
v -0.243183 -0.054171 -0.431766
v -0.243042 -0.054171 -0.423675
v -0.218687 -0.054171 -0.424100
v -0.218540 -0.054171 -0.415679
v -0.218344 -0.054171 -0.412568
v -0.217882 -0.054171 -0.409753
v -0.217170 -0.054171 -0.407230
v -0.216228 -0.054171 -0.404996
v -0.215071 -0.054171 -0.403044
v -0.213717 -0.054171 -0.401373
v -0.212184 -0.054171 -0.399976
v -0.210489 -0.054171 -0.398850
v -0.208650 -0.054171 -0.397990
v -0.206684 -0.054171 -0.397392
v -0.204608 -0.054171 -0.397052
v -0.202440 -0.054171 -0.396965
v -0.200250 -0.054171 -0.397121
v -0.198153 -0.054171 -0.397513
v -0.196168 -0.054171 -0.398145
v -0.194315 -0.054171 -0.399019
v -0.192612 -0.054171 -0.400139
v -0.191081 -0.054171 -0.401510
v -0.189739 -0.054171 -0.403133
v -0.188608 -0.054171 -0.405013
v -0.187706 -0.054171 -0.407152
v -0.187052 -0.054171 -0.409555
v -0.186667 -0.054171 -0.412224
v -0.186570 -0.054171 -0.415163
v -0.194001 -0.054171 -0.424531
v -0.193836 -0.054171 -0.415037
v -0.193896 -0.054171 -0.413303
v -0.194128 -0.054171 -0.411770
v -0.194517 -0.054171 -0.410427
v -0.195044 -0.054171 -0.409265
v -0.195694 -0.054171 -0.408274
v -0.196449 -0.054171 -0.407445
v -0.197293 -0.054171 -0.406767
v -0.198209 -0.054171 -0.406231
v -0.199180 -0.054171 -0.405827
v -0.200189 -0.054171 -0.405545
v -0.201220 -0.054171 -0.405376
v -0.202255 -0.054171 -0.405310
v -0.203609 -0.054171 -0.405366
v -0.204864 -0.054171 -0.405580
v -0.206016 -0.054171 -0.405945
v -0.207062 -0.054171 -0.406456
v -0.207999 -0.054171 -0.407106
v -0.208824 -0.054171 -0.407889
v -0.209535 -0.054171 -0.408801
v -0.210127 -0.054171 -0.409834
v -0.210599 -0.054171 -0.410982
v -0.210948 -0.054171 -0.412241
v -0.211169 -0.054171 -0.413603
v -0.211262 -0.054171 -0.415063
v -0.211422 -0.054171 -0.424227
v -0.187003 -0.054171 -0.439931
v -0.187824 -0.054171 -0.486991
v -0.195089 -0.054171 -0.486864
v -0.194749 -0.054171 -0.467380
v -0.243790 -0.054171 -0.466524
v -0.243649 -0.054171 -0.458433
v -0.194608 -0.054171 -0.459289
v -0.194268 -0.054171 -0.439805
v -0.144977 0.112069 0.879084
v 0.161794 0.112069 0.879084
v -0.144977 0.112069 0.572313
v 0.161794 0.112069 0.572313
v 0.526218 -0.054114 -0.078984
v 0.520085 -0.054114 -0.082579
v 0.525751 -0.054114 -0.081412
v 0.524421 -0.054114 -0.082948
v 0.522432 -0.054114 -0.083358
v 0.495649 -0.054114 -0.068902
v 0.495649 -0.054114 -0.062035
v 0.493769 -0.054114 -0.067326
v 0.493109 -0.054114 -0.065468
v 0.493769 -0.054114 -0.063610
v 0.520085 -0.054114 -0.048357
v 0.526218 -0.054114 -0.051953
v 0.522432 -0.054114 -0.047579
v 0.524421 -0.054114 -0.047989
v 0.525751 -0.054114 -0.049525
v -0.469843 -0.070884 1.137714
v -0.465349 -0.070884 1.138157
v -0.461026 -0.070884 1.139468
v -0.457043 -0.070884 1.141597
v -0.453552 -0.070884 1.144462
v -0.450686 -0.070884 1.147954
v -0.448557 -0.070884 1.151937
v -0.447246 -0.070884 1.156259
v -0.446804 -0.070884 1.160754
v -0.447246 -0.070884 1.165249
v -0.448557 -0.070884 1.169571
v -0.450686 -0.070884 1.173555
v -0.453552 -0.070884 1.177046
v -0.457043 -0.070884 1.179911
v -0.461026 -0.070884 1.182041
v -0.465349 -0.070884 1.183352
v -0.469843 -0.070884 1.183794
v -0.474339 -0.070884 1.183352
v -0.478661 -0.070884 1.182041
v -0.482644 -0.070884 1.179911
v -0.486135 -0.070884 1.177046
v -0.489001 -0.070884 1.173555
v -0.491130 -0.070884 1.169571
v -0.492441 -0.070884 1.165249
v -0.492884 -0.070884 1.160754
v -0.492441 -0.070884 1.156259
v -0.491130 -0.070884 1.151937
v -0.489001 -0.070884 1.147954
v -0.486135 -0.070884 1.144462
v -0.482644 -0.070884 1.141597
v -0.478661 -0.070884 1.139468
v -0.474339 -0.070884 1.138157
v -0.469843 -0.052997 1.151461
v -0.469843 -0.066677 1.137714
v -0.469843 -0.054830 1.144587
v -0.469843 -0.059837 1.139556
v -0.468030 -0.052997 1.151639
v -0.465349 -0.066677 1.138157
v -0.466690 -0.054830 1.144898
v -0.465708 -0.059837 1.139963
v -0.466287 -0.052997 1.152168
v -0.461026 -0.066677 1.139468
v -0.463656 -0.054830 1.145818
v -0.461731 -0.059837 1.141169
v -0.464680 -0.052997 1.153027
v -0.457043 -0.066677 1.141597
v -0.460862 -0.054830 1.147312
v -0.458066 -0.059837 1.143128
v -0.463272 -0.052997 1.154183
v -0.453552 -0.066677 1.144462
v -0.458412 -0.054830 1.149322
v -0.454854 -0.059837 1.145764
v -0.462116 -0.052997 1.155591
v -0.450686 -0.066677 1.147954
v -0.456401 -0.054830 1.151772
v -0.452218 -0.059837 1.148977
v -0.461257 -0.052997 1.157198
v -0.448557 -0.066677 1.151937
v -0.454907 -0.054830 1.154567
v -0.450259 -0.059837 1.152642
v -0.460728 -0.052997 1.158941
v -0.447246 -0.066677 1.156259
v -0.453987 -0.054830 1.157600
v -0.449052 -0.059837 1.156619
v -0.460550 -0.052997 1.160754
v -0.446804 -0.066677 1.160754
v -0.453677 -0.054830 1.160754
v -0.448645 -0.059837 1.160754
v -0.460728 -0.052997 1.162567
v -0.447246 -0.066677 1.165249
v -0.453987 -0.054830 1.163908
v -0.449052 -0.059837 1.164890
v -0.461257 -0.052997 1.164311
v -0.448557 -0.066677 1.169571
v -0.454907 -0.054830 1.166941
v -0.450259 -0.059837 1.168867
v -0.462116 -0.052997 1.165918
v -0.450686 -0.066677 1.173555
v -0.456401 -0.054830 1.169736
v -0.452218 -0.059837 1.172531
v -0.463272 -0.052997 1.167326
v -0.453552 -0.066677 1.177046
v -0.458412 -0.054830 1.172186
v -0.454854 -0.059837 1.175744
v -0.464680 -0.052997 1.168482
v -0.457043 -0.066677 1.179911
v -0.460862 -0.054830 1.174196
v -0.458066 -0.059837 1.178380
v -0.466287 -0.052997 1.169340
v -0.461026 -0.066677 1.182041
v -0.463656 -0.054830 1.175691
v -0.461731 -0.059837 1.180339
v -0.468030 -0.052997 1.169870
v -0.465349 -0.066677 1.183352
v -0.466690 -0.054830 1.176611
v -0.465708 -0.059837 1.181545
v -0.469843 -0.052997 1.170048
v -0.469843 -0.066677 1.183794
v -0.469843 -0.054830 1.176921
v -0.469843 -0.059837 1.181953
v -0.471657 -0.052997 1.169869
v -0.474339 -0.066677 1.183352
v -0.472998 -0.054830 1.176611
v -0.473979 -0.059837 1.181545
v -0.473400 -0.052997 1.169340
v -0.478661 -0.066677 1.182041
v -0.476030 -0.054830 1.175691
v -0.477956 -0.059837 1.180339
v -0.475007 -0.052997 1.168482
v -0.482644 -0.066677 1.179911
v -0.478826 -0.054830 1.174196
v -0.481621 -0.059837 1.178380
v -0.476415 -0.052997 1.167326
v -0.486135 -0.066677 1.177046
v -0.481275 -0.054830 1.172186
v -0.484833 -0.059837 1.175744
v -0.477571 -0.052997 1.165918
v -0.489001 -0.066677 1.173555
v -0.483286 -0.054830 1.169736
v -0.487469 -0.059837 1.172531
v -0.478430 -0.052997 1.164311
v -0.491130 -0.066677 1.169571
v -0.484780 -0.054830 1.166941
v -0.489429 -0.059837 1.168867
v -0.478959 -0.052997 1.162567
v -0.492441 -0.066677 1.165249
v -0.485700 -0.054830 1.163908
v -0.490634 -0.059837 1.164890
v -0.479137 -0.052997 1.160754
v -0.492884 -0.066677 1.160754
v -0.486011 -0.054830 1.160754
v -0.491042 -0.059837 1.160754
v -0.478959 -0.052997 1.158941
v -0.492441 -0.066677 1.156259
v -0.485700 -0.054830 1.157600
v -0.490634 -0.059837 1.156619
v -0.478430 -0.052997 1.157198
v -0.491130 -0.066677 1.151937
v -0.484780 -0.054830 1.154567
v -0.489429 -0.059837 1.152642
v -0.477571 -0.052997 1.155591
v -0.489001 -0.066677 1.147954
v -0.483286 -0.054830 1.151772
v -0.487469 -0.059837 1.148977
v -0.476415 -0.052997 1.154182
v -0.486135 -0.066677 1.144462
v -0.481275 -0.054830 1.149322
v -0.484833 -0.059837 1.145764
v -0.475007 -0.052997 1.153027
v -0.482644 -0.066677 1.141597
v -0.478826 -0.054830 1.147312
v -0.481621 -0.059837 1.143128
v -0.473400 -0.052997 1.152168
v -0.478661 -0.066677 1.139468
v -0.476030 -0.054830 1.145818
v -0.477956 -0.059837 1.141169
v -0.471657 -0.052997 1.151639
v -0.474339 -0.066677 1.138157
v -0.472998 -0.054830 1.144898
v -0.473979 -0.059837 1.139963
v 0.486661 -0.070884 1.137714
v 0.482166 -0.070884 1.138157
v 0.477844 -0.070884 1.139468
v 0.473861 -0.070884 1.141597
v 0.470369 -0.070884 1.144462
v 0.467504 -0.070884 1.147954
v 0.465374 -0.070884 1.151937
v 0.464063 -0.070884 1.156259
v 0.463621 -0.070884 1.160754
v 0.464063 -0.070884 1.165249
v 0.465374 -0.070884 1.169571
v 0.467504 -0.070884 1.173555
v 0.470369 -0.070884 1.177046
v 0.473860 -0.070884 1.179911
v 0.477844 -0.070884 1.182040
v 0.482166 -0.070884 1.183352
v 0.486661 -0.070884 1.183794
v 0.491156 -0.070884 1.183352
v 0.495478 -0.070884 1.182040
v 0.499461 -0.070884 1.179911
v 0.502953 -0.070884 1.177046
v 0.505818 -0.070884 1.173555
v 0.507947 -0.070884 1.169571
v 0.509258 -0.070884 1.165249
v 0.509701 -0.070884 1.160754
v 0.509258 -0.070884 1.156259
v 0.507947 -0.070884 1.151937
v 0.505818 -0.070884 1.147954
v 0.502953 -0.070884 1.144462
v 0.499461 -0.070884 1.141597
v 0.495478 -0.070884 1.139468
v 0.491156 -0.070884 1.138157
v 0.486661 -0.052997 1.151460
v 0.486661 -0.066677 1.137714
v 0.486661 -0.054830 1.144587
v 0.486661 -0.059837 1.139556
v 0.484848 -0.052997 1.151639
v 0.482166 -0.066677 1.138157
v 0.483507 -0.054830 1.144898
v 0.482525 -0.059837 1.139963
v 0.483104 -0.052997 1.152168
v 0.477844 -0.066677 1.139468
v 0.480474 -0.054830 1.145818
v 0.478549 -0.059837 1.141169
v 0.481498 -0.052997 1.153027
v 0.473861 -0.066677 1.141597
v 0.477679 -0.054830 1.147312
v 0.474884 -0.059837 1.143129
v 0.480089 -0.052997 1.154183
v 0.470369 -0.066677 1.144462
v 0.475229 -0.054830 1.149322
v 0.471671 -0.059837 1.145764
v 0.478933 -0.052997 1.155591
v 0.467504 -0.066677 1.147954
v 0.473218 -0.054830 1.151772
v 0.469035 -0.059837 1.148977
v 0.478075 -0.052997 1.157198
v 0.465374 -0.066677 1.151937
v 0.471725 -0.054830 1.154567
v 0.467076 -0.059837 1.152642
v 0.477545 -0.052997 1.158941
v 0.464063 -0.066677 1.156259
v 0.470804 -0.054830 1.157600
v 0.465870 -0.059837 1.156619
v 0.477367 -0.052997 1.160754
v 0.463621 -0.066677 1.160754
v 0.470494 -0.054830 1.160754
v 0.465462 -0.059837 1.160754
v 0.477545 -0.052997 1.162567
v 0.464063 -0.066677 1.165249
v 0.470804 -0.054830 1.163908
v 0.465869 -0.059837 1.164890
v 0.478075 -0.052997 1.164311
v 0.465374 -0.066677 1.169571
v 0.471725 -0.054830 1.166941
v 0.467076 -0.059837 1.168867
v 0.478933 -0.052997 1.165918
v 0.467504 -0.066677 1.173555
v 0.473218 -0.054830 1.169736
v 0.469035 -0.059837 1.172531
v 0.480089 -0.052997 1.167326
v 0.470369 -0.066677 1.177046
v 0.475229 -0.054830 1.172186
v 0.471671 -0.059837 1.175744
v 0.481497 -0.052997 1.168482
v 0.473860 -0.066677 1.179911
v 0.477679 -0.054830 1.174197
v 0.474884 -0.059837 1.178380
v 0.483104 -0.052997 1.169340
v 0.477844 -0.066677 1.182040
v 0.480474 -0.054830 1.175691
v 0.478549 -0.059837 1.180339
v 0.484848 -0.052997 1.169870
v 0.482166 -0.066677 1.183352
v 0.483507 -0.054830 1.176611
v 0.482525 -0.059837 1.181545
v 0.486661 -0.052997 1.170048
v 0.486661 -0.066677 1.183794
v 0.486661 -0.054830 1.176921
v 0.486661 -0.059837 1.181953
v 0.488474 -0.052997 1.169869
v 0.491156 -0.066677 1.183352
v 0.489815 -0.054830 1.176611
v 0.490797 -0.059837 1.181545
v 0.490217 -0.052997 1.169340
v 0.495478 -0.066677 1.182040
v 0.492848 -0.054830 1.175691
v 0.494773 -0.059837 1.180339
v 0.491824 -0.052997 1.168482
v 0.499461 -0.066677 1.179911
v 0.495643 -0.054830 1.174196
v 0.498438 -0.059837 1.178380
v 0.493232 -0.052997 1.167326
v 0.502953 -0.066677 1.177046
v 0.498092 -0.054830 1.172186
v 0.501650 -0.059837 1.175744
v 0.494388 -0.052997 1.165918
v 0.505818 -0.066677 1.173555
v 0.500103 -0.054830 1.169736
v 0.504287 -0.059837 1.172531
v 0.495247 -0.052997 1.164311
v 0.507947 -0.066677 1.169571
v 0.501597 -0.054830 1.166941
v 0.506246 -0.059837 1.168867
v 0.495776 -0.052997 1.162567
v 0.509258 -0.066677 1.165249
v 0.502517 -0.054830 1.163908
v 0.507452 -0.059837 1.164890
v 0.495955 -0.052997 1.160754
v 0.509701 -0.066677 1.160754
v 0.502828 -0.054830 1.160754
v 0.507859 -0.059837 1.160754
v 0.495776 -0.052997 1.158941
v 0.509258 -0.066677 1.156259
v 0.502517 -0.054830 1.157600
v 0.507452 -0.059837 1.156619
v 0.495247 -0.052997 1.157198
v 0.507947 -0.066677 1.151937
v 0.501597 -0.054830 1.154567
v 0.506246 -0.059837 1.152642
v 0.494388 -0.052997 1.155591
v 0.505818 -0.066677 1.147954
v 0.500103 -0.054830 1.151772
v 0.504287 -0.059837 1.148977
v 0.493232 -0.052997 1.154183
v 0.502953 -0.066677 1.144462
v 0.498093 -0.054830 1.149322
v 0.501650 -0.059837 1.145764
v 0.491824 -0.052997 1.153027
v 0.499461 -0.066677 1.141597
v 0.495643 -0.054830 1.147312
v 0.498438 -0.059837 1.143128
v 0.490217 -0.052997 1.152168
v 0.495478 -0.066677 1.139468
v 0.492848 -0.054830 1.145818
v 0.494773 -0.059837 1.141169
v 0.488474 -0.052997 1.151639
v 0.491156 -0.066677 1.138157
v 0.489815 -0.054830 1.144898
v 0.490797 -0.059837 1.139963
v 0.479385 -0.056785 -0.616384
v 0.474891 -0.056785 -0.615941
v 0.470568 -0.056785 -0.614630
v 0.466585 -0.056785 -0.612501
v 0.463094 -0.056785 -0.609635
v 0.460228 -0.056785 -0.606144
v 0.458099 -0.056785 -0.602161
v 0.456788 -0.056785 -0.597839
v 0.456345 -0.056785 -0.593344
v 0.456788 -0.056785 -0.588849
v 0.458099 -0.056785 -0.584526
v 0.460228 -0.056785 -0.580543
v 0.463094 -0.056785 -0.577052
v 0.466585 -0.056785 -0.574186
v 0.470568 -0.056785 -0.572057
v 0.474891 -0.056785 -0.570746
v 0.479385 -0.056785 -0.570304
v 0.483881 -0.056785 -0.570746
v 0.488203 -0.056785 -0.572057
v 0.492186 -0.056785 -0.574186
v 0.495677 -0.056785 -0.577052
v 0.498543 -0.056785 -0.580543
v 0.500672 -0.056785 -0.584526
v 0.501983 -0.056785 -0.588849
v 0.502426 -0.056785 -0.593344
v 0.501983 -0.056785 -0.597839
v 0.500672 -0.056785 -0.602161
v 0.498543 -0.056785 -0.606144
v 0.495677 -0.056785 -0.609636
v 0.492186 -0.056785 -0.612501
v 0.488203 -0.056785 -0.614630
v 0.483881 -0.056785 -0.615941
v 0.479385 -0.038898 -0.602637
v 0.479385 -0.052578 -0.616384
v 0.479385 -0.040731 -0.609511
v 0.479385 -0.045738 -0.614542
v 0.477572 -0.038898 -0.602459
v 0.474891 -0.052578 -0.615941
v 0.476232 -0.040731 -0.609200
v 0.475250 -0.045738 -0.614135
v 0.475829 -0.038898 -0.601930
v 0.470568 -0.052578 -0.614630
v 0.473199 -0.040731 -0.608280
v 0.471273 -0.045738 -0.612928
v 0.474222 -0.038898 -0.601071
v 0.466585 -0.052578 -0.612501
v 0.470404 -0.040731 -0.606786
v 0.467608 -0.045738 -0.610969
v 0.472814 -0.038898 -0.599915
v 0.463094 -0.052578 -0.609635
v 0.467954 -0.040731 -0.604775
v 0.464396 -0.045738 -0.608333
v 0.471658 -0.038898 -0.598507
v 0.460228 -0.052578 -0.606144
v 0.465943 -0.040731 -0.602325
v 0.461760 -0.045738 -0.605121
v 0.470799 -0.038898 -0.596900
v 0.458099 -0.052578 -0.602161
v 0.464449 -0.040731 -0.599530
v 0.459801 -0.045738 -0.601456
v 0.470270 -0.038898 -0.595157
v 0.456788 -0.052578 -0.597839
v 0.463529 -0.040731 -0.596498
v 0.458594 -0.045738 -0.597479
v 0.470092 -0.038898 -0.593344
v 0.456345 -0.052578 -0.593344
v 0.463218 -0.040731 -0.593343
v 0.458187 -0.045738 -0.593344
v 0.470270 -0.038898 -0.591531
v 0.456788 -0.052578 -0.588849
v 0.463529 -0.040731 -0.590190
v 0.458594 -0.045738 -0.589208
v 0.470799 -0.038898 -0.589787
v 0.458099 -0.052578 -0.584526
v 0.464449 -0.040731 -0.587157
v 0.459801 -0.045738 -0.585231
v 0.471658 -0.038898 -0.588180
v 0.460228 -0.052578 -0.580543
v 0.465943 -0.040731 -0.584362
v 0.461760 -0.045738 -0.581566
v 0.472814 -0.038898 -0.586772
v 0.463094 -0.052578 -0.577052
v 0.467954 -0.040731 -0.581912
v 0.464396 -0.045738 -0.578354
v 0.474222 -0.038898 -0.585616
v 0.466585 -0.052578 -0.574186
v 0.470404 -0.040731 -0.579901
v 0.467608 -0.045738 -0.575718
v 0.475829 -0.038898 -0.584757
v 0.470568 -0.052578 -0.572057
v 0.473199 -0.040731 -0.578407
v 0.471273 -0.045738 -0.573759
v 0.477572 -0.038898 -0.584228
v 0.474891 -0.052578 -0.570746
v 0.476232 -0.040731 -0.577487
v 0.475250 -0.045738 -0.572552
v 0.479385 -0.038898 -0.584050
v 0.479385 -0.052578 -0.570304
v 0.479385 -0.040731 -0.577177
v 0.479385 -0.045738 -0.572145
v 0.481199 -0.038898 -0.584228
v 0.483881 -0.052578 -0.570746
v 0.482540 -0.040731 -0.577487
v 0.483521 -0.045738 -0.572553
v 0.482942 -0.038898 -0.584757
v 0.488203 -0.052578 -0.572057
v 0.485572 -0.040731 -0.578407
v 0.487498 -0.045738 -0.573759
v 0.484549 -0.038898 -0.585616
v 0.492186 -0.052578 -0.574186
v 0.488367 -0.040731 -0.579901
v 0.491163 -0.045738 -0.575718
v 0.485957 -0.038898 -0.586772
v 0.495677 -0.052578 -0.577052
v 0.490817 -0.040731 -0.581912
v 0.494375 -0.045738 -0.578354
v 0.487113 -0.038898 -0.588180
v 0.498543 -0.052578 -0.580543
v 0.492828 -0.040731 -0.584362
v 0.497011 -0.045738 -0.581566
v 0.487972 -0.038898 -0.589787
v 0.500672 -0.052578 -0.584526
v 0.494322 -0.040731 -0.587157
v 0.498971 -0.045738 -0.585231
v 0.488501 -0.038898 -0.591531
v 0.501983 -0.052578 -0.588849
v 0.495242 -0.040731 -0.590190
v 0.500177 -0.045738 -0.589208
v 0.488679 -0.038898 -0.593344
v 0.502426 -0.052578 -0.593344
v 0.495553 -0.040731 -0.593343
v 0.500584 -0.045738 -0.593344
v 0.488501 -0.038898 -0.595157
v 0.501983 -0.052578 -0.597839
v 0.495242 -0.040731 -0.596498
v 0.500177 -0.045738 -0.597479
v 0.487972 -0.038898 -0.596900
v 0.500672 -0.052578 -0.602161
v 0.494322 -0.040731 -0.599530
v 0.498971 -0.045738 -0.601456
v 0.487113 -0.038898 -0.598507
v 0.498543 -0.052578 -0.606144
v 0.492828 -0.040731 -0.602325
v 0.497011 -0.045738 -0.605121
v 0.485957 -0.038898 -0.599915
v 0.495677 -0.052578 -0.609636
v 0.490817 -0.040731 -0.604775
v 0.494375 -0.045738 -0.608333
v 0.484549 -0.038898 -0.601071
v 0.492186 -0.052578 -0.612501
v 0.488367 -0.040731 -0.606786
v 0.491163 -0.045738 -0.610970
v 0.482942 -0.038898 -0.601930
v 0.488203 -0.052578 -0.614630
v 0.485572 -0.040731 -0.608280
v 0.487498 -0.045738 -0.612928
v 0.481199 -0.038898 -0.602459
v 0.483881 -0.052578 -0.615941
v 0.482540 -0.040731 -0.609200
v 0.483521 -0.045738 -0.614135
vn -0.0001 1.0000 -0.0000
vn 0.0001 1.0000 -0.0000
vn -0.0000 1.0000 -0.0000
vn -1.0000 -0.0000 -0.0000
vn -0.0000 -0.0000 -1.0000
vn 1.0000 -0.0000 -0.0000
vn -0.0000 -0.0000 1.0000
vn -0.0000 -1.0000 -0.0000
vn -1.0000 -0.0000 -0.0071
vn 0.1567 -0.0000 0.9876
vn 0.0001 -0.0000 1.0000
vn 0.8910 -0.0000 -0.4540
vn 0.9511 -0.0000 -0.3090
vn -0.1564 -0.0000 0.9877
vn -0.4244 -0.0000 0.9055
vn -0.3520 -0.0000 0.9360
vn -0.2653 -0.0000 0.9642
vn -0.1889 -0.0000 0.9820
vn -0.6834 -0.0000 0.7300
vn -0.6241 -0.0000 0.7814
vn -0.5503 -0.0000 0.8350
vn -0.4831 -0.0000 0.8756
vn -0.8756 -0.0000 0.4831
vn -0.8350 -0.0000 0.5503
vn -0.7814 -0.0000 0.6241
vn -0.7300 -0.0000 0.6835
vn -0.9820 -0.0000 0.1889
vn -0.9642 -0.0000 0.2653
vn -0.9360 -0.0000 0.3521
vn -0.9055 -0.0000 0.4244
vn -1.0000 -0.0000 0.0038
vn -0.9989 -0.0000 0.0466
vn -0.9954 -0.0000 0.0960
vn -0.9904 -0.0000 0.1386
vn 0.1889 -0.0000 0.9820
vn 0.2653 -0.0000 0.9642
vn 0.3520 -0.0000 0.9360
vn 0.4244 -0.0000 0.9055
vn 0.4831 -0.0000 0.8756
vn 0.5503 -0.0000 0.8350
vn 0.6241 -0.0000 0.7814
vn 0.6834 -0.0000 0.7300
vn 0.7300 -0.0000 0.6834
vn 0.7814 -0.0000 0.6241
vn 0.8350 -0.0000 0.5503
vn 0.8756 -0.0000 0.4831
vn 0.9055 -0.0000 0.4244
vn 0.9360 -0.0000 0.3520
vn 0.9642 -0.0000 0.2653
vn 0.9820 -0.0000 0.1889
vn 0.9923 -0.0000 0.1238
vn 0.9990 -0.0000 0.0456
vn 0.9990 -0.0000 -0.0456
vn 0.9923 -0.0000 -0.1238
vn -0.0654 -0.0000 0.9979
vn -0.2588 -0.0000 0.9659
vn -0.5000 -0.0000 0.8660
vn -0.7071 -0.0000 0.7071
vn -0.8660 -0.0000 0.5000
vn -0.9659 -0.0000 0.2588
vn -0.9979 -0.0000 0.0654
vn -0.0654 -0.0000 -0.9979
vn -0.2588 -0.0000 -0.9659
vn -0.5000 -0.0000 -0.8660
vn -0.7071 -0.0000 -0.7071
vn -0.8660 -0.0000 -0.5000
vn -0.9659 -0.0000 -0.2588
vn -0.9979 -0.0000 -0.0654
vn 0.9979 -0.0000 -0.0654
vn 0.9659 -0.0000 -0.2588
vn 0.8660 -0.0000 -0.5000
vn 0.7071 -0.0000 -0.7071
vn 0.5000 -0.0000 -0.8660
vn 0.2588 -0.0000 -0.9659
vn 0.0654 -0.0000 -0.9979
vn 0.0654 -0.0000 0.9979
vn 0.2588 -0.0000 0.9659
vn 0.5000 -0.0000 0.8660
vn 0.7071 -0.0000 0.7071
vn 0.8660 -0.0000 0.5000
vn 0.9659 -0.0000 0.2588
vn 0.9979 -0.0000 0.0654
vn -0.1951 -0.0000 0.9808
vn -0.3827 -0.0000 0.9239
vn -0.5556 -0.0000 0.8315
vn -0.8315 -0.0000 0.5556
vn -0.9239 -0.0000 0.3827
vn -0.9808 -0.0000 0.1951
vn -0.9808 -0.0000 -0.1951
vn -0.9239 -0.0000 -0.3827
vn -0.8315 -0.0000 -0.5556
vn -0.5556 -0.0000 -0.8315
vn -0.3827 -0.0000 -0.9239
vn -0.1951 -0.0000 -0.9808
vn 0.1951 -0.0000 -0.9808
vn 0.3827 -0.0000 -0.9239
vn 0.5556 -0.0000 -0.8315
vn 0.8315 -0.0000 -0.5556
vn 0.9239 -0.0000 -0.3827
vn 0.9808 -0.0000 -0.1951
vn 0.9808 -0.0000 0.1951
vn 0.9239 -0.0000 0.3827
vn 0.8315 -0.0000 0.5556
vn 0.5556 -0.0000 0.8315
vn 0.3827 -0.0000 0.9239
vn 0.1951 -0.0000 0.9808
vn -1.0000 0.0028 -0.0000
vn 1.0000 0.0027 -0.0000
vn -0.8564 -0.0000 0.5164
vn 0.8564 -0.0000 0.5164
vn 0.3090 -0.0000 -0.9511
vn 0.5878 -0.0000 -0.8090
vn 0.8090 -0.0000 -0.5878
vn 0.9511 -0.0000 0.3090
vn 0.8090 -0.0000 0.5878
vn 0.5878 -0.0000 0.8090
vn 0.3090 -0.0000 0.9511
vn -0.3090 -0.0000 0.9511
vn -0.5878 -0.0000 0.8090
vn -0.8090 -0.0000 0.5878
vn -0.9511 -0.0000 0.3090
vn -0.9511 -0.0000 -0.3090
vn -0.8090 -0.0000 -0.5878
vn -0.5878 -0.0000 -0.8090
vn 0.2617 0.5316 -0.8055
vn -0.0000 0.5316 -0.8470
vn -0.0000 0.6981 -0.7160
vn 0.2213 0.6981 -0.6810
vn -0.3090 -0.0000 -0.9511
vn -0.6810 0.6981 -0.2213
vn -0.7160 0.6981 -0.0000
vn -0.5267 0.8500 -0.0000
vn -0.5009 0.8500 -0.1628
vn -0.6852 0.5316 0.4978
vn -0.4978 0.5316 0.6852
vn -0.4209 0.6981 0.5793
vn -0.5793 0.6981 0.4209
vn -0.4978 0.5316 -0.6852
vn -0.6852 0.5316 -0.4978
vn -0.5793 0.6981 -0.4209
vn -0.4209 0.6981 -0.5793
vn 0.8055 0.5316 0.2617
vn 0.8470 0.5316 -0.0000
vn 0.7160 0.6981 -0.0000
vn 0.6810 0.6981 0.2213
vn -0.2617 0.5316 0.8055
vn -0.0000 0.5316 0.8470
vn -0.0000 0.6981 0.7160
vn -0.2213 0.6981 0.6810
vn -0.8055 0.5316 -0.2617
vn -0.8470 0.5316 -0.0000
vn 0.8055 0.5316 -0.2617
vn 0.6852 0.5316 -0.4978
vn 0.5793 0.6981 -0.4209
vn 0.6810 0.6981 -0.2213
vn 0.2617 0.5316 0.8055
vn 0.4978 0.5316 0.6852
vn 0.4209 0.6981 0.5793
vn 0.2213 0.6981 0.6810
vn -0.8055 0.5316 0.2617
vn -0.6810 0.6981 0.2213
vn -0.2617 0.5316 -0.8055
vn -0.2213 0.6981 -0.6810
vn 0.4978 0.5316 -0.6852
vn 0.4209 0.6981 -0.5793
vn 0.6852 0.5316 0.4978
vn 0.5793 0.6981 0.4209
vn 0.3096 0.8500 0.4261
vn 0.1628 0.8500 0.5009
vn 0.1628 0.8500 -0.5009
vn 0.3096 0.8500 -0.4261
vn -0.4261 0.8500 -0.3096
vn -0.0000 0.8500 0.5267
vn 0.4261 0.8500 -0.3096
vn -0.3096 0.8500 -0.4261
vn -0.1628 0.8500 0.5009
vn 0.5009 0.8500 -0.1628
vn -0.1628 0.8500 -0.5009
vn -0.3096 0.8500 0.4261
vn 0.5267 0.8500 -0.0000
vn -0.0000 0.8500 -0.5267
vn -0.4261 0.8500 0.3096
vn 0.5009 0.8500 0.1628
vn -0.5009 0.8500 0.1628
vn 0.4261 0.8500 0.3096
vn 0.1305 -0.0000 0.9914
vn 0.9914 -0.0000 0.1305
vn 0.1305 -0.0000 -0.9914
vn 0.9914 -0.0000 -0.1305
vn -0.9914 -0.0000 -0.1305
vn -0.1305 -0.0000 -0.9914
vn -0.1305 -0.0000 0.9914
vn -0.9914 -0.0000 0.1305
vn 0.9811 0.1937 -0.0000
vn -0.0000 0.1937 -0.9811
vn -0.9811 0.1937 -0.0000
vn -0.0000 0.1937 0.9811
vn 0.9268 0.3755 -0.0000
vn -0.8792 0.4764 -0.0000
vn -0.0000 0.3755 0.9268
vn -0.0000 0.3755 -0.9268
vn -0.9268 0.3755 -0.0000
vn 0.8792 0.4764 -0.0000
vn -0.0000 0.4764 0.8792
vn -0.0000 0.4764 -0.8792
vn 0.2757 0.4515 0.8486
vn 0.6241 0.6363 0.4534
vn 0.2233 0.6912 0.6873
vn -0.7219 0.4515 0.5245
vn -0.2384 0.6363 0.7337
vn -0.5847 0.6912 0.4248
vn -0.7219 0.4515 -0.5245
vn -0.7714 0.6363 -0.0000
vn -0.5847 0.6912 -0.4248
vn 0.2757 0.4515 -0.8486
vn -0.2384 0.6363 -0.7337
vn 0.2233 0.6912 -0.6873
vn 0.8923 0.4515 -0.0000
vn 0.6241 0.6363 -0.4534
vn 0.7227 0.6912 -0.0000
vn 0.7821 0.5410 -0.3092
vn 0.5358 0.5410 -0.6483
vn -0.0524 0.5410 -0.8394
vn -0.4510 0.5410 -0.7099
vn -0.8145 0.5410 -0.2095
vn -0.8145 0.5410 0.2095
vn -0.4510 0.5410 0.7099
vn -0.0524 0.5410 0.8394
vn 0.5358 0.5410 0.6483
vn 0.7821 0.5410 0.3092
vn -0.0590 0.9965 0.0590
vn -0.0590 0.9965 -0.0590
vn -0.1980 0.9600 -0.1980
vn -0.1980 0.9600 0.1980
vn -0.6430 0.7658 -0.0000
vn -0.8406 0.5417 -0.0000
vn -0.9605 0.2784 -0.0000
vn -0.9972 0.0744 -0.0000
vn 0.0590 0.9965 -0.0590
vn 0.0590 0.9965 0.0590
vn 0.1980 0.9600 0.1980
vn 0.1980 0.9600 -0.1980
vn 0.6430 0.7659 -0.0000
vn 0.8405 0.5417 -0.0000
vn 0.8406 0.5417 -0.0000
vn 0.9605 0.2784 -0.0000
vn 0.9972 0.0744 -0.0000
vn -0.0000 0.7659 -0.6430
vn -0.0000 0.5417 -0.8406
vn -0.0000 0.5417 -0.8405
vn -0.0000 0.2784 -0.9605
vn -0.0000 0.0744 -0.9972
vn -0.0000 0.0744 0.9972
vn -0.0000 0.2784 0.9605
vn -0.0000 0.5417 0.8406
vn -0.0000 0.7659 0.6430
vn -0.9984 -0.0565 -0.0000
vn 0.9984 -0.0565 -0.0000
vn -0.9929 -0.0000 0.1187
vn -0.9929 -0.0000 -0.1187
vn 0.9929 -0.0000 -0.1187
vn 0.9929 -0.0000 0.1187
vn -0.0000 0.9925 0.1226
vn -0.0000 0.9925 -0.1226
vn -0.0000 0.9446 -0.3281
vn -0.0000 0.8918 -0.4524
vn -0.0000 0.9446 0.3281
vn -0.0000 0.8918 0.4524
vn -0.3839 0.9234 -0.0000
vn -0.1910 0.9816 -0.0000
vn -0.7532 0.6578 -0.0000
vn -0.6788 0.7343 -0.0000
vn -0.5791 0.8153 -0.0000
vn 0.3839 0.9234 -0.0000
vn 0.1910 0.9816 -0.0000
vn 0.7532 0.6578 -0.0000
vn 0.6788 0.7343 -0.0000
vn 0.5791 0.8153 -0.0000
vn -0.0097 -0.9997 -0.0239
vn 0.0097 0.9997 0.0239
vn -0.7104 0.0237 -0.7034
vn 0.7104 -0.0237 0.7034
vn 0.7037 0.0102 -0.7104
vn -0.7037 -0.0101 0.7104
vn 0.0009 1.0000 -0.0000
vn 0.1934 0.1301 -0.9725
vn -0.0000 0.1301 -0.9915
vn -0.0000 0.4947 -0.8691
vn 0.1695 0.4947 -0.8524
vn -0.0000 0.8600 -0.5104
vn 0.0996 0.8600 -0.5005
vn -0.0000 0.9904 -0.1379
vn 0.0269 0.9904 -0.1352
vn 0.3794 0.1301 -0.9160
vn 0.3326 0.4947 -0.8029
vn 0.1953 0.8600 -0.4715
vn 0.0528 0.9904 -0.1274
vn 0.5509 0.1301 -0.8244
vn 0.4828 0.4947 -0.7226
vn 0.2835 0.8600 -0.4243
vn 0.0766 0.9904 -0.1146
vn 0.7011 0.1301 -0.7011
vn 0.6145 0.4947 -0.6145
vn 0.3609 0.8600 -0.3609
vn 0.0975 0.9904 -0.0975
vn 0.8244 0.1301 -0.5508
vn 0.7226 0.4947 -0.4828
vn 0.4243 0.8600 -0.2835
vn 0.1147 0.9904 -0.0766
vn 0.9160 0.1301 -0.3794
vn 0.8029 0.4947 -0.3326
vn 0.4715 0.8600 -0.1953
vn 0.1274 0.9904 -0.0528
vn 0.9725 0.1301 -0.1934
vn 0.8524 0.4947 -0.1695
vn 0.5006 0.8600 -0.0995
vn 0.1352 0.9904 -0.0269
vn 0.9915 0.1301 -0.0000
vn 0.8691 0.4947 -0.0000
vn 0.5104 0.8600 -0.0000
vn 0.1379 0.9904 -0.0000
vn 0.9725 0.1301 0.1934
vn 0.8524 0.4947 0.1695
vn 0.5006 0.8600 0.0995
vn 0.1352 0.9904 0.0269
vn 0.9160 0.1301 0.3794
vn 0.8029 0.4947 0.3326
vn 0.4715 0.8600 0.1953
vn 0.1274 0.9904 0.0528
vn 0.8244 0.1301 0.5508
vn 0.7226 0.4947 0.4828
vn 0.4243 0.8600 0.2835
vn 0.1147 0.9904 0.0766
vn 0.7011 0.1301 0.7011
vn 0.6145 0.4947 0.6145
vn 0.3609 0.8600 0.3609
vn 0.0975 0.9904 0.0975
vn 0.5509 0.1301 0.8244
vn 0.4828 0.4947 0.7226
vn 0.2835 0.8600 0.4243
vn 0.0766 0.9904 0.1146
vn 0.3794 0.1301 0.9160
vn 0.3326 0.4947 0.8029
vn 0.1953 0.8600 0.4715
vn 0.0528 0.9904 0.1274
vn 0.1934 0.1301 0.9725
vn 0.1695 0.4947 0.8524
vn 0.0996 0.8600 0.5006
vn 0.0269 0.9904 0.1353
vn -0.0000 0.1301 0.9915
vn -0.0000 0.4947 0.8691
vn -0.0000 0.8600 0.5104
vn -0.0000 0.9904 0.1379
vn -0.1934 0.1301 0.9725
vn -0.1695 0.4947 0.8524
vn -0.0996 0.8600 0.5006
vn -0.0269 0.9904 0.1352
vn -0.3794 0.1301 0.9160
vn -0.3326 0.4947 0.8029
vn -0.1953 0.8600 0.4715
vn -0.0528 0.9904 0.1274
vn -0.5508 0.1301 0.8244
vn -0.4828 0.4947 0.7226
vn -0.2835 0.8600 0.4243
vn -0.0766 0.9904 0.1147
vn -0.7011 0.1301 0.7011
vn -0.6145 0.4947 0.6145
vn -0.3609 0.8600 0.3609
vn -0.0975 0.9904 0.0975
vn -0.8244 0.1301 0.5508
vn -0.7226 0.4947 0.4828
vn -0.4243 0.8600 0.2835
vn -0.1147 0.9904 0.0766
vn -0.9160 0.1301 0.3794
vn -0.8029 0.4947 0.3326
vn -0.4715 0.8600 0.1953
vn -0.1274 0.9904 0.0528
vn -0.9725 0.1301 0.1934
vn -0.8524 0.4947 0.1695
vn -0.5006 0.8600 0.0996
vn -0.1352 0.9904 0.0269
vn -0.9915 0.1301 -0.0000
vn -0.8691 0.4947 -0.0000
vn -0.5104 0.8600 -0.0000
vn -0.1379 0.9904 -0.0000
vn -0.9725 0.1301 -0.1934
vn -0.8524 0.4947 -0.1695
vn -0.5005 0.8600 -0.0996
vn -0.1352 0.9904 -0.0269
vn -0.9160 0.1301 -0.3794
vn -0.8029 0.4947 -0.3326
vn -0.4715 0.8600 -0.1953
vn -0.1274 0.9904 -0.0528
vn -0.8244 0.1301 -0.5508
vn -0.7226 0.4947 -0.4828
vn -0.4244 0.8600 -0.2835
vn -0.1147 0.9904 -0.0766
vn -0.7011 0.1301 -0.7011
vn -0.6145 0.4947 -0.6145
vn -0.3609 0.8600 -0.3609
vn -0.0975 0.9904 -0.0975
vn -0.5508 0.1301 -0.8244
vn -0.4828 0.4947 -0.7226
vn -0.2835 0.8600 -0.4244
vn -0.0766 0.9904 -0.1147
vn -0.3794 0.1301 -0.9160
vn -0.3326 0.4947 -0.8029
vn -0.1953 0.8600 -0.4715
vn -0.0528 0.9904 -0.1274
vn -0.1934 0.1301 -0.9725
vn -0.1695 0.4947 -0.8524
vn -0.0996 0.8600 -0.5006
vn -0.0269 0.9904 -0.1352
vn -0.9239 -0.0000 0.3826
vn -0.9239 -0.0000 -0.3826
vn -0.5006 0.8600 -0.0996
vn -0.5005 0.8600 0.0996
vn -0.2835 0.8600 0.4244
vn -0.1935 0.1301 0.9724
vn -0.1696 0.4947 0.8524
vn -0.0269 0.9904 0.1353
vn 0.1934 0.1301 0.9724
vn 0.1696 0.4947 0.8524
vn 0.0269 0.9904 0.1352
vn 0.0766 0.9904 0.1147
vn 0.9724 0.1301 0.1934
vn 0.5006 0.8600 0.0996
vn 0.1353 0.9904 0.0269
vn 0.9724 0.1301 -0.1934
vn 0.5006 0.8600 -0.0996
vn 0.1353 0.9904 -0.0269
vn 0.5508 0.1301 -0.8244
vn 0.0766 0.9904 -0.1147
vn 0.1696 0.4947 -0.8524
vn -0.1696 0.4947 -0.8524
vn -0.5509 0.1301 -0.8244
vn -0.8244 0.1301 -0.5509
vn -0.8524 0.4947 -0.1696
vn -0.1353 0.9904 -0.0269
vn -0.1353 0.9904 0.0269
vn -0.8244 0.1301 0.5509
vn -0.0766 0.9904 0.1146
vn 0.5508 0.1301 0.8244
vn 0.1146 0.9904 0.0766
vn 0.8244 0.1301 -0.5509
vn 0.2835 0.8600 -0.4244
vn 0.5555 -0.0000 0.8315
vt 0.990030 0.402555
vt 0.991209 0.402519
vt 0.990400 0.402567
vt 0.989664 0.402520
vt 0.989301 0.402460
vt 0.991971 0.402377
vt 0.988941 0.402376
vt 0.992681 0.402147
vt 0.988582 0.402268
vt 0.988223 0.402135
vt 0.993336 0.401831
vt 0.987865 0.401977
vt 0.987506 0.401794
vt 0.993930 0.401436
vt 0.987145 0.401586
vt 0.986782 0.401353
vt 0.994459 0.400965
vt 0.986417 0.401094
vt 0.986047 0.400810
vt 0.994918 0.400424
vt 0.986047 0.397485
vt 0.986416 0.397931
vt 0.986780 0.398326
vt 0.987139 0.398672
vt 0.987493 0.398971
vt 0.987843 0.399225
vt 0.988190 0.399438
vt 0.988533 0.399611
vt 0.988873 0.399747
vt 0.989210 0.399849
vt 0.989545 0.399919
vt 0.989879 0.399959
vt 0.990210 0.399972
vt 0.995304 0.399816
vt 0.990653 0.399943
vt 0.991074 0.399856
vt 0.991469 0.399716
vt 0.995612 0.399146
vt 0.991836 0.399525
vt 0.992171 0.399286
vt 0.992471 0.399002
vt 0.995838 0.398418
vt 0.992734 0.398675
vt 0.992956 0.398310
vt 0.995976 0.397638
vt 0.993134 0.397907
vt 0.993265 0.397472
vt 0.996023 0.396809
vt 0.993346 0.397005
vt 0.993374 0.396511
vt 0.995989 0.396067
vt 0.993365 0.396138
vt 0.993338 0.395787
vt 0.995884 0.395335
vt 0.993293 0.395454
vt 0.993230 0.395133
vt 0.995706 0.394604
vt 0.993149 0.394823
vt 0.993049 0.394517
vt 0.995451 0.393864
vt 0.992932 0.394213
vt 0.992797 0.393906
vt 0.992644 0.393591
vt 0.995116 0.393103
vt 0.992473 0.393266
vt 0.992283 0.392925
vt 0.994699 0.392314
vt 0.992076 0.392564
vt 0.991659 0.391882
vt 0.994196 0.391485
vt 0.991198 0.391177
vt 0.993604 0.390606
vt 0.990699 0.390454
vt 0.992921 0.389669
vt 0.990169 0.389720
vt 0.989615 0.388980
vt 0.992143 0.388661
vt 0.989045 0.388238
vt 0.991268 0.387575
vt 0.988465 0.387501
vt 0.990292 0.386400
vt 0.987882 0.386774
vt 0.987305 0.386063
vt 0.997348 0.386400
vt 0.997348 0.383885
vt 0.986738 0.385372
vt 0.986191 0.384707
vt 0.985669 0.384075
vt 0.985669 0.383885
vt 0.948093 0.699687
vt 0.950742 0.711150
vt 0.948093 0.711151
vt 0.950742 0.700255
vt 0.961313 0.700417
vt 0.963963 0.711150
vt 0.961313 0.711151
vt 0.963963 0.699957
vt 0.961308 0.699992
vt 0.950748 0.699759
vt 0.961293 0.699584
vt 0.963906 0.698862
vt 0.950766 0.699310
vt 0.948169 0.698489
vt 0.961265 0.699191
vt 0.950797 0.698903
vt 0.961222 0.698814
vt 0.950843 0.698535
vt 0.963737 0.697835
vt 0.961163 0.698453
vt 0.950904 0.698200
vt 0.948391 0.697406
vt 0.961087 0.698109
vt 0.950982 0.697896
vt 0.960990 0.697781
vt 0.951077 0.697618
vt 0.963455 0.696882
vt 0.960873 0.697469
vt 0.951191 0.697361
vt 0.960732 0.697174
vt 0.948745 0.696438
vt 0.951324 0.697122
vt 0.960565 0.696896
vt 0.951477 0.696897
vt 0.951653 0.696681
vt 0.960372 0.696634
vt 0.963059 0.696009
vt 0.951851 0.696470
vt 0.960151 0.696389
vt 0.952120 0.696217
vt 0.949218 0.695581
vt 0.959928 0.696183
vt 0.952400 0.695988
vt 0.959680 0.695988
vt 0.962549 0.695220
vt 0.959406 0.695803
vt 0.952692 0.695780
vt 0.959107 0.695631
vt 0.952995 0.695595
vt 0.958783 0.695473
vt 0.953309 0.695432
vt 0.949798 0.694833
vt 0.958434 0.695331
vt 0.953635 0.695290
vt 0.958060 0.695206
vt 0.953972 0.695171
vt 0.961925 0.694520
vt 0.957661 0.695101
vt 0.954320 0.695074
vt 0.957238 0.695016
vt 0.954679 0.694999
vt 0.956791 0.694954
vt 0.955050 0.694945
vt 0.956320 0.694915
vt 0.955432 0.694912
vt 0.955825 0.694902
vt 0.950472 0.694192
vt 0.961187 0.693914
vt 0.951227 0.693656
vt 0.960334 0.693407
vt 0.952050 0.693222
vt 0.959366 0.693004
vt 0.952929 0.692889
vt 0.958283 0.692710
vt 0.953850 0.692654
vt 0.957085 0.692530
vt 0.954802 0.692514
vt 0.955771 0.692468
vt 0.964190 0.075124
vt 0.948093 0.074878
vt 0.948093 -0.000000
vt 0.964190 0.000246
vt 0.925454 0.958383
vt 0.909421 0.958370
vt 0.909421 0.615091
vt 0.925454 0.615103
vt 0.943876 0.711498
vt 0.932038 0.711507
vt 0.932038 0.499996
vt 0.948093 0.499984
vt 0.948093 0.671647
vt 0.943876 0.671650
vt 0.897566 0.615091
vt 0.909421 0.615118
vt 0.909421 0.958269
vt 0.897566 0.958242
vt 0.897566 0.931107
vt 0.893343 0.931097
vt 0.893343 0.644355
vt 0.897566 0.644365
vt 0.343288 0.211516
vt 0.000000 0.211516
vt 0.000000 -0.000000
vt 0.343288 0.000000
vt 0.686575 0.711515
vt 0.343288 0.711515
vt 0.343288 0.634549
vt 0.686575 0.634549
vt 0.343288 0.423033
vt 0.686575 0.423033
vt 0.686575 0.211516
vt 0.000000 0.711515
vt 0.000000 0.634549
vt 0.000000 0.423033
vt 0.932038 0.000012
vt 0.948093 -0.000000
vt 0.948093 0.076963
vt 0.932038 0.076975
vt 0.948093 0.288474
vt 0.932038 0.288485
vt 0.948093 0.653454
vt 0.948093 0.486441
vt 0.964190 0.486687
vt 0.964190 0.692468
vt 0.952321 0.692287
vt 0.952321 0.653518
vt 0.948093 0.280660
vt 0.964190 0.280906
vt 0.451990 0.783157
vt 0.451956 0.781556
vt 0.456185 0.781531
vt 0.456219 0.783132
vt 0.847434 0.895624
vt 0.851655 0.895758
vt 0.851647 0.895963
vt 0.847425 0.895830
vt 0.420694 0.838536
vt 0.424911 0.838606
vt 0.424800 0.840245
vt 0.420583 0.840175
vt 0.654636 0.887290
vt 0.650415 0.887438
vt 0.650405 0.887234
vt 0.654625 0.887086
vt 0.851533 0.907399
vt 0.847312 0.907265
vt 0.847302 0.905671
vt 0.851523 0.905804
vt 0.847306 0.903768
vt 0.851528 0.903902
vt 0.847324 0.902067
vt 0.851546 0.902201
vt 0.452013 0.815307
vt 0.456242 0.815283
vt 0.456185 0.816715
vt 0.451956 0.816739
vt 0.851655 0.913607
vt 0.847434 0.913473
vt 0.847384 0.911872
vt 0.851605 0.912005
vt 0.847353 0.910387
vt 0.851574 0.910521
vt 0.452221 0.807187
vt 0.456450 0.807162
vt 0.456426 0.808838
vt 0.452197 0.808863
vt 0.456387 0.810702
vt 0.452158 0.810727
vt 0.456344 0.812255
vt 0.452115 0.812280
vt 0.452251 0.798234
vt 0.456480 0.798209
vt 0.456491 0.799965
vt 0.452262 0.799990
vt 0.456493 0.801978
vt 0.452264 0.802002
vt 0.456483 0.803708
vt 0.452255 0.803732
vt 0.452123 0.789200
vt 0.456352 0.789176
vt 0.456386 0.790902
vt 0.452157 0.790926
vt 0.456419 0.792912
vt 0.452190 0.792936
vt 0.456442 0.794666
vt 0.452213 0.794691
vt 0.650567 0.893730
vt 0.654788 0.893583
vt 0.654820 0.895305
vt 0.650600 0.895452
vt 0.654841 0.897243
vt 0.650620 0.897390
vt 0.654845 0.898876
vt 0.650624 0.899023
vt 0.650611 0.902236
vt 0.654832 0.902089
vt 0.654815 0.903624
vt 0.650595 0.903771
vt 0.654780 0.905293
vt 0.650559 0.905440
vt 0.654735 0.906648
vt 0.650515 0.906795
vt 0.424911 0.868465
vt 0.420694 0.868394
vt 0.420604 0.867064
vt 0.424820 0.867134
vt 0.420516 0.865420
vt 0.424732 0.865490
vt 0.420454 0.863903
vt 0.424670 0.863973
vt 0.424567 0.860793
vt 0.420351 0.860723
vt 0.420311 0.859103
vt 0.424527 0.859174
vt 0.420283 0.857178
vt 0.424499 0.857248
vt 0.420274 0.855462
vt 0.424491 0.855532
vt 0.424497 0.852018
vt 0.420281 0.851948
vt 0.420296 0.850198
vt 0.424512 0.850268
vt 0.420331 0.848179
vt 0.424547 0.848250
vt 0.420377 0.846433
vt 0.424593 0.846503
vt 0.376083 0.835680
vt 0.376083 0.837327
vt 0.376171 0.843561
vt 0.376133 0.845326
vt 0.375987 0.847358
vt 0.375774 0.849111
vt 0.375218 0.852621
vt 0.374830 0.854333
vt 0.374206 0.856253
vt 0.373514 0.857867
vt 0.371900 0.861033
vt 0.371002 0.862542
vt 0.369815 0.864175
vt 0.368658 0.865496
vt 0.366145 0.868009
vt 0.364825 0.869166
vt 0.363191 0.870353
vt 0.361683 0.871251
vt 0.358516 0.872864
vt 0.356903 0.873557
vt 0.354982 0.874181
vt 0.353270 0.874569
vt 0.347002 0.875562
vt 0.346797 0.875529
vt 0.346797 0.835680
vt 0.784784 0.876277
vt 0.784579 0.876310
vt 0.778311 0.875317
vt 0.776599 0.874929
vt 0.774678 0.874305
vt 0.773065 0.873613
vt 0.769898 0.871999
vt 0.768390 0.871101
vt 0.766756 0.869914
vt 0.765436 0.868757
vt 0.762923 0.866244
vt 0.761766 0.864923
vt 0.760579 0.863290
vt 0.759681 0.861781
vt 0.758067 0.858615
vt 0.757375 0.857001
vt 0.756751 0.855081
vt 0.756363 0.853369
vt 0.755807 0.849859
vt 0.755647 0.848110
vt 0.755647 0.846091
vt 0.755807 0.844343
vt 0.756800 0.838075
vt 0.757639 0.836428
vt 0.784784 0.836428
vt 0.654625 0.909237
vt 0.650405 0.909384
vt 0.686575 0.039849
vt 0.343288 0.039849
vt 0.343493 0.039882
vt 0.349761 0.038889
vt 0.351473 0.038500
vt 0.353393 0.037877
vt 0.355007 0.037184
vt 0.358173 0.035571
vt 0.359682 0.034672
vt 0.361315 0.033486
vt 0.362636 0.032329
vt 0.365149 0.029816
vt 0.366306 0.028495
vt 0.367493 0.026862
vt 0.368391 0.025353
vt 0.370004 0.022187
vt 0.370697 0.020573
vt 0.371321 0.018653
vt 0.371709 0.016941
vt 0.372265 0.013431
vt 0.372478 0.011677
vt 0.372623 0.009646
vt 0.372662 0.007880
vt 0.372573 0.001646
vt 0.372573 -0.000000
vt 0.659429 -0.000000
vt 0.658590 0.001646
vt 0.657598 0.007914
vt 0.657438 0.009663
vt 0.657438 0.011682
vt 0.657598 0.013430
vt 0.658154 0.016941
vt 0.658542 0.018653
vt 0.659166 0.020573
vt 0.659858 0.022187
vt 0.661472 0.025353
vt 0.662370 0.026862
vt 0.663557 0.028495
vt 0.664714 0.029816
vt 0.667227 0.032329
vt 0.668547 0.033486
vt 0.670181 0.034672
vt 0.671689 0.035571
vt 0.674856 0.037184
vt 0.676469 0.037877
vt 0.678390 0.038500
vt 0.680102 0.038889
vt 0.686370 0.039881
vt 0.000412 0.903907
vt 0.068139 0.903893
vt 0.068281 0.914529
vt 0.000554 0.914543
vt 0.068644 0.924360
vt 0.000917 0.924374
vt 0.754386 0.839600
vt 0.686575 0.838734
vt 0.687118 0.830381
vt 0.754929 0.831246
vt 0.687525 0.820552
vt 0.755336 0.821418
vt 0.687771 0.809918
vt 0.755581 0.810784
vt 0.687836 0.799203
vt 0.755647 0.800069
vt 0.756995 0.807118
vt 0.824527 0.807169
vt 0.824371 0.817858
vt 0.756839 0.817807
vt 0.823911 0.827838
vt 0.756379 0.827786
vt 0.823179 0.836428
vt 0.755647 0.836377
vt 0.686575 0.615091
vt 0.754386 0.615956
vt 0.754836 0.622756
vt 0.687025 0.621891
vt 0.755129 0.631486
vt 0.687319 0.630621
vt 0.755248 0.641552
vt 0.687437 0.640686
vt 0.892155 0.644179
vt 0.824527 0.644228
vt 0.824666 0.633559
vt 0.892293 0.633510
vt 0.825071 0.623638
vt 0.892698 0.623588
vt 0.825716 0.615140
vt 0.893343 0.615091
vt 0.755647 0.615091
vt 0.823179 0.615142
vt 0.823911 0.623644
vt 0.756379 0.623592
vt 0.824371 0.633568
vt 0.756839 0.633516
vt 0.824527 0.644238
vt 0.756995 0.644186
vt 0.067727 0.741023
vt 0.000000 0.741037
vt 0.000088 0.730322
vt 0.067816 0.730308
vt 0.000401 0.720257
vt 0.068128 0.720243
vt 0.000917 0.711529
vt 0.068644 0.711515
vt 0.893343 0.836376
vt 0.825716 0.836425
vt 0.825071 0.827831
vt 0.892698 0.827782
vt 0.824666 0.817849
vt 0.892293 0.817799
vt 0.824528 0.807159
vt 0.892155 0.807110
vt 0.926510 0.020632
vt 0.930632 0.030584
vt 0.932038 0.041264
vt 0.841312 0.101346
vt 0.836525 0.095513
vt 0.830692 0.090726
vt 0.824037 0.087169
vt 0.816816 0.084978
vt 0.809307 0.084239
vt 0.801797 0.084978
vt 0.794576 0.087169
vt 0.787921 0.090726
vt 0.782088 0.095513
vt 0.777301 0.101346
vt 0.773744 0.108001
vt 0.771553 0.115222
vt 0.770814 0.122731
vt 0.771553 0.130241
vt 0.773744 0.137462
vt 0.777301 0.144117
vt 0.782088 0.149950
vt 0.787921 0.154737
vt 0.727839 0.245463
vt 0.717159 0.244057
vt 0.707207 0.239934
vt 0.698661 0.233377
vt 0.692104 0.224831
vt 0.687981 0.214879
vt 0.686575 0.204199
vt 0.686575 0.041264
vt 0.687981 0.030584
vt 0.692104 0.020632
vt 0.698661 0.012086
vt 0.707207 0.005528
vt 0.717159 0.001406
vt 0.727839 0.000000
vt 0.890774 0.000000
vt 0.901454 0.001406
vt 0.911406 0.005528
vt 0.919952 0.012086
vt 0.911406 0.239934
vt 0.901454 0.244057
vt 0.890774 0.245463
vt 0.842166 0.245463
vt 0.776447 0.245463
vt 0.794576 0.158294
vt 0.801797 0.160484
vt 0.809307 0.161224
vt 0.816816 0.160484
vt 0.824037 0.158294
vt 0.830692 0.154737
vt 0.836525 0.149950
vt 0.841312 0.144117
vt 0.844869 0.137462
vt 0.847060 0.130241
vt 0.847799 0.122731
vt 0.847060 0.115222
vt 0.844869 0.108001
vt 0.932038 0.204199
vt 0.930632 0.214879
vt 0.926510 0.224831
vt 0.919952 0.233377
vt 0.067798 0.768988
vt 0.039268 0.768994
vt 0.039291 0.777902
vt 0.067821 0.777897
vt 0.068046 0.867020
vt 0.039516 0.867026
vt 0.039539 0.875934
vt 0.068068 0.875928
vt 0.707207 0.375156
vt 0.717159 0.371034
vt 0.727839 0.369628
vt 0.787921 0.460354
vt 0.782088 0.465141
vt 0.777301 0.470974
vt 0.773744 0.477629
vt 0.771553 0.484850
vt 0.770814 0.492359
vt 0.771553 0.499869
vt 0.773744 0.507090
vt 0.777301 0.513745
vt 0.782088 0.519578
vt 0.787921 0.524365
vt 0.794576 0.527922
vt 0.801797 0.530113
vt 0.809307 0.530852
vt 0.816816 0.530113
vt 0.824037 0.527922
vt 0.830692 0.524365
vt 0.836525 0.519578
vt 0.841312 0.513745
vt 0.932038 0.573827
vt 0.930632 0.584507
vt 0.926509 0.594459
vt 0.919952 0.603005
vt 0.911406 0.609562
vt 0.901454 0.613685
vt 0.890774 0.615091
vt 0.727839 0.615091
vt 0.717159 0.613685
vt 0.707207 0.609562
vt 0.698661 0.603005
vt 0.692103 0.594459
vt 0.687981 0.584507
vt 0.686575 0.573827
vt 0.686575 0.545851
vt 0.708340 0.545851
vt 0.716831 0.545851
vt 0.716831 0.536939
vt 0.716831 0.447780
vt 0.716831 0.438868
vt 0.708340 0.438868
vt 0.686575 0.438868
vt 0.686575 0.410892
vt 0.687981 0.400212
vt 0.692103 0.390260
vt 0.698661 0.381714
vt 0.620403 0.869279
vt 0.598638 0.869279
vt 0.598638 0.780120
vt 0.620403 0.780120
vt 0.866158 0.501185
vt 0.844869 0.507090
vt 0.866158 0.485578
vt 0.866158 0.456206
vt 0.847060 0.499869
vt 0.847799 0.492359
vt 0.847060 0.484850
vt 0.844869 0.477629
vt 0.841312 0.470974
vt 0.836525 0.465141
vt 0.830692 0.460354
vt 0.824037 0.456797
vt 0.816816 0.454606
vt 0.809307 0.453867
vt 0.801797 0.454606
vt 0.794576 0.456797
vt 0.890774 0.369628
vt 0.901454 0.371034
vt 0.911406 0.375156
vt 0.919952 0.381714
vt 0.926509 0.390260
vt 0.930632 0.400212
vt 0.932038 0.410892
vt 0.866158 0.528513
vt 0.926117 0.492359
vt 0.645782 0.711515
vt 0.645782 0.779242
vt 0.638297 0.779320
vt 0.638297 0.711593
vt 0.631141 0.779517
vt 0.631141 0.711789
vt 0.624589 0.779824
vt 0.624589 0.712096
vt 0.624589 0.712172
vt 0.624589 0.779988
vt 0.618581 0.779696
vt 0.618581 0.711879
vt 0.611797 0.779483
vt 0.611797 0.711667
vt 0.604499 0.779360
vt 0.604499 0.711544
vt 0.596967 0.779331
vt 0.596967 0.711515
vt 0.589490 0.779397
vt 0.589490 0.711580
vt 0.582357 0.779554
vt 0.582357 0.711738
vt 0.575840 0.779799
vt 0.575840 0.711982
vt 0.570191 0.780119
vt 0.570191 0.712303
vt 0.515755 0.780931
vt 0.510928 0.780284
vt 0.510928 0.712752
vt 0.515755 0.713399
vt 0.505062 0.779754
vt 0.505062 0.712222
vt 0.498383 0.779362
vt 0.498383 0.711830
vt 0.491148 0.779124
vt 0.491148 0.711592
vt 0.483633 0.779047
vt 0.483633 0.711515
vt 0.476129 0.779135
vt 0.476129 0.711603
vt 0.468923 0.779385
vt 0.468923 0.711853
vt 0.462293 0.779787
vt 0.462293 0.712255
vt 0.456492 0.780325
vt 0.456492 0.712793
vt 0.570191 0.712643
vt 0.570191 0.780270
vt 0.564393 0.779795
vt 0.564393 0.712168
vt 0.557765 0.779441
vt 0.557765 0.711814
vt 0.550561 0.779220
vt 0.550561 0.711593
vt 0.543057 0.779142
vt 0.543057 0.711515
vt 0.535542 0.779209
vt 0.535542 0.711582
vt 0.528305 0.779419
vt 0.528305 0.711792
vt 0.521624 0.779764
vt 0.521624 0.712137
vt 0.515755 0.780230
vt 0.515755 0.712603
vt 0.673309 0.712376
vt 0.673309 0.780103
vt 0.667343 0.779724
vt 0.667343 0.711997
vt 0.660590 0.779448
vt 0.660590 0.711721
vt 0.653310 0.779285
vt 0.653310 0.711558
vt 0.814950 0.758528
vt 0.824527 0.758562
vt 0.824527 0.692845
vt 0.814950 0.692864
vt 0.328905 0.711515
vt 0.394570 0.711515
vt 0.394570 0.835680
vt 0.328905 0.835680
vt 0.941656 0.832447
vt 0.932038 0.832306
vt 0.932038 0.711507
vt 0.941656 0.711648
vt 0.842166 0.369628
vt 0.776447 0.369628
vt 0.328905 0.936121
vt 0.319312 0.936127
vt 0.319312 0.811965
vt 0.328905 0.811959
vt 0.676998 0.777198
vt 0.676998 0.711534
vt 0.686575 0.711515
vt 0.686575 0.777232
vt 0.394570 0.781531
vt 0.394570 0.711515
vt 0.456492 0.748852
vt 0.750949 0.906416
vt 0.750949 0.839696
vt 0.755647 0.839600
vt 0.755647 0.906320
vt 0.482197 0.837936
vt 0.486876 0.837940
vt 0.486876 0.910245
vt 0.482197 0.910242
vt 0.482197 0.882915
vt 0.482197 0.867308
vt 0.510531 0.780931
vt 0.515209 0.781204
vt 0.515209 0.841533
vt 0.510531 0.841260
vt 0.654845 0.789015
vt 0.646355 0.789015
vt 0.646354 0.780103
vt 0.654845 0.780103
vt 0.544319 0.852141
vt 0.544319 0.860401
vt 0.515755 0.859964
vt 0.515755 0.851704
vt 0.654845 0.878136
vt 0.683375 0.878202
vt 0.683375 0.887110
vt 0.654845 0.887044
vt 0.453958 0.852362
vt 0.425471 0.852383
vt 0.425471 0.843892
vt 0.453958 0.843871
vt 0.654845 0.780103
vt 0.683375 0.780170
vt 0.683375 0.789078
vt 0.654845 0.789012
vt 0.544319 0.881576
vt 0.515755 0.881139
vt 0.598638 0.780141
vt 0.598638 0.869299
vt 0.570191 0.869277
vt 0.570191 0.780120
vt 0.654845 0.887087
vt 0.646355 0.887087
vt 0.646355 0.878175
vt 0.654845 0.878175
vt 0.891470 0.893459
vt 0.891470 0.921946
vt 0.869705 0.921930
vt 0.869705 0.893443
vt 0.453958 0.874126
vt 0.425471 0.874147
vt 0.624589 0.780103
vt 0.624589 0.789015
vt 0.971264 0.861014
vt 0.950091 0.861337
vt 0.950091 0.832770
vt 0.971264 0.832447
vt 0.624589 0.878175
vt 0.624589 0.887087
vt 0.209261 0.886690
vt 0.209261 0.860240
vt 0.213613 0.860159
vt 0.213613 0.886610
vt 0.217529 0.859933
vt 0.217529 0.886384
vt 0.754035 0.977629
vt 0.754035 0.951141
vt 0.757131 0.951450
vt 0.757131 0.977938
vt 0.761046 0.951649
vt 0.761046 0.978137
vt 0.765397 0.951720
vt 0.765397 0.978208
vt 0.769759 0.951656
vt 0.769759 0.978144
vt 0.773704 0.951462
vt 0.773704 0.977950
vt 0.957244 0.934108
vt 0.957244 0.907580
vt 0.960450 0.907829
vt 0.960450 0.934356
vt 0.964436 0.907984
vt 0.964436 0.934511
vt 0.968810 0.908030
vt 0.968810 0.934558
vt 0.973145 0.907964
vt 0.973145 0.934491
vt 0.977017 0.907790
vt 0.977017 0.934318
vt 0.425471 0.975877
vt 0.425471 0.949315
vt 0.429228 0.949463
vt 0.429228 0.976025
vt 0.433515 0.949530
vt 0.433515 0.976092
vt 0.437913 0.949508
vt 0.437913 0.976070
vt 0.441991 0.949400
vt 0.441991 0.975962
vt 0.445350 0.949217
vt 0.445350 0.975779
vt 0.197816 0.886051
vt 0.197816 0.859600
vt 0.200956 0.859946
vt 0.200956 0.886396
vt 0.209246 0.856607
vt 0.212936 0.856539
vt 0.204900 0.860166
vt 0.204900 0.886617
vt 0.503523 0.869526
vt 0.499112 0.869526
vt 0.494917 0.868163
vt 0.491348 0.865570
vt 0.488756 0.862002
vt 0.487393 0.857807
vt 0.487393 0.853396
vt 0.488756 0.849201
vt 0.491348 0.845632
vt 0.494917 0.843040
vt 0.499112 0.841677
vt 0.503523 0.841677
vt 0.507718 0.843040
vt 0.511287 0.845632
vt 0.513879 0.849201
vt 0.515242 0.853396
vt 0.515242 0.857807
vt 0.513879 0.862002
vt 0.511286 0.865570
vt 0.507718 0.868163
vt 0.714570 0.973586
vt 0.711012 0.972430
vt 0.713248 0.968043
vt 0.715340 0.968723
vt 0.426866 0.945802
vt 0.430051 0.945928
vt 0.199541 0.856064
vt 0.202204 0.856357
vt 0.765413 0.948111
vt 0.769112 0.948056
vt 0.968749 0.904451
vt 0.972425 0.904394
vt 0.437416 0.945966
vt 0.440874 0.945874
vt 0.758404 0.947881
vt 0.761723 0.948051
vt 0.961661 0.904280
vt 0.965040 0.904412
vt 0.433687 0.945984
vt 0.205548 0.856544
vt 0.216257 0.856347
vt 0.772457 0.947892
vt 0.975709 0.904247
vt 0.443722 0.945719
vt 0.220627 0.859583
vt 0.218884 0.856049
vt 0.958942 0.904069
vt 0.447905 0.825794
vt 0.447949 0.823656
vt 0.450155 0.823667
vt 0.450111 0.825805
vt 0.707986 0.953325
vt 0.711012 0.951127
vt 0.713248 0.955514
vt 0.711468 0.956807
vt 0.728247 0.959909
vt 0.728247 0.963649
vt 0.723384 0.962878
vt 0.723384 0.960679
vt 0.718310 0.973586
vt 0.717539 0.968723
vt 0.705788 0.956351
vt 0.710175 0.958587
vt 0.727091 0.956351
vt 0.722704 0.958587
vt 0.721867 0.972430
vt 0.719631 0.968043
vt 0.704632 0.959909
vt 0.709496 0.960679
vt 0.724893 0.953325
vt 0.721411 0.956807
vt 0.724893 0.970232
vt 0.721411 0.966750
vt 0.704632 0.963649
vt 0.709496 0.962878
vt 0.721867 0.951127
vt 0.719631 0.955514
vt 0.727091 0.967206
vt 0.722704 0.964970
vt 0.705788 0.967206
vt 0.710175 0.964971
vt 0.718310 0.949971
vt 0.717539 0.954835
vt 0.707986 0.970232
vt 0.711468 0.966750
vt 0.714570 0.949971
vt 0.715340 0.954835
vt 0.064239 0.994664
vt 0.062039 0.994664
vt 0.059947 0.993984
vt 0.058167 0.992691
vt 0.056874 0.990912
vt 0.056195 0.988820
vt 0.056195 0.986620
vt 0.056874 0.984528
vt 0.058167 0.982748
vt 0.059947 0.981455
vt 0.062039 0.980776
vt 0.064239 0.980776
vt 0.066331 0.981455
vt 0.068110 0.982748
vt 0.069403 0.984528
vt 0.070083 0.986620
vt 0.070083 0.988820
vt 0.069403 0.990912
vt 0.068110 0.992691
vt 0.066330 0.993984
vt 0.468606 0.880057
vt 0.468549 0.882046
vt 0.466347 0.882069
vt 0.466403 0.880081
vt 0.686353 0.824066
vt 0.686499 0.826016
vt 0.684302 0.826053
vt 0.684157 0.824103
vt 0.447905 0.827987
vt 0.450111 0.827998
vt 0.468606 0.877876
vt 0.466403 0.877899
vt 0.456425 0.857313
vt 0.456296 0.858859
vt 0.454097 0.858895
vt 0.454226 0.857349
vt 0.447949 0.830021
vt 0.450155 0.830032
vt 0.456493 0.855359
vt 0.454293 0.855395
vt 0.448032 0.831697
vt 0.450238 0.831708
vt 0.456493 0.853189
vt 0.454293 0.853224
vt 0.686499 0.832329
vt 0.686353 0.833898
vt 0.684157 0.833935
vt 0.684302 0.832366
vt 0.468549 0.875714
vt 0.466347 0.875738
vt 0.456425 0.851014
vt 0.454226 0.851050
vt 0.686575 0.830361
vt 0.684379 0.830398
vt 0.468442 0.873785
vt 0.466240 0.873808
vt 0.456296 0.849049
vt 0.454097 0.849085
vt 0.686575 0.828185
vt 0.684379 0.828223
vt 0.448032 0.821783
vt 0.450238 0.821794
vt 0.468442 0.883646
vt 0.466240 0.883669
vt 0.610084 0.899920
vt 0.605722 0.899846
vt 0.605722 0.873395
vt 0.610084 0.873469
vt 0.601778 0.899626
vt 0.601778 0.873175
vt 0.598638 0.899280
vt 0.598638 0.872829
vt 0.465229 0.975779
vt 0.461870 0.975962
vt 0.461870 0.949400
vt 0.465229 0.949217
vt 0.457792 0.976070
vt 0.457792 0.949508
vt 0.453394 0.976092
vt 0.453394 0.949530
vt 0.449107 0.976025
vt 0.449107 0.949463
vt 0.445350 0.975877
vt 0.445350 0.949315
vt 0.394570 0.976205
vt 0.390698 0.976378
vt 0.390698 0.949851
vt 0.394570 0.949677
vt 0.386363 0.976445
vt 0.386363 0.949917
vt 0.381989 0.976398
vt 0.381989 0.949871
vt 0.378003 0.976243
vt 0.378003 0.949716
vt 0.374797 0.975995
vt 0.374797 0.949467
vt 0.366466 0.977202
vt 0.362521 0.977396
vt 0.362521 0.950908
vt 0.366466 0.950714
vt 0.358159 0.977460
vt 0.358159 0.950972
vt 0.353808 0.977389
vt 0.353808 0.950901
vt 0.349893 0.977190
vt 0.349893 0.950702
vt 0.346797 0.976881
vt 0.346797 0.950393
vt 0.606371 0.869774
vt 0.610069 0.869836
vt 0.618352 0.899613
vt 0.614435 0.899840
vt 0.614435 0.873389
vt 0.618352 0.873162
vt 0.084775 0.883899
vt 0.080364 0.883899
vt 0.076169 0.882536
vt 0.072600 0.879943
vt 0.070008 0.876375
vt 0.068644 0.872180
vt 0.068644 0.867769
vt 0.070008 0.863574
vt 0.072600 0.860005
vt 0.076169 0.857412
vt 0.080364 0.856049
vt 0.084775 0.856049
vt 0.088970 0.857412
vt 0.092538 0.860005
vt 0.095131 0.863574
vt 0.096494 0.867769
vt 0.096494 0.872180
vt 0.095131 0.876375
vt 0.092538 0.879943
vt 0.088970 0.882536
vt 0.042441 0.972040
vt 0.040206 0.967652
vt 0.041985 0.966359
vt 0.045467 0.969841
vt 0.376495 0.945956
vt 0.379214 0.946167
vt 0.617080 0.869576
vt 0.619706 0.869279
vt 0.621449 0.872812
vt 0.453566 0.945984
vt 0.457295 0.945966
vt 0.382593 0.946299
vt 0.386302 0.946338
vt 0.354485 0.947303
vt 0.358175 0.947363
vt 0.460753 0.945874
vt 0.463602 0.945719
vt 0.389979 0.946281
vt 0.393262 0.946134
vt 0.361874 0.947308
vt 0.365219 0.947144
vt 0.613759 0.869768
vt 0.603027 0.869587
vt 0.449931 0.945928
vt 0.351166 0.947133
vt 0.600364 0.869294
vt 0.446745 0.945802
vt 0.686507 0.845770
vt 0.684308 0.845805
vt 0.684179 0.843840
vt 0.686379 0.843804
vt 0.042441 0.950736
vt 0.040206 0.955123
vt 0.038114 0.954444
vt 0.038884 0.949580
vt 0.025206 0.963258
vt 0.030070 0.962488
vt 0.030750 0.964580
vt 0.026362 0.966815
vt 0.038884 0.973195
vt 0.038114 0.968332
vt 0.045467 0.952934
vt 0.041985 0.956416
vt 0.025206 0.959518
vt 0.030070 0.960288
vt 0.035144 0.973195
vt 0.035914 0.968332
vt 0.047666 0.955960
vt 0.043278 0.958196
vt 0.026362 0.955961
vt 0.030750 0.958196
vt 0.031587 0.972040
vt 0.033822 0.967652
vt 0.048821 0.959518
vt 0.043958 0.960288
vt 0.028561 0.952935
vt 0.032042 0.956416
vt 0.028561 0.969841
vt 0.032043 0.966359
vt 0.048821 0.963258
vt 0.043958 0.962488
vt 0.031587 0.950736
vt 0.033822 0.955123
vt 0.047666 0.966815
vt 0.043278 0.964580
vt 0.035144 0.949580
vt 0.035914 0.954444
vt 0.245881 0.992380
vt 0.244101 0.993673
vt 0.242009 0.994353
vt 0.239810 0.994353
vt 0.237718 0.993673
vt 0.235938 0.992380
vt 0.234645 0.990600
vt 0.233966 0.988508
vt 0.233966 0.986309
vt 0.234645 0.984217
vt 0.235938 0.982437
vt 0.237718 0.981144
vt 0.239810 0.980465
vt 0.242010 0.980465
vt 0.244101 0.981144
vt 0.245881 0.982437
vt 0.247174 0.984217
vt 0.247854 0.986309
vt 0.247854 0.988508
vt 0.247174 0.990600
vt 0.686489 0.865425
vt 0.684286 0.865449
vt 0.684179 0.863519
vt 0.686382 0.863495
vt 0.686499 0.842198
vt 0.684302 0.842235
vt 0.684379 0.840267
vt 0.686575 0.840230
vt 0.686575 0.847944
vt 0.684376 0.847980
vt 0.686545 0.867587
vt 0.684343 0.867610
vt 0.686353 0.843767
vt 0.684157 0.843804
vt 0.686575 0.850114
vt 0.684376 0.850150
vt 0.447949 0.820097
vt 0.450155 0.820107
vt 0.450238 0.821783
vt 0.448032 0.821772
vt 0.686507 0.852068
vt 0.684308 0.852104
vt 0.447905 0.818063
vt 0.450111 0.818074
vt 0.686379 0.853614
vt 0.684179 0.853650
vt 0.686545 0.869768
vt 0.684343 0.869792
vt 0.447905 0.815870
vt 0.450111 0.815880
vt 0.686499 0.835886
vt 0.684302 0.835923
vt 0.684157 0.833972
vt 0.686353 0.833935
vt 0.686489 0.871756
vt 0.684286 0.871780
vt 0.447949 0.813732
vt 0.450155 0.813743
vt 0.686575 0.838055
vt 0.684379 0.838092
vt 0.686382 0.873356
vt 0.684179 0.873380
vt 0.448032 0.811859
vt 0.450238 0.811870
vt 0.386363 0.945956
vt 0.381989 0.945910
vt 0.381989 0.919383
vt 0.386363 0.919429
vt 0.378003 0.945755
vt 0.378003 0.919228
vt 0.374797 0.945506
vt 0.374797 0.918979
vt 0.976913 0.964626
vt 0.972968 0.964820
vt 0.972968 0.938332
vt 0.976913 0.938138
vt 0.968606 0.964885
vt 0.968606 0.938397
vt 0.964255 0.964814
vt 0.964255 0.938326
vt 0.960340 0.964614
vt 0.960340 0.938126
vt 0.957244 0.964305
vt 0.957244 0.937817
vt 0.171907 0.886384
vt 0.167990 0.886610
vt 0.167990 0.860159
vt 0.171907 0.859933
vt 0.163639 0.886690
vt 0.163639 0.860240
vt 0.159277 0.886617
vt 0.159277 0.860166
vt 0.155334 0.886396
vt 0.155334 0.859946
vt 0.152193 0.886051
vt 0.152193 0.859600
vt 0.969971 0.891397
vt 0.966612 0.891581
vt 0.966612 0.865018
vt 0.969971 0.864835
vt 0.962534 0.891689
vt 0.962534 0.865126
vt 0.958136 0.891710
vt 0.958136 0.865148
vt 0.953849 0.891644
vt 0.953849 0.865082
vt 0.950092 0.891495
vt 0.950092 0.864933
vt 0.382593 0.915810
vt 0.386302 0.915850
vt 0.394570 0.945716
vt 0.390698 0.945890
vt 0.390698 0.919362
vt 0.394570 0.919189
vt 0.112624 0.856049
vt 0.116819 0.857412
vt 0.120388 0.860005
vt 0.122981 0.863574
vt 0.124344 0.867769
vt 0.124344 0.872180
vt 0.122981 0.876375
vt 0.120388 0.879943
vt 0.116820 0.882536
vt 0.112624 0.883899
vt 0.108213 0.883899
vt 0.104018 0.882536
vt 0.100450 0.879943
vt 0.097857 0.876375
vt 0.096494 0.872180
vt 0.096494 0.867769
vt 0.097857 0.863574
vt 0.100450 0.860005
vt 0.104018 0.857412
vt 0.108213 0.856049
vt 0.682173 0.956351
vt 0.686560 0.958587
vt 0.685880 0.960679
vt 0.681017 0.959909
vt 0.153919 0.856064
vt 0.156582 0.856357
vt 0.951487 0.861421
vt 0.954672 0.861546
vt 0.964933 0.934727
vt 0.968622 0.934787
vt 0.159926 0.856544
vt 0.163624 0.856607
vt 0.958308 0.861603
vt 0.962037 0.861584
vt 0.972321 0.934732
vt 0.975666 0.934568
vt 0.167314 0.856539
vt 0.170635 0.856347
vt 0.965495 0.861493
vt 0.968343 0.861337
vt 0.389979 0.915793
vt 0.393262 0.915646
vt 0.379214 0.915679
vt 0.961613 0.934558
vt 0.376495 0.915468
vt 0.173262 0.856049
vt 0.175004 0.859583
vt 0.447949 0.839945
vt 0.450155 0.839956
vt 0.450238 0.841632
vt 0.448032 0.841621
vt 0.694695 0.973586
vt 0.693924 0.968723
vt 0.696016 0.968043
vt 0.698252 0.972430
vt 0.701278 0.953325
vt 0.697796 0.956807
vt 0.696016 0.955514
vt 0.698252 0.951127
vt 0.684371 0.953325
vt 0.687853 0.956807
vt 0.690954 0.973586
vt 0.691725 0.968723
vt 0.703476 0.956351
vt 0.699089 0.958587
vt 0.687397 0.951127
vt 0.689633 0.955514
vt 0.687397 0.972430
vt 0.689633 0.968043
vt 0.704632 0.959908
vt 0.699769 0.960679
vt 0.690954 0.949971
vt 0.691725 0.954835
vt 0.684371 0.970232
vt 0.687853 0.966750
vt 0.704632 0.963649
vt 0.699769 0.962878
vt 0.694695 0.949971
vt 0.693924 0.954835
vt 0.682173 0.967206
vt 0.686560 0.964970
vt 0.703476 0.967206
vt 0.699089 0.964970
vt 0.681017 0.963649
vt 0.685880 0.962879
vt 0.701278 0.970232
vt 0.697796 0.966750
vt 0.092816 0.989003
vt 0.092137 0.991095
vt 0.090844 0.992875
vt 0.089064 0.994168
vt 0.086972 0.994847
vt 0.084772 0.994847
vt 0.082680 0.994168
vt 0.080901 0.992875
vt 0.079608 0.991095
vt 0.078928 0.989003
vt 0.078928 0.986804
vt 0.079608 0.984712
vt 0.080901 0.982932
vt 0.082680 0.981639
vt 0.084772 0.980959
vt 0.086972 0.980959
vt 0.089064 0.981639
vt 0.090844 0.982932
vt 0.092137 0.984712
vt 0.092816 0.986804
vt 0.456416 0.841130
vt 0.454220 0.841168
vt 0.454074 0.839217
vt 0.456270 0.839180
vt 0.624288 0.873636
vt 0.622086 0.873660
vt 0.622142 0.871672
vt 0.624344 0.871648
vt 0.447905 0.837912
vt 0.450111 0.837923
vt 0.456493 0.843300
vt 0.454296 0.843337
vt 0.624181 0.875236
vt 0.621979 0.875260
vt 0.447905 0.835718
vt 0.450111 0.835729
vt 0.456425 0.860860
vt 0.454226 0.860896
vt 0.454097 0.858930
vt 0.456296 0.858895
vt 0.447949 0.833581
vt 0.450155 0.833591
vt 0.456493 0.863034
vt 0.454293 0.863070
vt 0.448032 0.831707
vt 0.450238 0.831718
vt 0.456493 0.845475
vt 0.454296 0.845512
vt 0.456493 0.865204
vt 0.454293 0.865240
vt 0.624288 0.867305
vt 0.622086 0.867329
vt 0.621979 0.865399
vt 0.624181 0.865375
vt 0.456416 0.847443
vt 0.454220 0.847480
vt 0.456425 0.867158
vt 0.454226 0.867194
vt 0.624344 0.869467
vt 0.622142 0.869490
vt 0.456270 0.849012
vt 0.454074 0.849049
vt 0.456296 0.868704
vt 0.454097 0.868740
vt 0.415165 0.976445
vt 0.415165 0.949917
vt 0.419500 0.949851
vt 0.419500 0.976378
vt 0.423372 0.949677
vt 0.423372 0.976205
vt 0.465521 0.975514
vt 0.465521 0.948952
vt 0.469278 0.949100
vt 0.469278 0.975662
vt 0.473565 0.949167
vt 0.473565 0.975729
vt 0.477963 0.949145
vt 0.477963 0.975707
vt 0.482041 0.949037
vt 0.482041 0.975599
vt 0.485400 0.948854
vt 0.485400 0.975416
vt 0.175004 0.886051
vt 0.175004 0.859600
vt 0.178145 0.859946
vt 0.178145 0.886396
vt 0.182089 0.860166
vt 0.182089 0.886617
vt 0.186450 0.860240
vt 0.186450 0.886690
vt 0.190802 0.860159
vt 0.190802 0.886610
vt 0.194718 0.859933
vt 0.194718 0.886384
vt 0.000000 0.979328
vt 0.000000 0.952839
vt 0.003096 0.953148
vt 0.003096 0.979636
vt 0.007011 0.953348
vt 0.007011 0.979836
vt 0.011362 0.953419
vt 0.011362 0.979907
vt 0.015724 0.953355
vt 0.015724 0.979843
vt 0.019669 0.953161
vt 0.019669 0.979649
vt 0.403599 0.975995
vt 0.403599 0.949467
vt 0.406805 0.949716
vt 0.406805 0.976243
vt 0.415104 0.946338
vt 0.418780 0.946281
vt 0.410790 0.949871
vt 0.410790 0.976398
vt 0.136063 0.856049
vt 0.140474 0.856049
vt 0.144669 0.857413
vt 0.148238 0.860005
vt 0.150830 0.863574
vt 0.152193 0.867769
vt 0.152193 0.872180
vt 0.150830 0.876375
vt 0.148237 0.879943
vt 0.144669 0.882536
vt 0.140474 0.883899
vt 0.136063 0.883899
vt 0.131868 0.882536
vt 0.128299 0.879943
vt 0.125707 0.876375
vt 0.124344 0.872180
vt 0.124344 0.867769
vt 0.125707 0.863574
vt 0.128299 0.860005
vt 0.131868 0.857412
vt 0.964115 0.814616
vt 0.965271 0.818173
vt 0.960408 0.818944
vt 0.959728 0.816852
vt 0.197815 0.859583
vt 0.193446 0.856346
vt 0.196073 0.856049
vt 0.405297 0.945956
vt 0.408015 0.946167
vt 0.477466 0.945603
vt 0.480924 0.945512
vt 0.186435 0.856607
vt 0.190125 0.856538
vt 0.011378 0.949810
vt 0.015077 0.949755
vt 0.470102 0.945565
vt 0.473737 0.945622
vt 0.179393 0.856357
vt 0.182737 0.856544
vt 0.004369 0.949580
vt 0.007688 0.949750
vt 0.411395 0.946298
vt 0.422063 0.946134
vt 0.483773 0.945356
vt 0.018422 0.949591
vt 0.466916 0.945439
vt 0.176730 0.856064
vt 0.686575 0.859960
vt 0.686507 0.861913
vt 0.684308 0.861949
vt 0.684376 0.859995
vt 0.951594 0.831851
vt 0.948036 0.830695
vt 0.950272 0.826308
vt 0.952364 0.826988
vt 0.945010 0.811590
vt 0.948036 0.809392
vt 0.950272 0.813779
vt 0.948492 0.815072
vt 0.961917 0.811590
vt 0.958435 0.815072
vt 0.955334 0.831851
vt 0.954564 0.826988
vt 0.942812 0.814616
vt 0.947199 0.816852
vt 0.958891 0.809392
vt 0.956655 0.813779
vt 0.958891 0.830695
vt 0.956656 0.826308
vt 0.941656 0.818174
vt 0.946520 0.818944
vt 0.955334 0.808236
vt 0.954563 0.813100
vt 0.961917 0.828497
vt 0.958435 0.825015
vt 0.941656 0.821914
vt 0.946520 0.821144
vt 0.951593 0.808236
vt 0.952364 0.813100
vt 0.964116 0.825471
vt 0.959728 0.823235
vt 0.942812 0.825471
vt 0.947199 0.823236
vt 0.965271 0.821914
vt 0.960408 0.821143
vt 0.945010 0.828497
vt 0.948492 0.825015
vt 0.255897 0.980465
vt 0.257989 0.981144
vt 0.259769 0.982437
vt 0.261062 0.984217
vt 0.261742 0.986309
vt 0.261742 0.988508
vt 0.261062 0.990600
vt 0.259769 0.992380
vt 0.257990 0.993673
vt 0.255898 0.994353
vt 0.253698 0.994353
vt 0.251606 0.993673
vt 0.249826 0.992380
vt 0.248533 0.990601
vt 0.247854 0.988509
vt 0.247854 0.986309
vt 0.248533 0.984217
vt 0.249826 0.982437
vt 0.251606 0.981144
vt 0.253698 0.980465
vt 0.686575 0.820491
vt 0.686498 0.822460
vt 0.684302 0.822497
vt 0.684379 0.820528
vt 0.686382 0.873380
vt 0.686489 0.875310
vt 0.684286 0.875333
vt 0.684179 0.873403
vt 0.686575 0.857789
vt 0.684376 0.857825
vt 0.686575 0.818316
vt 0.684379 0.818353
vt 0.622055 0.877133
vt 0.622139 0.875260
vt 0.624344 0.875271
vt 0.624261 0.877144
vt 0.686507 0.855615
vt 0.684308 0.855651
vt 0.622012 0.879271
vt 0.624217 0.879282
vt 0.686379 0.853650
vt 0.684179 0.853686
vt 0.622012 0.881464
vt 0.624217 0.881475
vt 0.686489 0.881641
vt 0.686382 0.883241
vt 0.684179 0.883264
vt 0.684286 0.881664
vt 0.686498 0.816147
vt 0.684302 0.816184
vt 0.622055 0.883498
vt 0.624261 0.883509
vt 0.686545 0.879653
vt 0.684343 0.879676
vt 0.686353 0.814196
vt 0.684156 0.814233
vt 0.622139 0.885173
vt 0.624344 0.885184
vt 0.686545 0.877471
vt 0.684343 0.877494
vt 0.686379 0.863460
vt 0.684179 0.863495
vt 0.686353 0.824028
vt 0.684156 0.824065
vt 0.392714 0.979807
vt 0.392714 0.976712
vt 0.410229 0.976445
vt 0.410229 0.979539
vt 0.331986 0.841840
vt 0.328905 0.841837
vt 0.328905 0.835680
vt 0.331986 0.835683
vt 0.389629 0.976447
vt 0.392714 0.976445
vt 0.392714 0.994449
vt 0.389629 0.994451
vt 0.303357 0.818121
vt 0.300267 0.818113
vt 0.300267 0.811959
vt 0.303357 0.811966
vt 0.282262 0.873530
vt 0.282262 0.879688
vt 0.264258 0.879688
vt 0.264258 0.873530
vt 0.300267 0.873530
vt 0.300267 0.879688
vt 0.282262 0.873530
vt 0.300267 0.811958
vt 0.300267 0.818116
vt 0.282262 0.818116
vt 0.282262 0.811958
vt 0.300267 0.824273
vt 0.282262 0.824273
vt 0.300267 0.830430
vt 0.282262 0.830430
vt 0.300267 0.836587
vt 0.282262 0.836587
vt 0.300267 0.842745
vt 0.282262 0.842745
vt 0.300267 0.848902
vt 0.282262 0.848902
vt 0.300267 0.855059
vt 0.282262 0.855059
vt 0.300267 0.861216
vt 0.282262 0.861216
vt 0.300267 0.867373
vt 0.282262 0.867373
vt 0.282262 0.818116
vt 0.264258 0.818116
vt 0.264258 0.811958
vt 0.282262 0.824273
vt 0.264258 0.824273
vt 0.282262 0.830430
vt 0.264258 0.830430
vt 0.282262 0.836587
vt 0.264258 0.836587
vt 0.282262 0.842744
vt 0.264258 0.842744
vt 0.282262 0.848902
vt 0.264258 0.848902
vt 0.282262 0.855059
vt 0.264258 0.855059
vt 0.282262 0.861216
vt 0.264258 0.861216
vt 0.282262 0.867373
vt 0.264258 0.867373
vt 0.303357 0.879668
vt 0.300267 0.879661
vt 0.300267 0.873506
vt 0.303357 0.873513
vt 0.300267 0.867351
vt 0.303357 0.867358
vt 0.300267 0.861197
vt 0.303357 0.861204
vt 0.300267 0.855042
vt 0.303357 0.855049
vt 0.300267 0.848887
vt 0.303357 0.848894
vt 0.300267 0.842732
vt 0.303357 0.842739
vt 0.300267 0.836578
vt 0.303357 0.836585
vt 0.300267 0.830423
vt 0.303357 0.830430
vt 0.300267 0.824268
vt 0.303357 0.824275
vt 0.331986 0.903410
vt 0.328905 0.903408
vt 0.328905 0.897251
vt 0.331986 0.897253
vt 0.328905 0.891094
vt 0.331986 0.891096
vt 0.328905 0.884937
vt 0.331986 0.884939
vt 0.328905 0.878780
vt 0.331986 0.878782
vt 0.328905 0.872622
vt 0.331986 0.872625
vt 0.328905 0.866465
vt 0.331986 0.866468
vt 0.328905 0.860308
vt 0.331986 0.860311
vt 0.328905 0.854151
vt 0.331986 0.854154
vt 0.328905 0.847994
vt 0.331986 0.847997
vt 0.346797 0.848008
vt 0.337950 0.848001
vt 0.337950 0.841844
vt 0.346797 0.841851
vt 0.925454 0.834733
vt 0.931611 0.834733
vt 0.931611 0.845487
vt 0.925454 0.845487
vt 0.346797 0.854165
vt 0.337950 0.854158
vt 0.346797 0.860322
vt 0.337950 0.860315
vt 0.346739 0.982441
vt 0.340751 0.982350
vt 0.340751 0.971888
vt 0.346739 0.971979
vt 0.346797 0.866479
vt 0.337950 0.866472
vt 0.346797 0.872636
vt 0.337950 0.872629
vt 0.925454 0.845487
vt 0.931611 0.845487
vt 0.931611 0.856241
vt 0.925454 0.856241
vt 0.346797 0.878793
vt 0.337950 0.878786
vt 0.346797 0.884950
vt 0.337950 0.884943
vt 0.318950 0.961948
vt 0.312962 0.961856
vt 0.312962 0.951394
vt 0.318950 0.951486
vt 0.346797 0.891107
vt 0.337950 0.891101
vt 0.346797 0.897264
vt 0.337950 0.897258
vt 0.346740 0.971888
vt 0.340751 0.971796
vt 0.340751 0.961334
vt 0.346740 0.961425
vt 0.346797 0.903421
vt 0.337950 0.903415
vt 0.318210 0.824310
vt 0.309338 0.824289
vt 0.309338 0.818134
vt 0.318210 0.818155
vt 0.318210 0.830465
vt 0.309338 0.830444
vt 0.318210 0.836619
vt 0.309338 0.836599
vt 0.318210 0.842774
vt 0.309338 0.842753
vt 0.318210 0.848929
vt 0.309338 0.848908
vt 0.318210 0.855083
vt 0.309338 0.855063
vt 0.318210 0.861238
vt 0.309338 0.861218
vt 0.318210 0.867393
vt 0.309338 0.867372
vt 0.318210 0.873548
vt 0.309338 0.873527
vt 0.318210 0.879702
vt 0.309338 0.879682
vt 0.309338 0.811980
vt 0.318210 0.812000
vt 0.374797 0.976458
vt 0.383656 0.976451
vt 0.383656 0.994455
vt 0.374797 0.994462
vt 0.337950 0.835687
vt 0.346797 0.835694
vt 0.392714 0.994680
vt 0.392714 0.985796
vt 0.410229 0.985528
vt 0.410229 0.994412
vt 0.233966 0.961272
vt 0.228002 0.961268
vt 0.228002 0.955111
vt 0.233966 0.955115
vt 0.226853 0.884650
vt 0.220889 0.884646
vt 0.220889 0.878488
vt 0.226853 0.878493
vt 0.382135 0.913277
vt 0.376171 0.913273
vt 0.376171 0.907116
vt 0.382135 0.907120
vt 0.394063 0.913277
vt 0.388099 0.913273
vt 0.388099 0.907116
vt 0.394063 0.907120
vt 0.388099 0.913277
vt 0.382135 0.913273
vt 0.382135 0.907116
vt 0.388099 0.907120
vt 0.812277 0.920150
vt 0.818435 0.920150
vt 0.818435 0.930904
vt 0.812277 0.930904
vt 0.686024 0.937312
vt 0.680051 0.937317
vt 0.680051 0.926563
vt 0.686024 0.926559
vt 0.925454 0.856240
vt 0.931611 0.856240
vt 0.931611 0.866994
vt 0.925454 0.866994
vt 0.686024 0.948070
vt 0.680051 0.948074
vt 0.680051 0.937321
vt 0.686024 0.937316
vt 0.851655 0.940098
vt 0.845683 0.940103
vt 0.845683 0.929349
vt 0.851655 0.929345
vt 0.683284 0.984140
vt 0.677296 0.984048
vt 0.677296 0.973586
vt 0.683284 0.973678
vt 0.925454 0.866994
vt 0.931611 0.866994
vt 0.931611 0.877748
vt 0.925454 0.877748
vt 0.318950 0.972502
vt 0.312962 0.972410
vt 0.312962 0.961948
vt 0.318950 0.962039
vt 0.925454 0.877748
vt 0.931611 0.877748
vt 0.931611 0.888502
vt 0.925454 0.888502
vt 0.925454 0.888502
vt 0.931611 0.888502
vt 0.931611 0.899256
vt 0.925454 0.899256
vt 0.925454 0.899256
vt 0.931611 0.899256
vt 0.931611 0.910010
vt 0.925454 0.910010
vt 0.925454 0.910010
vt 0.931611 0.910010
vt 0.931611 0.920763
vt 0.925454 0.920763
vt 0.818435 0.941657
vt 0.812462 0.941662
vt 0.812462 0.930908
vt 0.925454 0.920763
vt 0.931611 0.931517
vt 0.925454 0.931517
vt 0.931611 0.942271
vt 0.925638 0.942275
vt 0.925638 0.931522
vt 0.931611 0.931517
vt 0.063810 0.942041
vt 0.050729 0.941841
vt 0.050729 0.924374
vt 0.063810 0.924574
vt 0.259443 0.828165
vt 0.246415 0.828155
vt 0.246415 0.811959
vt 0.259443 0.811969
vt 0.333726 0.903431
vt 0.346772 0.903421
vt 0.346772 0.921375
vt 0.333726 0.921385
vt 0.389236 0.851901
vt 0.376171 0.851870
vt 0.376171 0.835680
vt 0.389236 0.835711
vt 0.543535 0.835507
vt 0.543535 0.851704
vt 0.525581 0.851704
vt 0.525581 0.835507
vt 0.452556 0.893877
vt 0.452556 0.887662
vt 0.456492 0.887671
vt 0.456492 0.893887
vt 0.451836 0.781531
vt 0.451836 0.796871
vt 0.447905 0.796874
vt 0.447905 0.781534
vt 0.228461 0.867195
vt 0.228461 0.828155
vt 0.246415 0.828155
vt 0.246415 0.867195
vt 0.543535 0.780270
vt 0.543535 0.796467
vt 0.525581 0.796467
vt 0.525581 0.780270
vt 0.389236 0.907116
vt 0.376171 0.907085
vt 0.376171 0.890895
vt 0.389236 0.890925
vt 0.259443 0.883401
vt 0.246415 0.883391
vt 0.246415 0.867194
vt 0.259443 0.867204
vt 0.245108 0.814942
vt 0.229768 0.814942
vt 0.228461 0.811958
vt 0.246415 0.811958
vt 0.229768 0.874190
vt 0.229768 0.880409
vt 0.228461 0.883392
vt 0.245108 0.880409
vt 0.246415 0.883392
vt 0.245108 0.821160
vt 0.229768 0.821160
vt 0.245108 0.874190
vt 0.686270 0.902451
vt 0.680051 0.902451
vt 0.680051 0.887110
vt 0.686270 0.887110
vt 0.818435 0.908293
vt 0.812216 0.908293
vt 0.812216 0.892953
vt 0.818435 0.892953
vt 0.620403 0.810387
vt 0.620403 0.795462
vt 0.624344 0.795523
vt 0.624344 0.810447
vt 0.624334 0.780119
vt 0.624334 0.795459
vt 0.620403 0.795462
vt 0.620403 0.780122
vt 0.447905 0.811798
vt 0.447905 0.796874
vt 0.451846 0.796934
vt 0.451846 0.811859
vt 0.452567 0.900105
vt 0.452567 0.893887
vt 0.456492 0.893890
vt 0.456492 0.900108
vt 0.452567 0.906326
vt 0.452567 0.900108
vt 0.456492 0.900111
vt 0.456492 0.906329
vt 0.452556 0.887653
vt 0.452556 0.881437
vt 0.456492 0.881446
vt 0.456492 0.887662
vt 0.264258 0.867208
vt 0.264258 0.828169
vt 0.264258 0.883404
vt 0.515755 0.796467
vt 0.515755 0.780270
vt 0.068644 0.942115
vt 0.068644 0.951675
vt 0.063810 0.951601
vt 0.566732 0.842613
vt 0.566732 0.858810
vt 0.556906 0.858810
vt 0.556906 0.842613
vt 0.328905 0.903434
vt 0.328905 0.921388
vt 0.264258 0.811972
vt 0.068644 0.924648
vt 0.394065 0.890906
vt 0.389236 0.890895
vt 0.389236 0.851870
vt 0.394065 0.851882
vt 0.394065 0.907097
vt 0.389236 0.907085
vt 0.389236 0.835680
vt 0.394065 0.835691
vt 0.515755 0.851704
vt 0.515755 0.835507
vt 0.566732 0.897850
vt 0.566732 0.914047
vt 0.556906 0.914047
vt 0.556906 0.897850
vt 0.333726 0.931210
vt 0.328905 0.931214
vt 0.603886 0.975687
vt 0.600882 0.975628
vt 0.600882 0.950507
vt 0.603886 0.950565
vt 0.598638 0.975454
vt 0.598638 0.950333
vt 0.992672 0.857761
vt 0.989684 0.857838
vt 0.989684 0.832753
vt 0.992672 0.832677
vt 0.982653 0.612532
vt 0.985630 0.612441
vt 0.985630 0.637490
vt 0.982653 0.637581
vt 0.971264 0.832447
vt 0.973431 0.832663
vt 0.973431 0.857747
vt 0.971264 0.857531
vt 0.976407 0.832744
vt 0.976407 0.857828
vt 0.995649 0.904163
vt 0.998365 0.904069
vt 0.998365 0.929224
vt 0.995649 0.929318
vt 0.964190 0.612214
vt 0.966388 0.612456
vt 0.966388 0.637505
vt 0.964190 0.637263
vt 0.969376 0.612543
vt 0.969376 0.637592
vt 0.617158 0.950534
vt 0.620117 0.950462
vt 0.620117 0.975583
vt 0.617158 0.975656
vt 0.977017 0.904252
vt 0.979647 0.904355
vt 0.979647 0.929510
vt 0.977017 0.929406
vt 0.982733 0.904361
vt 0.982733 0.929515
vt 0.951280 0.929276
vt 0.938002 0.929276
vt 0.935020 0.928477
vt 0.932837 0.926293
vt 0.932038 0.923311
vt 0.932038 0.910034
vt 0.932837 0.907052
vt 0.935020 0.904868
vt 0.938002 0.904069
vt 0.951280 0.904069
vt 0.954262 0.904868
vt 0.956445 0.907052
vt 0.957244 0.910034
vt 0.957244 0.923311
vt 0.956445 0.926293
vt 0.954262 0.928477
vt 0.171435 0.937103
vt 0.158158 0.937103
vt 0.155176 0.936304
vt 0.152992 0.934121
vt 0.152193 0.931139
vt 0.152193 0.917861
vt 0.152992 0.914879
vt 0.155176 0.912696
vt 0.158158 0.911897
vt 0.171435 0.911897
vt 0.174417 0.912696
vt 0.176601 0.914879
vt 0.177400 0.917861
vt 0.177400 0.931139
vt 0.176601 0.934121
vt 0.174417 0.936304
vt 0.784784 0.886276
vt 0.775756 0.886269
vt 0.776261 0.883693
vt 0.784286 0.883699
vt 0.282315 0.889684
vt 0.273286 0.889691
vt 0.273784 0.887111
vt 0.281810 0.887105
vt 0.096494 0.893693
vt 0.087711 0.893827
vt 0.088083 0.891254
vt 0.095890 0.891135
vt 0.496418 0.879431
vt 0.487393 0.879452
vt 0.487880 0.876879
vt 0.495902 0.876860
vt 0.947053 0.988865
vt 0.947053 0.979836
vt 0.956082 0.979836
vt 0.956082 0.988865
vt 0.777765 0.879881
vt 0.782805 0.879884
vt 0.496418 0.941128
vt 0.487393 0.941149
vt 0.096494 0.955471
vt 0.087711 0.955605
vt 0.282315 0.951203
vt 0.273286 0.951210
vt 0.784784 0.947881
vt 0.775756 0.947875
vt 0.089189 0.887462
vt 0.090557 0.883919
vt 0.091868 0.883899
vt 0.094092 0.887387
vt 0.489330 0.873081
vt 0.494368 0.873069
vt 0.275267 0.883282
vt 0.280307 0.883278
vt 0.675574 0.729225
vt 0.675574 0.727877
vt 0.676922 0.727877
vt 0.676922 0.729225
vt 0.779625 0.876310
vt 0.780973 0.876311
vt 0.491123 0.869529
vt 0.492470 0.869526
vt 0.277100 0.879689
vt 0.278448 0.879688
vt 0.969438 0.409239
vt 0.966435 0.409181
vt 0.966435 0.384059
vt 0.969438 0.384118
vt 0.964190 0.409007
vt 0.964190 0.383885
vt 0.994381 0.025315
vt 0.991393 0.025391
vt 0.991393 0.000307
vt 0.994381 0.000230
vt 0.982653 0.561777
vt 0.985630 0.561686
vt 0.985630 0.586734
vt 0.982653 0.586826
vt 0.972973 -0.000000
vt 0.975140 0.000216
vt 0.975140 0.025300
vt 0.972973 0.025084
vt 0.978116 0.000297
vt 0.978116 0.025381
vt 0.991605 0.194344
vt 0.994321 0.194250
vt 0.994321 0.219404
vt 0.991605 0.219498
vt 0.964190 0.561458
vt 0.966388 0.561700
vt 0.966388 0.586749
vt 0.964190 0.586507
vt 0.969376 0.561787
vt 0.969376 0.586836
vt 0.982710 0.384087
vt 0.985669 0.384015
vt 0.985669 0.409136
vt 0.982710 0.409209
vt 0.972973 0.194432
vt 0.975603 0.194536
vt 0.975603 0.219690
vt 0.972973 0.219586
vt 0.978689 0.194541
vt 0.978689 0.219696
vt 0.105523 0.953554
vt 0.105523 0.940276
vt 0.106322 0.937294
vt 0.108505 0.935111
vt 0.111487 0.934312
vt 0.124764 0.934312
vt 0.127747 0.935111
vt 0.129930 0.937294
vt 0.130729 0.940276
vt 0.130729 0.953554
vt 0.129930 0.956536
vt 0.127747 0.958719
vt 0.124764 0.959518
vt 0.111487 0.959518
vt 0.108505 0.958719
vt 0.106322 0.956536
vt 0.319312 0.955369
vt 0.319312 0.942092
vt 0.320111 0.939110
vt 0.322294 0.936926
vt 0.325276 0.936127
vt 0.338553 0.936127
vt 0.341536 0.936926
vt 0.343719 0.939110
vt 0.344518 0.942092
vt 0.344518 0.955369
vt 0.343719 0.958352
vt 0.341536 0.960535
vt 0.338553 0.961334
vt 0.325276 0.961334
vt 0.322294 0.960535
vt 0.320111 0.958352
vt 0.452556 0.884113
vt 0.443528 0.884107
vt 0.444033 0.881530
vt 0.452058 0.881536
vt 0.318324 0.889699
vt 0.309295 0.889706
vt 0.309793 0.887126
vt 0.317819 0.887120
vt 0.959467 0.721117
vt 0.950685 0.721252
vt 0.951056 0.718679
vt 0.958863 0.718559
vt 0.505443 0.879431
vt 0.496418 0.879452
vt 0.496905 0.876879
vt 0.504928 0.876860
vt 0.991031 0.355955
vt 0.982002 0.355955
vt 0.982002 0.346926
vt 0.991031 0.346926
vt 0.445537 0.877718
vt 0.450577 0.877722
vt 0.505443 0.941128
vt 0.496418 0.941149
vt 0.959467 0.782895
vt 0.950685 0.783030
vt 0.318324 0.951218
vt 0.309295 0.951225
vt 0.452556 0.945719
vt 0.443528 0.945712
vt 0.952162 0.714886
vt 0.953530 0.711343
vt 0.954842 0.711323
vt 0.957065 0.714811
vt 0.498355 0.873081
vt 0.503393 0.873069
vt 0.311276 0.883297
vt 0.316316 0.883293
vt 0.675574 0.730573
vt 0.676922 0.730573
vt 0.447396 0.874147
vt 0.448744 0.874148
vt 0.500148 0.869529
vt 0.501495 0.869526
vt 0.313109 0.879703
vt 0.314457 0.879702
vt 0.110770 0.984872
vt 0.107767 0.984814
vt 0.107767 0.959692
vt 0.110770 0.959751
vt 0.105523 0.984640
vt 0.105523 0.959518
vt 0.978652 0.990199
vt 0.975664 0.990276
vt 0.975664 0.965191
vt 0.978652 0.965115
vt 0.646819 0.963024
vt 0.649796 0.962933
vt 0.649796 0.987982
vt 0.646819 0.988073
vt 0.957244 0.964885
vt 0.959411 0.965101
vt 0.959411 0.990185
vt 0.957244 0.989969
vt 0.962387 0.965182
vt 0.962387 0.990266
vt 0.991605 0.219790
vt 0.994321 0.219696
vt 0.994321 0.244850
vt 0.991605 0.244944
vt 0.628356 0.962706
vt 0.630554 0.962948
vt 0.630554 0.987997
vt 0.628356 0.987755
vt 0.633542 0.963035
vt 0.633542 0.988084
vt 0.124042 0.959720
vt 0.127001 0.959647
vt 0.127001 0.984769
vt 0.124042 0.984841
vt 0.972973 0.219878
vt 0.975603 0.219982
vt 0.975603 0.245136
vt 0.972973 0.245032
vt 0.978689 0.219987
vt 0.978689 0.245142
vt 0.654845 0.956765
vt 0.654845 0.943488
vt 0.655644 0.940505
vt 0.657827 0.938322
vt 0.660810 0.937523
vt 0.674087 0.937523
vt 0.677069 0.938322
vt 0.679252 0.940505
vt 0.680051 0.943488
vt 0.680051 0.956765
vt 0.679252 0.959747
vt 0.677069 0.961930
vt 0.674087 0.962729
vt 0.660810 0.962729
vt 0.657827 0.961930
vt 0.655644 0.959747
vt 0.554009 0.960163
vt 0.554009 0.946886
vt 0.554808 0.943904
vt 0.556992 0.941720
vt 0.559974 0.940921
vt 0.573251 0.940921
vt 0.576234 0.941720
vt 0.578417 0.943904
vt 0.579216 0.946886
vt 0.579216 0.960163
vt 0.578417 0.963145
vt 0.576234 0.965329
vt 0.573251 0.966128
vt 0.559974 0.966128
vt 0.556992 0.965329
vt 0.554808 0.963145
vt 0.434499 0.884113
vt 0.425471 0.884107
vt 0.425976 0.881530
vt 0.434001 0.881536
vt 0.255444 0.893401
vt 0.246415 0.893408
vt 0.246913 0.890828
vt 0.254939 0.890822
vt 0.972973 0.224913
vt 0.964190 0.225047
vt 0.964562 0.222474
vt 0.972369 0.222355
vt 0.869705 0.882655
vt 0.860680 0.882676
vt 0.861167 0.880103
vt 0.869190 0.880084
vt 0.331722 0.995740
vt 0.331722 0.986712
vt 0.340751 0.986712
vt 0.340751 0.995740
vt 0.427479 0.877718
vt 0.432520 0.877722
vt 0.869705 0.944352
vt 0.860680 0.944373
vt 0.972973 0.286691
vt 0.964190 0.286825
vt 0.255444 0.954920
vt 0.246415 0.954927
vt 0.434499 0.945719
vt 0.425471 0.945712
vt 0.965668 0.218682
vt 0.967036 0.215139
vt 0.968347 0.215119
vt 0.970571 0.218607
vt 0.862617 0.876305
vt 0.867656 0.876293
vt 0.248396 0.886999
vt 0.253436 0.886995
vt 0.675574 0.730573
vt 0.676922 0.730573
vt 0.676922 0.731921
vt 0.675574 0.731921
vt 0.429339 0.874147
vt 0.430687 0.874148
vt 0.864410 0.872753
vt 0.865758 0.872750
vt 0.250229 0.883405
vt 0.251577 0.883404
vt 0.937285 0.979836
vt 0.934282 0.979778
vt 0.934282 0.954656
vt 0.937285 0.954715
vt 0.932038 0.979604
vt 0.932038 0.954482
vt 0.806192 0.992222
vt 0.803204 0.992299
vt 0.803204 0.967215
vt 0.806192 0.967138
vt 0.982653 0.637910
vt 0.985630 0.637819
vt 0.985630 0.662868
vt 0.982653 0.662959
vt 0.784784 0.966908
vt 0.786951 0.967124
vt 0.786951 0.992208
vt 0.784784 0.991992
vt 0.789927 0.967205
vt 0.789927 0.992289
vt 0.043838 0.973290
vt 0.046554 0.973195
vt 0.046554 0.998350
vt 0.043838 0.998444
vt 0.964190 0.637592
vt 0.966388 0.637833
vt 0.966388 0.662882
vt 0.964190 0.662641
vt 0.969376 0.637920
vt 0.969376 0.662969
vt 0.950558 0.954684
vt 0.953516 0.954611
vt 0.953516 0.979733
vt 0.950558 0.979805
vt 0.025206 0.973378
vt 0.027836 0.973481
vt 0.027836 0.998636
vt 0.025206 0.998532
vt 0.030922 0.973487
vt 0.030922 0.998641
vt 0.630554 0.912293
vt 0.643831 0.912293
vt 0.646813 0.913092
vt 0.648997 0.915275
vt 0.649796 0.918258
vt 0.649796 0.931535
vt 0.648997 0.934517
vt 0.646813 0.936700
vt 0.643831 0.937499
vt 0.630554 0.937499
vt 0.627572 0.936700
vt 0.625388 0.934517
vt 0.624589 0.931535
vt 0.624589 0.918258
vt 0.625388 0.915275
vt 0.627572 0.913092
vt 0.660810 0.912317
vt 0.674087 0.912317
vt 0.677069 0.913116
vt 0.679252 0.915299
vt 0.680051 0.918281
vt 0.680051 0.931558
vt 0.679252 0.934541
vt 0.677069 0.936724
vt 0.674087 0.937523
vt 0.657827 0.936724
vt 0.655644 0.934541
vt 0.654845 0.931558
vt 0.654845 0.918281
vt 0.655644 0.915299
vt 0.657827 0.913116
vt 0.364854 0.885528
vt 0.355826 0.885521
vt 0.356331 0.882945
vt 0.364356 0.882951
vt 0.077673 0.893896
vt 0.068644 0.893903
vt 0.069143 0.891323
vt 0.077168 0.891316
vt 0.264227 0.893198
vt 0.255444 0.893333
vt 0.255815 0.890759
vt 0.263623 0.890640
vt 0.845510 0.882655
vt 0.836485 0.882676
vt 0.836972 0.880103
vt 0.844994 0.880084
vt 0.987476 0.771134
vt 0.987476 0.762105
vt 0.996505 0.762105
vt 0.996505 0.771134
vt 0.357834 0.879133
vt 0.362875 0.879136
vt 0.845510 0.944352
vt 0.836485 0.944373
vt 0.264227 0.954976
vt 0.255444 0.955111
vt 0.077673 0.955415
vt 0.068644 0.955422
vt 0.364854 0.947133
vt 0.355826 0.947127
vt 0.256922 0.886967
vt 0.258290 0.883424
vt 0.259601 0.883404
vt 0.261825 0.886892
vt 0.838422 0.876305
vt 0.843460 0.876293
vt 0.070625 0.887493
vt 0.075665 0.887489
vt 0.675574 0.738661
vt 0.675574 0.737313
vt 0.676922 0.737313
vt 0.676922 0.738661
vt 0.359694 0.875562
vt 0.361042 0.875563
vt 0.840215 0.872753
vt 0.841562 0.872750
vt 0.072458 0.883900
vt 0.073806 0.883899
vt 0.132249 0.984872
vt 0.129245 0.984814
vt 0.129245 0.959692
vt 0.132249 0.959751
vt 0.127001 0.984640
vt 0.127001 0.959518
vt 0.994381 0.076096
vt 0.991393 0.076173
vt 0.991393 0.051089
vt 0.994381 0.051012
vt 0.982653 0.536399
vt 0.985630 0.536308
vt 0.985630 0.561357
vt 0.982653 0.561448
vt 0.972973 0.050782
vt 0.975140 0.050998
vt 0.975140 0.076082
vt 0.972973 0.075866
vt 0.978116 0.051079
vt 0.978116 0.076163
vt 0.995545 0.934652
vt 0.998261 0.934558
vt 0.998261 0.959712
vt 0.995545 0.959806
vt 0.964190 0.536081
vt 0.966388 0.536322
vt 0.966388 0.561371
vt 0.964190 0.561130
vt 0.969376 0.536409
vt 0.969376 0.561458
vt 0.145521 0.959720
vt 0.148479 0.959647
vt 0.148479 0.984769
vt 0.145521 0.984841
vt 0.976913 0.934740
vt 0.979543 0.934844
vt 0.979543 0.959998
vt 0.976913 0.959894
vt 0.982629 0.934849
vt 0.982629 0.960004
vt 0.105523 0.903141
vt 0.105523 0.889864
vt 0.106322 0.886881
vt 0.108505 0.884698
vt 0.111487 0.883899
vt 0.124764 0.883899
vt 0.127747 0.884698
vt 0.129930 0.886881
vt 0.130729 0.889864
vt 0.130729 0.903141
vt 0.129930 0.906123
vt 0.127747 0.908306
vt 0.124764 0.909105
vt 0.111487 0.909105
vt 0.108505 0.908306
vt 0.106322 0.906123
vt 0.152193 0.905932
vt 0.152193 0.892655
vt 0.152992 0.889673
vt 0.155176 0.887490
vt 0.158158 0.886690
vt 0.171435 0.886690
vt 0.174417 0.887490
vt 0.176601 0.889673
vt 0.177400 0.892655
vt 0.177400 0.905932
vt 0.176601 0.908915
vt 0.174417 0.911098
vt 0.171435 0.911897
vt 0.158158 0.911897
vt 0.155176 0.911098
vt 0.152992 0.908915
vt 0.443528 0.884113
vt 0.434499 0.884107
vt 0.435004 0.881530
vt 0.443030 0.881536
vt 0.291343 0.889684
vt 0.282315 0.889691
vt 0.282813 0.887111
vt 0.290838 0.887105
vt 0.087711 0.893693
vt 0.078928 0.893827
vt 0.079300 0.891254
vt 0.087107 0.891135
vt 0.941063 0.842351
vt 0.932038 0.842372
vt 0.932525 0.839799
vt 0.940548 0.839781
vt 0.055583 0.991253
vt 0.046554 0.991253
vt 0.046554 0.982224
vt 0.055583 0.982224
vt 0.436508 0.877718
vt 0.441548 0.877722
vt 0.941063 0.904048
vt 0.932038 0.904069
vt 0.087711 0.955471
vt 0.078928 0.955605
vt 0.291343 0.951203
vt 0.282315 0.951210
vt 0.443528 0.945719
vt 0.434499 0.945712
vt 0.080406 0.887462
vt 0.081774 0.883919
vt 0.083085 0.883899
vt 0.085309 0.887387
vt 0.933975 0.836001
vt 0.939013 0.835989
vt 0.284295 0.883282
vt 0.289335 0.883278
vt 0.675574 0.733269
vt 0.675574 0.731921
vt 0.676922 0.731921
vt 0.676922 0.733269
vt 0.438368 0.874147
vt 0.439716 0.874148
vt 0.935768 0.832450
vt 0.937115 0.832447
vt 0.286129 0.879689
vt 0.287477 0.879688
vt 0.061442 0.980776
vt 0.058439 0.980717
vt 0.058439 0.955596
vt 0.061442 0.955654
vt 0.056195 0.980543
vt 0.056195 0.955422
vt 0.575418 0.991442
vt 0.572430 0.991519
vt 0.572430 0.966434
vt 0.575418 0.966358
vt 0.982653 0.663288
vt 0.985630 0.663197
vt 0.985630 0.688246
vt 0.982653 0.688337
vt 0.554010 0.966128
vt 0.556176 0.966344
vt 0.556176 0.991428
vt 0.554010 0.991212
vt 0.559153 0.966425
vt 0.559153 0.991509
vt 0.991605 0.245236
vt 0.994321 0.245142
vt 0.994321 0.270296
vt 0.991605 0.270390
vt 0.964190 0.662969
vt 0.966388 0.663211
vt 0.966388 0.688260
vt 0.964190 0.688018
vt 0.969376 0.663298
vt 0.969376 0.688347
vt 0.074715 0.955623
vt 0.077673 0.955551
vt 0.077673 0.980672
vt 0.074715 0.980745
vt 0.972973 0.245324
vt 0.975603 0.245428
vt 0.975603 0.270582
vt 0.972973 0.270479
vt 0.978689 0.245433
vt 0.978689 0.270588
vt 0.152193 0.956345
vt 0.152193 0.943068
vt 0.152992 0.940086
vt 0.155176 0.937902
vt 0.158158 0.937103
vt 0.171435 0.937103
vt 0.174417 0.937902
vt 0.176601 0.940086
vt 0.177400 0.943068
vt 0.177400 0.956345
vt 0.176601 0.959327
vt 0.174417 0.961511
vt 0.171435 0.962310
vt 0.158158 0.962310
vt 0.155176 0.961511
vt 0.152992 0.959327
vt 0.177400 0.956345
vt 0.177400 0.943068
vt 0.178199 0.940086
vt 0.180382 0.937902
vt 0.183364 0.937103
vt 0.196642 0.937103
vt 0.199624 0.937902
vt 0.201807 0.940086
vt 0.202606 0.943068
vt 0.202606 0.956345
vt 0.201807 0.959327
vt 0.199624 0.961511
vt 0.196642 0.962310
vt 0.183364 0.962310
vt 0.180382 0.961511
vt 0.178199 0.959327
vt 0.773704 0.886276
vt 0.764676 0.886269
vt 0.765181 0.883693
vt 0.773206 0.883699
vt 0.524784 0.891572
vt 0.515755 0.891579
vt 0.516253 0.888999
vt 0.524279 0.888993
vt 0.152193 0.893693
vt 0.143410 0.893827
vt 0.143782 0.891254
vt 0.151589 0.891135
vt 0.514468 0.879431
vt 0.505443 0.879452
vt 0.505930 0.876879
vt 0.513953 0.876860
vt 0.931275 0.992765
vt 0.922246 0.992765
vt 0.922246 0.983737
vt 0.931275 0.983737
vt 0.766684 0.879881
vt 0.771725 0.879884
vt 0.514468 0.941128
vt 0.505443 0.941149
vt 0.152193 0.955471
vt 0.143410 0.955605
vt 0.524784 0.953092
vt 0.515755 0.953098
vt 0.773704 0.947881
vt 0.764676 0.947875
vt 0.144888 0.887462
vt 0.146256 0.883919
vt 0.147567 0.883899
vt 0.149791 0.887387
vt 0.507380 0.873081
vt 0.512418 0.873069
vt 0.517736 0.885170
vt 0.522776 0.885166
vt 0.674657 0.776931
vt 0.673309 0.776931
vt 0.673309 0.775583
vt 0.674657 0.775583
vt 0.768544 0.876310
vt 0.769892 0.876311
vt 0.509173 0.869529
vt 0.510521 0.869526
vt 0.519569 0.881577
vt 0.520917 0.881576
vt 0.084176 0.980959
vt 0.081172 0.980901
vt 0.081172 0.955779
vt 0.084176 0.955838
vt 0.078928 0.980727
vt 0.596826 0.991442
vt 0.593838 0.991519
vt 0.593838 0.966434
vt 0.596826 0.966358
vt 0.673308 0.963048
vt 0.676284 0.962957
vt 0.676284 0.988006
vt 0.673308 0.988097
vt 0.575418 0.966128
vt 0.577585 0.966344
vt 0.577585 0.991428
vt 0.575418 0.991212
vt 0.580561 0.966425
vt 0.580561 0.991509
vt 0.701916 0.973680
vt 0.704632 0.973586
vt 0.704632 0.998741
vt 0.701916 0.998835
vt 0.654845 0.962729
vt 0.657043 0.962971
vt 0.657043 0.988020
vt 0.654845 0.987778
vt 0.660031 0.963058
vt 0.660031 0.988107
vt 0.097448 0.955807
vt 0.100407 0.955735
vt 0.100407 0.980856
vt 0.097448 0.980928
vt 0.683284 0.973769
vt 0.685914 0.973872
vt 0.685914 0.999027
vt 0.683284 0.998923
vt 0.689000 0.973878
vt 0.689000 0.999032
vt 0.941656 0.802272
vt 0.941656 0.788994
vt 0.942455 0.786012
vt 0.944638 0.783829
vt 0.947620 0.783030
vt 0.960898 0.783030
vt 0.963880 0.783829
vt 0.966063 0.786012
vt 0.966862 0.788994
vt 0.966862 0.802271
vt 0.966063 0.805254
vt 0.963880 0.807437
vt 0.960898 0.808236
vt 0.947620 0.808236
vt 0.944638 0.807437
vt 0.942455 0.805254
vt 0.784784 0.960943
vt 0.784784 0.947666
vt 0.785583 0.944684
vt 0.787766 0.942501
vt 0.790749 0.941701
vt 0.804026 0.941701
vt 0.807008 0.942500
vt 0.809191 0.944684
vt 0.809990 0.947666
vt 0.809990 0.960943
vt 0.809191 0.963926
vt 0.807008 0.966109
vt 0.804026 0.966908
vt 0.790749 0.966908
vt 0.787766 0.966109
vt 0.785583 0.963926
vt 0.465521 0.883751
vt 0.456493 0.883744
vt 0.456998 0.881168
vt 0.465023 0.881174
vt 0.105523 0.893896
vt 0.096494 0.893903
vt 0.096992 0.891323
vt 0.105018 0.891316
vt 0.741106 0.905085
vt 0.732323 0.905219
vt 0.732695 0.902646
vt 0.740502 0.902526
vt 0.860680 0.882655
vt 0.851655 0.882676
vt 0.852142 0.880103
vt 0.860165 0.880084
vt 0.806192 0.996346
vt 0.806192 0.987317
vt 0.815221 0.987317
vt 0.815221 0.996346
vt 0.458501 0.877355
vt 0.463542 0.877359
vt 0.860680 0.944352
vt 0.851655 0.944373
vt 0.741106 0.966863
vt 0.732323 0.966997
vt 0.105523 0.955415
vt 0.096494 0.955422
vt 0.465521 0.945356
vt 0.456493 0.945350
vt 0.733801 0.898853
vt 0.735169 0.895311
vt 0.736480 0.895291
vt 0.738704 0.898779
vt 0.853592 0.876305
vt 0.858631 0.876293
vt 0.098474 0.887493
vt 0.103515 0.887490
vt 0.676005 0.776931
vt 0.676005 0.775583
vt 0.460361 0.873785
vt 0.461709 0.873786
vt 0.855385 0.872753
vt 0.856733 0.872750
vt 0.100308 0.883900
vt 0.101656 0.883899
vt 0.893191 0.983623
vt 0.890187 0.983564
vt 0.890187 0.958443
vt 0.893191 0.958502
vt 0.887943 0.983391
vt 0.887943 0.958269
vt 0.994381 0.168727
vt 0.991393 0.168803
vt 0.991393 0.143719
vt 0.994381 0.143643
vt 0.337774 0.961652
vt 0.340751 0.961561
vt 0.340751 0.986610
vt 0.337774 0.986701
vt 0.972973 0.143413
vt 0.975140 0.143629
vt 0.975140 0.168713
vt 0.972973 0.168497
vt 0.978116 0.143710
vt 0.978116 0.168794
vt 0.997284 0.964979
vt 1.000000 0.964885
vt 1.000000 0.990039
vt 0.997284 0.990133
vt 0.319312 0.961334
vt 0.321510 0.961576
vt 0.321510 0.986625
vt 0.319312 0.986383
vt 0.324497 0.961663
vt 0.324497 0.986712
vt 0.906463 0.958471
vt 0.909421 0.958398
vt 0.909421 0.983520
vt 0.906463 0.983592
vt 0.978652 0.965067
vt 0.981282 0.965171
vt 0.981282 0.990325
vt 0.978652 0.990221
vt 0.984368 0.965176
vt 0.984368 0.990331
vt 0.818435 0.963615
vt 0.818435 0.950338
vt 0.819234 0.947355
vt 0.821417 0.945172
vt 0.824399 0.944373
vt 0.837676 0.944373
vt 0.840659 0.945172
vt 0.842842 0.947355
vt 0.843641 0.950337
vt 0.843641 0.963615
vt 0.842842 0.966597
vt 0.840659 0.968780
vt 0.837676 0.969579
vt 0.824399 0.969579
vt 0.821417 0.968780
vt 0.819234 0.966597
vt 0.851655 0.963615
vt 0.851655 0.950337
vt 0.852454 0.947355
vt 0.854637 0.945172
vt 0.857620 0.944373
vt 0.870897 0.944373
vt 0.873879 0.945172
vt 0.876062 0.947355
vt 0.876861 0.950337
vt 0.876861 0.963615
vt 0.876062 0.966597
vt 0.873879 0.968780
vt 0.870897 0.969579
vt 0.857620 0.969579
vt 0.854637 0.968780
vt 0.852454 0.966597
vt 0.373883 0.885528
vt 0.364854 0.885521
vt 0.365359 0.882945
vt 0.373385 0.882951
vt 0.237490 0.893389
vt 0.228461 0.893396
vt 0.228959 0.890816
vt 0.236985 0.890810
vt 0.143410 0.893693
vt 0.134627 0.893827
vt 0.134999 0.891254
vt 0.142806 0.891135
vt 0.836485 0.882655
vt 0.827460 0.882676
vt 0.827947 0.880103
vt 0.835969 0.880084
vt 0.987476 0.780163
vt 0.987476 0.771134
vt 0.996505 0.771134
vt 0.996505 0.780163
vt 0.366863 0.879133
vt 0.371903 0.879136
vt 0.836485 0.944352
vt 0.827460 0.944373
vt 0.143410 0.955471
vt 0.134627 0.955605
vt 0.237490 0.954908
vt 0.228461 0.954915
vt 0.373883 0.947133
vt 0.364854 0.947127
vt 0.136105 0.887462
vt 0.137473 0.883919
vt 0.138784 0.883899
vt 0.141008 0.887387
vt 0.829396 0.876305
vt 0.834435 0.876293
vt 0.230442 0.886987
vt 0.235482 0.886983
vt 0.675574 0.734617
vt 0.675574 0.733269
vt 0.676922 0.734617
vt 0.368723 0.875562
vt 0.370071 0.875563
vt 0.831190 0.872753
vt 0.832537 0.872750
vt 0.232275 0.883393
vt 0.233623 0.883392
vt 0.154686 0.987687
vt 0.155645 0.993143
vt 0.152193 0.989498
vt 0.567698 0.826422
vt 0.566739 0.820966
vt 0.570191 0.824611
vt 0.567698 0.862825
vt 0.566739 0.857369
vt 0.570191 0.861014
vt 0.706115 0.927419
vt 0.706387 0.921916
vt 0.709374 0.926331
vt 0.848379 0.921449
vt 0.849003 0.916489
vt 0.851655 0.921469
vt 0.121215 0.994717
vt 0.115868 0.997165
vt 0.115868 0.984872
vt 0.173165 0.987687
vt 0.176617 0.991332
vt 0.173165 0.994977
vt 0.175658 0.996788
vt 0.264227 0.966515
vt 0.257424 0.965080
vt 0.264227 0.955111
vt 0.570191 0.886505
vt 0.566739 0.882860
vt 0.570191 0.879215
vt 0.706115 0.917012
vt 0.709374 0.919378
vt 0.876797 0.932899
vt 0.869705 0.932899
vt 0.872256 0.921946
vt 0.570191 0.853724
vt 0.927291 0.735891
vt 0.926737 0.730375
vt 0.929931 0.731474
vt 0.373883 0.968505
vt 0.367131 0.969772
vt 0.367131 0.958537
vt 0.570191 0.817322
vt 0.287610 0.959503
vt 0.287017 0.954055
vt 0.290257 0.954846
vt 0.126213 0.991500
vt 0.152193 0.996788
vt 0.849003 0.926443
vt 0.847100 0.918444
vt 0.847447 0.913607
vt 0.177400 0.994338
vt 0.704632 0.924608
vt 0.704632 0.918874
vt 0.925699 0.739040
vt 0.927182 0.740981
vt 0.925454 0.733197
vt 0.286038 0.962636
vt 0.287565 0.964323
vt 0.285736 0.956980
vt 0.156428 0.990138
vt 0.847447 0.929345
vt 0.847100 0.924455
vt 0.705045 0.930301
vt 0.926096 0.742943
vt 0.925454 0.727645
vt 0.285736 0.951210
vt 0.993872 0.877628
vt 0.994830 0.883084
vt 0.991379 0.879439
vt 0.621852 0.847174
vt 0.620893 0.841718
vt 0.624344 0.845363
vt 0.621852 0.865375
vt 0.620893 0.859920
vt 0.624344 0.863564
vt 0.651586 0.935529
vt 0.651858 0.930026
vt 0.654845 0.934441
vt 0.752371 0.914258
vt 0.752995 0.909299
vt 0.755647 0.914279
vt 0.285760 0.986378
vt 0.280814 0.983195
vt 0.291165 0.976564
vt 0.185868 0.987687
vt 0.189319 0.991332
vt 0.185868 0.994977
vt 0.188361 0.996788
vt 0.816943 0.952860
vt 0.809990 0.952860
vt 0.814590 0.941701
vt 0.547881 0.877205
vt 0.544430 0.873560
vt 0.547881 0.869915
vt 0.651586 0.925122
vt 0.654845 0.927488
vt 0.473168 0.942571
vt 0.466076 0.942571
vt 0.468627 0.931618
vt 0.624344 0.856275
vt 0.927291 0.797084
vt 0.926736 0.791568
vt 0.929931 0.792667
vt 0.628356 0.973747
vt 0.621487 0.973747
vt 0.623559 0.962706
vt 0.624344 0.838074
vt 0.727854 0.981880
vt 0.727260 0.976431
vt 0.730501 0.977222
vt 0.291165 0.988850
vt 0.991379 0.886728
vt 0.752995 0.919253
vt 0.751092 0.911254
vt 0.751439 0.906417
vt 0.190102 0.994338
vt 0.650103 0.932718
vt 0.650103 0.926984
vt 0.925699 0.800233
vt 0.927182 0.802174
vt 0.925453 0.794390
vt 0.726282 0.985012
vt 0.727809 0.986699
vt 0.725980 0.979356
vt 0.995613 0.880078
vt 0.751439 0.922155
vt 0.751092 0.917265
vt 0.650516 0.938411
vt 0.926096 0.804136
vt 0.925453 0.788838
vt 0.725980 0.973586
vt 0.167389 0.987687
vt 0.168347 0.993143
vt 0.164896 0.989498
vt 0.748422 0.848700
vt 0.747463 0.843245
vt 0.750915 0.846889
vt 0.748422 0.866902
vt 0.747463 0.861446
vt 0.750915 0.865091
vt 0.483804 0.936390
vt 0.484076 0.930887
vt 0.487063 0.935302
vt 0.483600 0.918087
vt 0.484224 0.913128
vt 0.486876 0.918108
vt 0.990997 0.819230
vt 0.986051 0.816048
vt 0.996402 0.809416
vt 0.620117 0.950333
vt 0.623568 0.953978
vt 0.620117 0.957622
vt 0.622609 0.959433
vt 0.816943 0.964019
vt 0.809990 0.964019
vt 0.814590 0.952860
vt 0.456007 0.881437
vt 0.452556 0.877792
vt 0.456007 0.874147
vt 0.483804 0.925983
vt 0.487063 0.928350
vt 0.473168 0.908515
vt 0.466617 0.905799
vt 0.473168 0.896659
vt 0.750915 0.857801
vt 0.927291 0.827681
vt 0.926736 0.822164
vt 0.929931 0.823263
vt 0.515670 0.977397
vt 0.508801 0.977397
vt 0.510873 0.966355
vt 0.750915 0.839600
vt 0.102875 0.963715
vt 0.102282 0.958267
vt 0.105523 0.959058
vt 0.996402 0.821703
vt 0.164896 0.996788
vt 0.484224 0.923082
vt 0.482321 0.915083
vt 0.482668 0.910245
vt 0.624351 0.956983
vt 0.482321 0.933579
vt 0.482321 0.927846
vt 0.925699 0.830830
vt 0.927182 0.832771
vt 0.925453 0.824987
vt 0.101303 0.966848
vt 0.102830 0.968534
vt 0.101001 0.961191
vt 0.169130 0.990138
vt 0.482668 0.925984
vt 0.482321 0.921094
vt 0.482734 0.939273
vt 0.926096 0.834733
vt 0.925453 0.819435
vt 0.101001 0.955422
vt 0.231800 0.985206
vt 0.232759 0.990662
vt 0.229307 0.987017
vt 0.621852 0.838073
vt 0.620893 0.832618
vt 0.624344 0.836263
vt 0.545388 0.869915
vt 0.544430 0.864460
vt 0.547881 0.868104
vt 0.706115 0.940708
vt 0.706387 0.935205
vt 0.709374 0.939620
vt 0.651569 0.917226
vt 0.652193 0.912266
vt 0.654845 0.917246
vt 0.142699 0.994717
vt 0.137351 0.997165
vt 0.137351 0.984872
vt 0.147696 0.984872
vt 0.151148 0.988517
vt 0.147696 0.992162
vt 0.150189 0.993973
vt 0.686479 0.911871
vt 0.680051 0.914520
vt 0.680051 0.902450
vt 0.750915 0.881481
vt 0.747464 0.877836
vt 0.750915 0.874191
vt 0.706115 0.930301
vt 0.709374 0.932667
vt 0.473168 0.920372
vt 0.466617 0.917656
vt 0.473168 0.908515
vt 0.547881 0.860815
vt 0.927291 0.751189
vt 0.926736 0.745673
vt 0.929931 0.746772
vt 0.686352 0.926559
vt 0.680051 0.923821
vt 0.686352 0.914520
vt 0.624344 0.828973
vt 0.021543 0.971162
vt 0.020950 0.965714
vt 0.024190 0.966505
vt 0.147696 0.991500
vt 0.229307 0.994307
vt 0.652193 0.922221
vt 0.650290 0.914221
vt 0.650637 0.909384
vt 0.151931 0.991523
vt 0.704632 0.937896
vt 0.704632 0.932163
vt 0.925699 0.754338
vt 0.927182 0.756279
vt 0.925453 0.748495
vt 0.019971 0.974295
vt 0.021498 0.975982
vt 0.019669 0.968639
vt 0.233542 0.987656
vt 0.650637 0.925122
vt 0.650290 0.920233
vt 0.705045 0.943590
vt 0.926096 0.758241
vt 0.925453 0.742943
vt 0.019669 0.962869
vt 0.179892 0.987687
vt 0.180851 0.993143
vt 0.177400 0.989498
vt 0.567698 0.844624
vt 0.566739 0.839168
vt 0.570191 0.842813
vt 0.545388 0.851714
vt 0.544430 0.846258
vt 0.547881 0.849903
vt 0.728989 0.940708
vt 0.729262 0.935204
vt 0.732249 0.939620
vt 0.705911 0.909115
vt 0.706535 0.904156
vt 0.709187 0.909136
vt 0.131946 0.994686
vt 0.127001 0.991503
vt 0.137351 0.984872
vt 0.991379 0.861337
vt 0.994830 0.864982
vt 0.991379 0.868627
vt 0.993872 0.870438
vt 0.401373 0.957361
vt 0.394570 0.955926
vt 0.401373 0.945956
vt 0.570191 0.879215
vt 0.566739 0.875570
vt 0.570191 0.871926
vt 0.728989 0.930301
vt 0.732249 0.932667
vt 0.891897 0.893129
vt 0.884805 0.893129
vt 0.887356 0.882176
vt 0.547881 0.842613
vt 0.927291 0.812383
vt 0.926737 0.806866
vt 0.929931 0.807965
vt 0.850444 0.965744
vt 0.843692 0.967011
vt 0.843692 0.955777
vt 0.570191 0.835523
vt 0.651977 0.986219
vt 0.651384 0.980771
vt 0.654624 0.981562
vt 0.137351 0.997159
vt 0.177400 0.996788
vt 0.706535 0.914110
vt 0.704632 0.906111
vt 0.704979 0.901273
vt 0.995614 0.867988
vt 0.727506 0.937896
vt 0.727506 0.932163
vt 0.925699 0.815532
vt 0.927182 0.817473
vt 0.925454 0.809688
vt 0.650405 0.989352
vt 0.651932 0.991038
vt 0.650103 0.983695
vt 0.181634 0.990138
vt 0.704979 0.917012
vt 0.704632 0.912122
vt 0.727920 0.943590
vt 0.926096 0.819435
vt 0.925454 0.804136
vt 0.650103 0.977926
vt 0.158920 0.987687
vt 0.159879 0.993143
vt 0.156427 0.989498
vt 0.567698 0.871926
vt 0.566740 0.866470
vt 0.570191 0.870115
vt 0.567698 0.853724
vt 0.566739 0.848269
vt 0.570191 0.851913
vt 0.651586 0.948818
vt 0.651858 0.943315
vt 0.654845 0.947730
vt 0.728785 0.909115
vt 0.729409 0.904156
vt 0.732062 0.909136
vt 0.955037 0.901524
vt 0.950092 0.898341
vt 0.960442 0.891710
vt 0.726267 0.986699
vt 0.729718 0.990344
vt 0.726267 0.993989
vt 0.728759 0.995800
vt 0.850444 0.955777
vt 0.843641 0.954343
vt 0.850444 0.944373
vt 0.425471 0.888726
vt 0.422019 0.885082
vt 0.425471 0.881437
vt 0.651586 0.938411
vt 0.654845 0.940777
vt 0.818434 0.920150
vt 0.811883 0.917434
vt 0.818434 0.908293
vt 0.570191 0.844624
vt 0.927291 0.720593
vt 0.926736 0.715076
vt 0.929931 0.716175
vt 0.264227 0.976482
vt 0.257475 0.977749
vt 0.257475 0.966515
vt 0.570191 0.862825
vt 0.651977 0.973106
vt 0.651384 0.967658
vt 0.654624 0.968449
vt 0.960442 0.903997
vt 0.156427 0.996788
vt 0.729409 0.914110
vt 0.727506 0.906111
vt 0.727854 0.901273
vt 0.730501 0.993349
vt 0.650103 0.946007
vt 0.650103 0.940273
vt 0.925699 0.723742
vt 0.927182 0.725683
vt 0.925453 0.717898
vt 0.650405 0.976239
vt 0.651932 0.977926
vt 0.650103 0.970582
vt 0.160662 0.990138
vt 0.727854 0.917012
vt 0.727506 0.912122
vt 0.650516 0.951700
vt 0.926096 0.727645
vt 0.925453 0.712346
vt 0.650103 0.964813
vt 0.184126 0.987687
vt 0.185085 0.993143
vt 0.181634 0.989498
vt 0.567698 0.835523
vt 0.566740 0.830067
vt 0.570191 0.833712
vt 0.621852 0.856275
vt 0.620893 0.850819
vt 0.624344 0.854464
vt 0.021152 0.959987
vt 0.021424 0.954484
vt 0.024411 0.958899
vt 0.926732 0.634789
vt 0.927357 0.629830
vt 0.930009 0.634810
vt 0.110870 0.994717
vt 0.105523 0.997165
vt 0.105523 0.984872
vt 0.676284 0.962729
vt 0.679736 0.966374
vt 0.676284 0.970019
vt 0.678777 0.971830
vt 0.373883 0.958537
vt 0.367080 0.957103
vt 0.373883 0.947133
vt 0.425471 0.881437
vt 0.422019 0.877792
vt 0.425471 0.874147
vt 0.021152 0.949580
vt 0.024411 0.951946
vt 0.932005 0.626948
vt 0.925454 0.624232
vt 0.932005 0.615091
vt 0.624344 0.847174
vt 0.927291 0.781786
vt 0.926736 0.776269
vt 0.929931 0.777369
vt 0.056195 0.966463
vt 0.049325 0.966463
vt 0.051398 0.955422
vt 0.570191 0.826422
vt 0.651977 0.959993
vt 0.651384 0.954545
vt 0.654624 0.955336
vt 0.115868 0.991500
vt 0.181634 0.996788
vt 0.927357 0.639784
vt 0.925454 0.631785
vt 0.925801 0.626948
vt 0.680519 0.969380
vt 0.019669 0.957176
vt 0.019669 0.951442
vt 0.925699 0.784935
vt 0.927182 0.786876
vt 0.925453 0.779092
vt 0.650405 0.963126
vt 0.651932 0.964813
vt 0.650103 0.957469
vt 0.185868 0.990137
vt 0.925801 0.642686
vt 0.925454 0.637796
vt 0.020082 0.962869
vt 0.926096 0.788838
vt 0.925453 0.773540
vt 0.650103 0.951700
vt 0.163155 0.987687
vt 0.164113 0.993143
vt 0.160662 0.989498
vt 0.545388 0.860815
vt 0.544430 0.855359
vt 0.547881 0.859004
vt 0.748422 0.857801
vt 0.747463 0.852345
vt 0.750915 0.855990
vt 0.728989 0.927419
vt 0.729262 0.921915
vt 0.732249 0.926330
vt 0.926732 0.650528
vt 0.927357 0.645568
vt 0.930009 0.650548
vt 0.990575 0.584204
vt 0.985630 0.581022
vt 0.995980 0.574391
vt 0.190102 0.987687
vt 0.193553 0.991332
vt 0.190102 0.994977
vt 0.192595 0.996788
vt 0.876797 0.944058
vt 0.869845 0.944058
vt 0.874444 0.932899
vt 0.750915 0.874191
vt 0.747463 0.870547
vt 0.750915 0.866902
vt 0.728989 0.917011
vt 0.732249 0.919378
vt 0.473168 0.930010
vt 0.466261 0.931618
vt 0.466261 0.920372
vt 0.750915 0.848701
vt 0.927291 0.766488
vt 0.926737 0.760971
vt 0.929931 0.762070
vt 0.401439 0.968402
vt 0.394570 0.968402
vt 0.396642 0.957360
vt 0.547881 0.851714
vt 0.510675 0.985690
vt 0.510082 0.980242
vt 0.513322 0.981032
vt 0.995980 0.586677
vt 0.160662 0.996788
vt 0.927357 0.655522
vt 0.925454 0.647523
vt 0.925801 0.642686
vt 0.194336 0.994338
vt 0.727506 0.924607
vt 0.727506 0.918874
vt 0.925699 0.769637
vt 0.927182 0.771578
vt 0.925454 0.763793
vt 0.509103 0.988823
vt 0.510630 0.990509
vt 0.508801 0.983166
vt 0.164896 0.990138
vt 0.925801 0.658424
vt 0.925454 0.653534
vt 0.727920 0.930301
vt 0.926096 0.773540
vt 0.925454 0.758241
vt 0.982710 0.434562
vt 0.982710 0.409441
vt 0.985669 0.409369
vt 0.985669 0.434490
vt 0.818435 0.994916
vt 0.818435 0.969762
vt 0.821064 0.969865
vt 0.821064 0.995020
vt 0.824151 0.969871
vt 0.824151 0.995025
vt 0.969376 0.587165
vt 0.969376 0.612214
vt 0.966388 0.612127
vt 0.966388 0.587078
vt 0.964190 0.611885
vt 0.964190 0.586836
vt 0.839782 0.969579
vt 0.839782 0.994734
vt 0.837066 0.994828
vt 0.837066 0.969674
vt 0.737466 0.967294
vt 0.737466 0.992378
vt 0.734490 0.992297
vt 0.734490 0.967213
vt 0.732323 0.992081
vt 0.985630 0.587063
vt 0.985630 0.612112
vt 0.982653 0.612204
vt 0.982653 0.587155
vt 0.969438 0.409472
vt 0.969438 0.434593
vt 0.966435 0.434535
vt 0.966435 0.409413
vt 0.964190 0.434361
vt 0.964190 0.409239
vt 0.753731 0.967227
vt 0.753731 0.992311
vt 0.750743 0.992388
vt 0.750743 0.967304
vt 0.196642 0.911897
vt 0.199624 0.912696
vt 0.201807 0.914879
vt 0.202606 0.917861
vt 0.202606 0.931139
vt 0.201807 0.934121
vt 0.199624 0.936304
vt 0.196642 0.937103
vt 0.183364 0.937103
vt 0.180382 0.936304
vt 0.178199 0.934121
vt 0.177400 0.931139
vt 0.177400 0.917861
vt 0.178199 0.914879
vt 0.180382 0.912696
vt 0.183364 0.911897
vt 0.954262 0.930075
vt 0.956445 0.932258
vt 0.957244 0.935240
vt 0.957244 0.948518
vt 0.956445 0.951500
vt 0.954262 0.953683
vt 0.951280 0.954482
vt 0.938002 0.954482
vt 0.935020 0.953683
vt 0.932837 0.951500
vt 0.932038 0.948518
vt 0.932038 0.935240
vt 0.932837 0.932258
vt 0.935020 0.930075
vt 0.964190 0.296753
vt 0.964562 0.294180
vt 0.972369 0.294061
vt 0.972973 0.296619
vt 0.300267 0.889706
vt 0.300765 0.887126
vt 0.308790 0.887120
vt 0.309295 0.889699
vt 0.473168 0.883744
vt 0.473673 0.881168
vt 0.481699 0.881174
vt 0.482197 0.883751
vt 0.784784 0.880004
vt 0.785271 0.877431
vt 0.793294 0.877413
vt 0.793809 0.879983
vt 0.969471 0.900739
vt 0.960442 0.900739
vt 0.969471 0.891710
vt 0.965668 0.290388
vt 0.970571 0.290313
vt 0.784784 0.941701
vt 0.793809 0.941680
vt 0.473168 0.945350
vt 0.482197 0.945356
vt 0.300267 0.951225
vt 0.309295 0.951218
vt 0.964190 0.358531
vt 0.972973 0.358397
vt 0.480217 0.877359
vt 0.475177 0.877355
vt 0.477037 0.873785
vt 0.478385 0.873785
vt 0.786721 0.873633
vt 0.791759 0.873621
vt 0.302247 0.883297
vt 0.307287 0.883293
vt 0.674657 0.778279
vt 0.673309 0.778279
vt 0.674657 0.776931
vt 0.967036 0.286845
vt 0.968347 0.286825
vt 0.788514 0.870082
vt 0.789862 0.870079
vt 0.304080 0.879703
vt 0.305428 0.879702
vt 0.252485 0.980434
vt 0.252485 0.955312
vt 0.255444 0.955240
vt 0.255444 0.980361
vt 0.972973 0.194140
vt 0.972973 0.168986
vt 0.975603 0.169090
vt 0.975603 0.194244
vt 0.978689 0.169095
vt 0.978689 0.194250
vt 0.972048 0.783358
vt 0.972048 0.808407
vt 0.969060 0.808321
vt 0.969060 0.783272
vt 0.966862 0.808079
vt 0.966862 0.783030
vt 0.994321 0.168803
vt 0.994321 0.193958
vt 0.991605 0.194052
vt 0.991605 0.168898
vt 0.973393 0.737011
vt 0.973393 0.762096
vt 0.970417 0.762015
vt 0.970417 0.736931
vt 0.968250 0.761799
vt 0.968250 0.736714
vt 0.988302 0.783257
vt 0.988302 0.808306
vt 0.985325 0.808397
vt 0.985325 0.783348
vt 0.239213 0.955343
vt 0.239213 0.980465
vt 0.236210 0.980406
vt 0.236210 0.955284
vt 0.233966 0.980232
vt 0.233966 0.955111
vt 0.989659 0.736945
vt 0.989659 0.762029
vt 0.986671 0.762105
vt 0.986671 0.737021
vt 0.604603 0.925126
vt 0.601620 0.924327
vt 0.599437 0.922144
vt 0.598638 0.919162
vt 0.598638 0.905884
vt 0.599437 0.902902
vt 0.601620 0.900719
vt 0.604603 0.899920
vt 0.617880 0.899920
vt 0.620862 0.900719
vt 0.623045 0.902902
vt 0.623845 0.905884
vt 0.623845 0.919162
vt 0.623045 0.922144
vt 0.620862 0.924327
vt 0.617880 0.925126
vt 0.111487 0.934312
vt 0.108505 0.933513
vt 0.106322 0.931330
vt 0.105523 0.928347
vt 0.105523 0.915070
vt 0.106322 0.912088
vt 0.108505 0.909905
vt 0.111487 0.909105
vt 0.124764 0.909105
vt 0.127747 0.909905
vt 0.129930 0.912088
vt 0.130729 0.915070
vt 0.130729 0.928347
vt 0.129930 0.931330
vt 0.127747 0.933513
vt 0.124764 0.934312
vt 0.291484 0.889616
vt 0.291855 0.887043
vt 0.299663 0.886924
vt 0.300267 0.889482
vt 0.524784 0.891579
vt 0.525282 0.888999
vt 0.533307 0.888993
vt 0.533812 0.891572
vt 0.403599 0.884344
vt 0.404104 0.881768
vt 0.412130 0.881774
vt 0.412627 0.884351
vt 0.818435 0.882676
vt 0.818922 0.880103
vt 0.826944 0.880084
vt 0.827460 0.882655
vt 0.982002 0.355955
vt 0.972973 0.355955
vt 0.972973 0.346926
vt 0.292961 0.883251
vt 0.297864 0.883176
vt 0.818435 0.944373
vt 0.827460 0.944352
vt 0.403599 0.945950
vt 0.412627 0.945956
vt 0.524784 0.953098
vt 0.533812 0.953092
vt 0.291484 0.951394
vt 0.300267 0.951260
vt 0.410648 0.877959
vt 0.405608 0.877956
vt 0.407468 0.874385
vt 0.408816 0.874386
vt 0.820371 0.876305
vt 0.825410 0.876293
vt 0.526764 0.885170
vt 0.531805 0.885166
vt 0.676005 0.778279
vt 0.676005 0.776931
vt 0.294329 0.879708
vt 0.295641 0.879688
vt 0.822165 0.872753
vt 0.823512 0.872750
vt 0.528598 0.881577
vt 0.529946 0.881576
vt 0.982710 0.383855
vt 0.982710 0.358733
vt 0.985669 0.358661
vt 0.985669 0.383782
vt 0.972973 0.295925
vt 0.972973 0.270770
vt 0.975603 0.270874
vt 0.975603 0.296028
vt 0.978689 0.270880
vt 0.978689 0.296034
vt 0.969376 0.460276
vt 0.969376 0.485325
vt 0.966388 0.485238
vt 0.966388 0.460189
vt 0.964190 0.484996
vt 0.964190 0.459947
vt 0.994321 0.270588
vt 0.994321 0.295742
vt 0.991605 0.295837
vt 0.991605 0.270682
vt 0.973393 0.711620
vt 0.973393 0.736705
vt 0.970417 0.736624
vt 0.970417 0.711540
vt 0.968250 0.736408
vt 0.968250 0.711323
vt 0.985630 0.460174
vt 0.985630 0.485223
vt 0.982653 0.485315
vt 0.982653 0.460266
vt 0.969438 0.358764
vt 0.969438 0.383885
vt 0.966434 0.383827
vt 0.966434 0.358705
vt 0.964190 0.383653
vt 0.964190 0.358531
vt 0.989659 0.711554
vt 0.989659 0.736638
vt 0.986671 0.736714
vt 0.986671 0.711630
vt 0.196642 0.886691
vt 0.199624 0.887490
vt 0.201807 0.889673
vt 0.202606 0.892655
vt 0.202606 0.905932
vt 0.201807 0.908915
vt 0.199624 0.911098
vt 0.183364 0.911897
vt 0.180382 0.911098
vt 0.178199 0.908915
vt 0.177400 0.905932
vt 0.177400 0.892655
vt 0.178199 0.889673
vt 0.180382 0.887490
vt 0.183364 0.886691
vt 0.208571 0.911897
vt 0.205588 0.911098
vt 0.203405 0.908915
vt 0.202606 0.905932
vt 0.202606 0.892655
vt 0.203405 0.889673
vt 0.205588 0.887490
vt 0.208571 0.886691
vt 0.221848 0.886690
vt 0.224830 0.887490
vt 0.227013 0.889673
vt 0.227813 0.892655
vt 0.227813 0.905932
vt 0.227013 0.908915
vt 0.224830 0.911098
vt 0.221848 0.911897
vt 0.741106 0.905219
vt 0.741478 0.902646
vt 0.749285 0.902526
vt 0.749889 0.905085
vt 0.264258 0.889691
vt 0.264756 0.887111
vt 0.272781 0.887105
vt 0.273286 0.889684
vt 0.412627 0.884344
vt 0.413133 0.881768
vt 0.421158 0.881774
vt 0.421656 0.884351
vt 0.547881 0.852539
vt 0.548368 0.849966
vt 0.556391 0.849947
vt 0.556906 0.852518
vt 0.229307 0.985206
vt 0.229307 0.994235
vt 0.220279 0.994235
vt 0.220279 0.985206
vt 0.742584 0.898853
vt 0.747487 0.898778
vt 0.547881 0.914236
vt 0.556906 0.914215
vt 0.412627 0.945950
vt 0.421656 0.945956
vt 0.264258 0.951210
vt 0.273286 0.951203
vt 0.741106 0.966997
vt 0.749889 0.966863
vt 0.419677 0.877959
vt 0.414636 0.877956
vt 0.416496 0.874385
vt 0.417844 0.874386
vt 0.549818 0.846168
vt 0.554856 0.846156
vt 0.266238 0.883282
vt 0.271278 0.883278
vt 0.676922 0.735965
vt 0.675574 0.735965
vt 0.676922 0.734617
vt 0.743952 0.895311
vt 0.745263 0.895291
vt 0.551611 0.842617
vt 0.552958 0.842613
vt 0.268072 0.879689
vt 0.269420 0.879688
vt 0.927941 0.983706
vt 0.927941 0.958584
vt 0.930900 0.958512
vt 0.930900 0.983633
vt 0.843641 0.994916
vt 0.843641 0.969762
vt 0.846271 0.969865
vt 0.846271 0.995020
vt 0.849357 0.969871
vt 0.849357 0.995025
vt 0.157379 0.962638
vt 0.157379 0.987688
vt 0.154391 0.987601
vt 0.154391 0.962552
vt 0.152193 0.987359
vt 0.152193 0.962310
vt 0.864989 0.969579
vt 0.864989 0.994734
vt 0.862273 0.994828
vt 0.862273 0.969673
vt 0.978116 0.025688
vt 0.978116 0.050772
vt 0.975140 0.050691
vt 0.975140 0.025607
vt 0.972973 0.050475
vt 0.972973 0.025391
vt 0.173633 0.962537
vt 0.173633 0.987586
vt 0.170656 0.987677
vt 0.170656 0.962628
vt 0.914669 0.958615
vt 0.914669 0.983737
vt 0.911665 0.983678
vt 0.911665 0.958557
vt 0.909421 0.983504
vt 0.909421 0.958383
vt 0.994381 0.025621
vt 0.994381 0.050706
vt 0.991393 0.050782
vt 0.991393 0.025698
vt 0.570191 0.934957
vt 0.569392 0.937939
vt 0.567209 0.940122
vt 0.564226 0.940921
vt 0.550949 0.940921
vt 0.547967 0.940122
vt 0.545783 0.937939
vt 0.544984 0.934957
vt 0.544984 0.921679
vt 0.545784 0.918697
vt 0.547967 0.916514
vt 0.550949 0.915715
vt 0.564226 0.915715
vt 0.567209 0.916514
vt 0.569392 0.918697
vt 0.570191 0.921679
vt 0.512599 0.960391
vt 0.511800 0.963373
vt 0.509617 0.965556
vt 0.506635 0.966355
vt 0.493357 0.966355
vt 0.490375 0.965556
vt 0.488192 0.963373
vt 0.487393 0.960391
vt 0.487393 0.947113
vt 0.488192 0.944131
vt 0.490375 0.941948
vt 0.493357 0.941149
vt 0.506635 0.941149
vt 0.509617 0.941948
vt 0.511800 0.944131
vt 0.512599 0.947113
vt 0.959467 0.721252
vt 0.959839 0.718679
vt 0.967646 0.718559
vt 0.968250 0.721117
vt 0.718478 0.888403
vt 0.718976 0.885823
vt 0.727001 0.885817
vt 0.727506 0.888396
vt 0.686575 0.888359
vt 0.687080 0.885783
vt 0.695106 0.885789
vt 0.695604 0.888365
vt 0.589613 0.879224
vt 0.590100 0.876651
vt 0.598123 0.876633
vt 0.598638 0.879203
vt 0.994697 0.456995
vt 0.985669 0.456995
vt 0.985669 0.447967
vt 0.994697 0.447967
vt 0.960945 0.714886
vt 0.965848 0.714811
vt 0.589613 0.940921
vt 0.598638 0.940900
vt 0.686575 0.949964
vt 0.695604 0.949971
vt 0.718478 0.949922
vt 0.727506 0.949915
vt 0.959467 0.783030
vt 0.968250 0.782895
vt 0.693624 0.881974
vt 0.688584 0.881970
vt 0.690444 0.878399
vt 0.691792 0.878400
vt 0.591550 0.872853
vt 0.596588 0.872841
vt 0.720458 0.881994
vt 0.725498 0.881990
vt 0.676922 0.737313
vt 0.675574 0.737313
vt 0.676922 0.735965
vt 0.962313 0.711343
vt 0.963625 0.711323
vt 0.593343 0.869302
vt 0.594691 0.869299
vt 0.722292 0.878401
vt 0.723640 0.878399
vt 0.310004 0.976717
vt 0.310004 0.951596
vt 0.312962 0.951523
vt 0.312962 0.976645
vt 0.704632 0.998923
vt 0.704632 0.973769
vt 0.707262 0.973872
vt 0.707262 0.999027
vt 0.710348 0.973878
vt 0.710348 0.999032
vt 0.182585 0.962638
vt 0.182585 0.987688
vt 0.179598 0.987601
vt 0.179598 0.962552
vt 0.177400 0.987359
vt 0.177400 0.962310
vt 0.725980 0.973586
vt 0.725980 0.998741
vt 0.723264 0.998835
vt 0.723264 0.973680
vt 0.978116 0.076470
vt 0.978116 0.101554
vt 0.975140 0.101473
vt 0.975140 0.076389
vt 0.972973 0.101257
vt 0.972973 0.076173
vt 0.198839 0.962537
vt 0.198839 0.987586
vt 0.195862 0.987677
vt 0.195862 0.962628
vt 0.296732 0.951627
vt 0.296732 0.976748
vt 0.293728 0.976689
vt 0.293728 0.951568
vt 0.291484 0.976515
vt 0.291484 0.951394
vt 0.994381 0.076403
vt 0.994381 0.101487
vt 0.991393 0.101564
vt 0.991393 0.076480
vt 0.208571 0.937103
vt 0.205588 0.936304
vt 0.203405 0.934121
vt 0.202606 0.931139
vt 0.202606 0.917861
vt 0.203405 0.914879
vt 0.205588 0.912696
vt 0.208571 0.911897
vt 0.221848 0.911897
vt 0.224830 0.912696
vt 0.227013 0.914879
vt 0.227812 0.917861
vt 0.227812 0.931139
vt 0.227013 0.934121
vt 0.224830 0.936304
vt 0.221848 0.937103
vt 0.005964 0.949580
vt 0.002982 0.948781
vt 0.000799 0.946598
vt 0.000000 0.943616
vt 0.000000 0.930338
vt 0.000799 0.927356
vt 0.002982 0.925173
vt 0.005964 0.924374
vt 0.019242 0.924374
vt 0.022224 0.925173
vt 0.024407 0.927356
vt 0.025206 0.930338
vt 0.025206 0.943616
vt 0.024407 0.946598
vt 0.022224 0.948781
vt 0.019242 0.949580
vt 0.237490 0.893321
vt 0.237861 0.890747
vt 0.245668 0.890628
vt 0.246272 0.893186
vt 0.533812 0.891579
vt 0.534310 0.888999
vt 0.542336 0.888993
vt 0.542841 0.891572
vt 0.394570 0.884344
vt 0.395076 0.881768
vt 0.403101 0.881774
vt 0.403599 0.884351
vt 0.793809 0.880004
vt 0.794296 0.877431
vt 0.802319 0.877413
vt 0.802834 0.879983
vt 0.055583 0.982224
vt 0.046554 0.982224
vt 0.046554 0.973195
vt 0.055583 0.973195
vt 0.238967 0.886955
vt 0.243870 0.886880
vt 0.793809 0.941701
vt 0.802834 0.941680
vt 0.394570 0.945950
vt 0.403599 0.945956
vt 0.533812 0.953098
vt 0.542841 0.953092
vt 0.237490 0.955099
vt 0.246272 0.954964
vt 0.401620 0.877959
vt 0.396579 0.877956
vt 0.398439 0.874385
vt 0.399787 0.874386
vt 0.795746 0.873633
vt 0.800785 0.873622
vt 0.535793 0.885170
vt 0.540833 0.885166
vt 0.683926 0.777232
vt 0.683926 0.778580
vt 0.682578 0.778580
vt 0.682578 0.777232
vt 0.240335 0.883412
vt 0.241647 0.883392
vt 0.797539 0.870082
vt 0.798887 0.870079
vt 0.537626 0.881577
vt 0.538974 0.881576
vt 0.982710 0.459916
vt 0.982710 0.434795
vt 0.985669 0.434723
vt 0.985669 0.459844
vt 0.972973 0.321371
vt 0.972973 0.296216
vt 0.975603 0.296320
vt 0.975603 0.321475
vt 0.978689 0.296326
vt 0.978689 0.321480
vt 0.969376 0.485654
vt 0.969376 0.510703
vt 0.966388 0.510616
vt 0.966388 0.485567
vt 0.964190 0.510374
vt 0.964190 0.485325
vt 0.994321 0.296034
vt 0.994321 0.321188
vt 0.991605 0.321283
vt 0.991605 0.296128
vt 0.975114 0.861634
vt 0.975114 0.886719
vt 0.972138 0.886638
vt 0.972138 0.861554
vt 0.969971 0.886422
vt 0.969971 0.861337
vt 0.985630 0.485552
vt 0.985630 0.510601
vt 0.982653 0.510693
vt 0.982653 0.485644
vt 0.969438 0.434826
vt 0.969438 0.459947
vt 0.966434 0.459889
vt 0.966434 0.434767
vt 0.964190 0.459715
vt 0.964190 0.434593
vt 0.991379 0.861568
vt 0.991379 0.886652
vt 0.988391 0.886728
vt 0.988391 0.861644
vt 0.044448 0.924374
vt 0.047430 0.925173
vt 0.049614 0.927356
vt 0.050413 0.930338
vt 0.050413 0.943616
vt 0.049614 0.946598
vt 0.047430 0.948781
vt 0.044448 0.949580
vt 0.031171 0.949580
vt 0.028189 0.948781
vt 0.026005 0.946598
vt 0.025206 0.943616
vt 0.025206 0.930338
vt 0.026005 0.927356
vt 0.028189 0.925173
vt 0.031171 0.924374
vt 0.617880 0.925126
vt 0.620862 0.925925
vt 0.623046 0.928109
vt 0.623845 0.931091
vt 0.623845 0.944368
vt 0.623045 0.947351
vt 0.620862 0.949534
vt 0.617880 0.950333
vt 0.604603 0.950333
vt 0.601620 0.949534
vt 0.599437 0.947351
vt 0.598638 0.944368
vt 0.598638 0.931091
vt 0.599437 0.928109
vt 0.601620 0.925925
vt 0.604603 0.925126
vt 0.964190 0.009928
vt 0.964562 0.007355
vt 0.972369 0.007236
vt 0.972973 0.009794
vt 0.709449 0.888403
vt 0.709947 0.885823
vt 0.717973 0.885817
vt 0.718478 0.888396
vt 0.755647 0.886269
vt 0.756152 0.883693
vt 0.764178 0.883699
vt 0.764675 0.886276
vt 0.802835 0.880004
vt 0.803321 0.877431
vt 0.811344 0.877413
vt 0.811860 0.879983
vt 0.887293 0.958269
vt 0.887293 0.967298
vt 0.878264 0.967298
vt 0.878264 0.958269
vt 0.965668 0.003563
vt 0.970571 0.003488
vt 0.802835 0.941701
vt 0.811860 0.941680
vt 0.755647 0.947875
vt 0.764675 0.947881
vt 0.709449 0.949922
vt 0.718478 0.949915
vt 0.964190 0.071706
vt 0.972973 0.071572
vt 0.762696 0.879884
vt 0.757656 0.879881
vt 0.759516 0.876310
vt 0.760864 0.876311
vt 0.804771 0.873633
vt 0.809810 0.873621
vt 0.711430 0.881994
vt 0.716470 0.881990
vt 0.678346 0.777232
vt 0.678346 0.778580
vt 0.676998 0.778580
vt 0.676998 0.777232
vt 0.967036 0.000020
vt 0.968347 0.000000
vt 0.806565 0.870082
vt 0.807912 0.870079
vt 0.713263 0.878400
vt 0.714611 0.878399
vt 0.282777 0.976533
vt 0.282777 0.951412
vt 0.285736 0.951340
vt 0.285736 0.976461
vt 0.864988 0.994916
vt 0.864988 0.969762
vt 0.867618 0.969865
vt 0.867618 0.995020
vt 0.870704 0.969871
vt 0.870704 0.995025
vt 0.969376 0.511032
vt 0.969376 0.536081
vt 0.966388 0.535994
vt 0.966388 0.510945
vt 0.964190 0.535752
vt 0.964190 0.510703
vt 0.886336 0.969579
vt 0.886336 0.994734
vt 0.883620 0.994828
vt 0.883620 0.969674
vt 0.492536 0.966652
vt 0.492536 0.991737
vt 0.489560 0.991656
vt 0.489560 0.966572
vt 0.487393 0.991440
vt 0.487393 0.966355
vt 0.985630 0.510930
vt 0.985630 0.535979
vt 0.982653 0.536070
vt 0.982653 0.511021
vt 0.269505 0.951443
vt 0.269505 0.976564
vt 0.266502 0.976506
vt 0.266502 0.951384
vt 0.264258 0.976332
vt 0.264258 0.951210
vt 0.508801 0.966586
vt 0.508801 0.991670
vt 0.505813 0.991746
vt 0.505813 0.966662
vt 0.643831 0.887087
vt 0.646814 0.887886
vt 0.648997 0.890069
vt 0.649796 0.893051
vt 0.649796 0.906328
vt 0.648997 0.909311
vt 0.646814 0.911494
vt 0.643831 0.912293
vt 0.630554 0.912293
vt 0.627572 0.911494
vt 0.625388 0.909311
vt 0.624589 0.906328
vt 0.624589 0.893051
vt 0.625388 0.890069
vt 0.627572 0.887886
vt 0.630554 0.887087
vt 0.674087 0.887110
vt 0.677069 0.887909
vt 0.679252 0.890092
vt 0.680051 0.893075
vt 0.680051 0.906352
vt 0.679252 0.909334
vt 0.677069 0.911518
vt 0.674087 0.912317
vt 0.660810 0.912317
vt 0.657827 0.911518
vt 0.655644 0.909334
vt 0.654845 0.906352
vt 0.654845 0.893075
vt 0.655644 0.890092
vt 0.657827 0.887909
vt 0.660809 0.887110
vt 0.964190 0.081635
vt 0.964562 0.079062
vt 0.972369 0.078942
vt 0.972973 0.081500
vt 0.941063 0.842450
vt 0.941561 0.839870
vt 0.949587 0.839864
vt 0.950092 0.842443
vt 0.695604 0.888359
vt 0.696109 0.885783
vt 0.704134 0.885789
vt 0.704632 0.888366
vt 0.570191 0.879224
vt 0.570678 0.876651
vt 0.578700 0.876632
vt 0.579216 0.879203
vt 0.995080 0.822822
vt 0.995080 0.831851
vt 0.986051 0.831851
vt 0.986051 0.822822
vt 0.965668 0.075269
vt 0.970571 0.075194
vt 0.570191 0.940921
vt 0.579216 0.940900
vt 0.695604 0.949965
vt 0.704632 0.949971
vt 0.941063 0.903969
vt 0.950092 0.903962
vt 0.964190 0.143413
vt 0.972973 0.143278
vt 0.702653 0.881974
vt 0.697613 0.881970
vt 0.699472 0.878400
vt 0.700820 0.878401
vt 0.572128 0.872853
vt 0.577166 0.872841
vt 0.943044 0.836041
vt 0.948084 0.836037
vt 0.681230 0.778580
vt 0.681230 0.777232
vt 0.967036 0.071726
vt 0.968347 0.071706
vt 0.573921 0.869302
vt 0.575268 0.869299
vt 0.944877 0.832448
vt 0.946225 0.832447
vt 0.534275 0.978421
vt 0.534275 0.953300
vt 0.537233 0.953228
vt 0.537233 0.978349
vt 0.972973 0.346817
vt 0.972973 0.321662
vt 0.975603 0.321766
vt 0.975603 0.346921
vt 0.978689 0.321772
vt 0.978689 0.346926
vt 0.204025 0.962638
vt 0.204025 0.987687
vt 0.201037 0.987601
vt 0.201037 0.962552
vt 0.198839 0.987359
vt 0.198839 0.962310
vt 0.994321 0.321480
vt 0.994321 0.346635
vt 0.991605 0.346729
vt 0.991605 0.321574
vt 0.978116 0.101861
vt 0.978116 0.126945
vt 0.975140 0.126864
vt 0.975140 0.101780
vt 0.972973 0.126648
vt 0.972973 0.101564
vt 0.220279 0.962537
vt 0.220279 0.987586
vt 0.217302 0.987677
vt 0.217302 0.962628
vt 0.521003 0.953331
vt 0.521003 0.978452
vt 0.517999 0.978394
vt 0.517999 0.953272
vt 0.515755 0.978220
vt 0.515755 0.953098
vt 0.994381 0.101794
vt 0.994381 0.126878
vt 0.991393 0.126955
vt 0.991393 0.101870
vt 0.227812 0.956345
vt 0.227013 0.959327
vt 0.224830 0.961511
vt 0.221848 0.962310
vt 0.208571 0.962310
vt 0.205588 0.961511
vt 0.203405 0.959327
vt 0.202606 0.956345
vt 0.202606 0.943068
vt 0.203405 0.940086
vt 0.205588 0.937902
vt 0.208571 0.937103
vt 0.221848 0.937103
vt 0.224830 0.937902
vt 0.227013 0.940086
vt 0.227812 0.943068
vt 0.649796 0.956741
vt 0.648997 0.959724
vt 0.646813 0.961907
vt 0.643831 0.962706
vt 0.630554 0.962706
vt 0.627572 0.961907
vt 0.625388 0.959724
vt 0.624589 0.956741
vt 0.624589 0.943464
vt 0.625388 0.940482
vt 0.627572 0.938298
vt 0.643831 0.937499
vt 0.646813 0.938298
vt 0.648997 0.940482
vt 0.649796 0.943464
vt 0.964190 0.153341
vt 0.964562 0.150768
vt 0.972369 0.150648
vt 0.972973 0.153207
vt 0.941656 0.721511
vt 0.942154 0.718931
vt 0.950180 0.718924
vt 0.950685 0.721504
vt 0.346797 0.885521
vt 0.347302 0.882945
vt 0.355328 0.882951
vt 0.355826 0.885528
vt 0.579216 0.879224
vt 0.579703 0.876651
vt 0.587726 0.876633
vt 0.588241 0.879203
vt 0.328340 0.986712
vt 0.328340 0.995740
vt 0.319312 0.995740
vt 0.319312 0.986712
vt 0.965668 0.146975
vt 0.970571 0.146901
vt 0.579216 0.940921
vt 0.588241 0.940900
vt 0.346797 0.947127
vt 0.355826 0.947133
vt 0.941656 0.783030
vt 0.950685 0.783023
vt 0.964190 0.215119
vt 0.972973 0.214985
vt 0.353846 0.879136
vt 0.348806 0.879133
vt 0.350666 0.875562
vt 0.352014 0.875563
vt 0.581153 0.872853
vt 0.586191 0.872841
vt 0.943636 0.715101
vt 0.948677 0.715097
vt 0.679694 0.777232
vt 0.679694 0.778580
vt 0.678346 0.778580
vt 0.967036 0.143433
vt 0.968347 0.143413
vt 0.582946 0.869302
vt 0.584293 0.869299
vt 0.945470 0.711508
vt 0.946818 0.711507
vt 0.228461 0.856049
vt 0.148553 0.856049
vt 0.153559 0.850461
vt 0.223455 0.850461
vt 0.148553 0.711515
vt 0.228461 0.711515
vt 0.223455 0.717103
vt 0.153559 0.717103
vt 0.148553 0.856049
vt 0.068644 0.856049
vt 0.073651 0.850461
vt 0.143546 0.850461
vt 0.068645 0.711515
vt 0.148553 0.711515
vt 0.143546 0.717103
vt 0.073651 0.717103
vt 0.510531 0.801243
vt 0.504279 0.801148
vt 0.504279 0.780931
vt 0.510531 0.781026
vt 0.226853 0.878488
vt 0.220627 0.878484
vt 0.220627 0.856049
vt 0.226853 0.856054
vt 0.543535 0.821834
vt 0.549770 0.821829
vt 0.549770 0.842609
vt 0.543535 0.842613
vt 0.456493 0.839180
vt 0.450248 0.839165
vt 0.450248 0.816739
vt 0.456493 0.816754
vt 0.447905 0.802311
vt 0.425471 0.802311
vt 0.425471 0.781531
vt 0.447905 0.781531
vt 0.986051 0.809417
vt 0.986051 0.831851
vt 0.965271 0.831851
vt 0.965271 0.809417
vt 0.984971 0.688347
vt 0.984971 0.710782
vt 0.964190 0.710782
vt 0.964190 0.688347
vt 0.447905 0.843872
vt 0.425471 0.843872
vt 0.425471 0.823091
vt 0.447905 0.823091
vt 0.543535 0.780275
vt 0.549770 0.780270
vt 0.549770 0.801050
vt 0.543535 0.801054
vt 0.510531 0.841677
vt 0.504279 0.841581
vt 0.504279 0.821364
vt 0.510531 0.821460
vt 0.005257 0.989710
vt 0.008149 0.989710
vt 0.010913 0.992474
vt 0.002493 0.992474
vt 0.013406 0.994968
vt -0.000000 0.994968
vt 0.487393 0.818374
vt 0.487393 0.805331
vt 0.489498 0.802979
vt 0.489498 0.819872
vt 0.492069 0.801488
vt 0.492069 0.820853
vt 0.494856 0.801004
vt 0.494856 0.821220
vt 0.008149 0.985165
vt 0.005257 0.985165
vt 0.002493 0.982401
vt 0.010913 0.982401
vt -0.000000 0.979907
vt 0.013406 0.979907
vt 0.566732 0.804752
vt 0.566732 0.818157
vt 0.564568 0.820123
vt 0.564568 0.802760
vt 0.561962 0.821386
vt 0.561962 0.801482
vt 0.559168 0.821822
vt 0.559168 0.801043
vt 0.579216 0.959688
vt 0.579216 0.944628
vt 0.581403 0.942637
vt 0.581403 0.961655
vt 0.584023 0.941360
vt 0.584023 0.962919
vt 0.586818 0.940921
vt 0.586818 0.963356
vt 0.606153 0.975687
vt 0.606153 0.998112
vt 0.603362 0.997681
vt 0.603362 0.976130
vt 0.600773 0.996441
vt 0.600773 0.977430
vt 0.598638 0.994514
vt 0.598638 0.979459
vt 0.501175 0.801100
vt 0.501175 0.821317
vt 0.612464 0.975701
vt 0.612464 0.998127
vt 0.593111 0.940926
vt 0.593111 0.963360
vt 0.552866 0.821827
vt 0.552866 0.801047
vt 0.596203 0.940929
vt 0.596203 0.963363
vt 0.615564 0.975709
vt 0.615564 0.998134
vt 0.673309 0.738706
vt 0.675959 0.757144
vt 0.673309 0.757144
vt 0.675959 0.738706
vt 0.346797 0.977460
vt 0.349447 0.993520
vt 0.346797 0.995899
vt 0.353962 0.995899
vt 0.355586 0.995801
vt 0.357054 0.995518
vt 0.358369 0.995071
vt 0.359534 0.994476
vt 0.360551 0.993753
vt 0.353529 0.993520
vt 0.354762 0.993456
vt 0.361424 0.992922
vt 0.349447 0.979840
vt 0.355879 0.993270
vt 0.356882 0.992972
vt 0.357773 0.992570
vt 0.362154 0.991999
vt 0.358553 0.992072
vt 0.359223 0.991489
vt 0.362745 0.991004
vt 0.359787 0.990828
vt 0.363200 0.989957
vt 0.360244 0.990099
vt 0.360597 0.989311
vt 0.363522 0.988874
vt 0.360847 0.988472
vt 0.363713 0.987775
vt 0.360996 0.987592
vt 0.363776 0.986680
vt 0.361045 0.986680
vt 0.361014 0.986068
vt 0.363699 0.985504
vt 0.360915 0.985384
vt 0.363473 0.984354
vt 0.360736 0.984653
vt 0.360465 0.983897
vt 0.363102 0.983243
vt 0.360092 0.983141
vt 0.362590 0.982187
vt 0.359605 0.982408
vt 0.358994 0.981722
vt 0.361942 0.981199
vt 0.358245 0.981108
vt 0.361163 0.980296
vt 0.357350 0.980589
vt 0.356295 0.980188
vt 0.360258 0.979491
vt 0.355070 0.979931
vt 0.353664 0.979840
vt 0.359230 0.978799
vt 0.358084 0.978235
vt 0.356826 0.977815
vt 0.355459 0.977551
vt 0.353989 0.977460
vt 0.998453 0.688378
vt 0.998453 0.711243
vt 0.984971 0.711212
vt 0.984971 0.688347
vt 0.709449 0.849737
vt 0.686575 0.849737
vt 0.686575 0.845174
vt 0.709449 0.845174
vt 0.844070 0.864561
vt 0.856242 0.864552
vt 0.856242 0.869114
vt 0.844070 0.869123
vt 0.420274 0.846557
vt 0.408069 0.846371
vt 0.408069 0.841932
vt 0.420274 0.842119
vt 0.468606 0.896659
vt 0.468606 0.873785
vt 0.473168 0.873785
vt 0.473168 0.896659
vt 0.856242 0.846027
vt 0.856242 0.841464
vt 0.869705 0.841454
vt 0.869705 0.846017
vt 0.408069 0.864394
vt 0.408069 0.868833
vt 0.394570 0.868627
vt 0.394570 0.864188
vt 0.999074 0.505750
vt 0.999074 0.528623
vt 0.985630 0.528613
vt 0.985630 0.505740
vt 0.394570 0.846165
vt 0.394570 0.841726
vt 0.999074 0.551507
vt 0.985630 0.551497
vt 0.986545 0.549775
vt 0.999074 0.549071
vt 0.869705 0.864542
vt 0.869705 0.869104
vt 0.233761 0.985206
vt 0.220279 0.985175
vt 0.221196 0.983455
vt 0.233761 0.982771
vt 0.704632 0.901273
vt 0.704632 0.878399
vt 0.709194 0.878399
vt 0.709194 0.901273
vt 0.985630 0.528623
vt 0.986545 0.530347
vt 0.420274 0.869020
vt 0.420274 0.864581
vt 0.844070 0.841473
vt 0.844070 0.846036
vt 0.709449 0.872825
vt 0.686575 0.872825
vt 0.686575 0.868263
vt 0.709449 0.868263
vt 0.998163 0.651543
vt 0.998163 0.669566
vt 0.985630 0.669209
vt 0.985630 0.651186
vt 0.985630 0.651186
vt 0.985630 0.632661
vt 0.998106 0.632646
vt 0.998106 0.651171
vt 0.425471 0.995521
vt 0.425471 0.976092
vt 0.443996 0.976092
vt 0.443996 0.995521
vt 0.686575 0.795670
vt 0.686575 0.814196
vt 0.684139 0.814196
vt 0.684139 0.795670
vt 0.220279 0.962310
vt 0.221196 0.964034
vt 0.999074 0.528634
vt 0.999074 0.531069
vt 0.567755 0.798796
vt 0.567755 0.780270
vt 0.570191 0.780270
vt 0.570191 0.798796
vt 0.233761 0.962341
vt 0.233761 0.964776
vt 0.410264 0.994941
vt 0.420974 0.994941
vt 0.421021 0.996877
vt 0.410311 0.996877
vt 0.420146 0.874385
vt 0.409423 0.874221
vt 0.408573 0.872487
vt 0.420240 0.872665
vt 0.408069 0.870460
vt 0.420274 0.870646
vt 0.816872 0.970301
vt 0.806192 0.970301
vt 0.806249 0.968346
vt 0.816929 0.968346
vt 0.806407 0.966908
vt 0.818027 0.966908
vt 0.408573 0.838536
vt 0.420240 0.838714
vt 0.420274 0.840492
vt 0.408069 0.840305
vt 0.856242 0.839792
vt 0.844070 0.839801
vt 0.844121 0.837854
vt 0.855757 0.837845
vt 0.844262 0.836436
vt 0.854956 0.836428
vt 0.816943 0.987317
vt 0.806264 0.987317
vt 0.806204 0.985370
vt 0.816883 0.985370
vt 0.420939 0.979878
vt 0.410229 0.979878
vt 0.410267 0.977913
vt 0.420977 0.977913
vt 0.410381 0.976445
vt 0.422034 0.976445
vt 0.855757 0.872742
vt 0.844121 0.872750
vt 0.844070 0.870795
vt 0.856242 0.870786
vt 0.686575 0.843502
vt 0.687098 0.841551
vt 0.688526 0.840123
vt 0.690478 0.839600
vt 0.705547 0.839600
vt 0.707498 0.840123
vt 0.708926 0.841551
vt 0.709449 0.843502
vt 0.851655 0.872750
vt 0.851655 0.895624
vt 0.849983 0.895624
vt 0.849983 0.872750
vt 0.709449 0.874497
vt 0.708926 0.876448
vt 0.707498 0.877877
vt 0.705547 0.878399
vt 0.690478 0.878399
vt 0.688526 0.877877
vt 0.687098 0.876448
vt 0.686575 0.874497
vt 0.886477 0.836428
vt 0.886477 0.859302
vt 0.884805 0.859302
vt 0.884805 0.836428
vt 0.888429 0.836951
vt 0.888429 0.858779
vt 0.889857 0.838380
vt 0.890380 0.840331
vt 0.890380 0.855400
vt 0.889857 0.857351
vt 0.848032 0.895101
vt 0.848032 0.873273
vt 0.846604 0.893673
vt 0.846081 0.891722
vt 0.846081 0.876653
vt 0.846604 0.874701
vt 0.999113 0.459979
vt 0.999113 0.482843
vt 0.985630 0.482812
vt 0.985630 0.459947
vt 0.732323 0.849737
vt 0.709449 0.849737
vt 0.709449 0.845174
vt 0.732323 0.845174
vt 0.818435 0.864561
vt 0.830607 0.864552
vt 0.830607 0.869114
vt 0.818435 0.869123
vt 0.482197 0.845957
vt 0.469992 0.845771
vt 0.469992 0.841332
vt 0.482197 0.841519
vt 0.547403 0.881576
vt 0.547403 0.904450
vt 0.542841 0.904450
vt 0.542841 0.881576
vt 0.830607 0.846027
vt 0.830607 0.841464
vt 0.844070 0.841455
vt 0.844070 0.846017
vt 0.469992 0.863794
vt 0.469992 0.868233
vt 0.456492 0.868027
vt 0.456492 0.863588
vt 0.999074 0.551517
vt 0.999074 0.574391
vt 0.985630 0.574381
vt 0.985630 0.551507
vt 0.456492 0.845564
vt 0.456492 0.841126
vt 0.999074 0.609720
vt 0.985630 0.609710
vt 0.986545 0.607988
vt 0.999074 0.607284
vt 0.844070 0.864542
vt 0.844070 0.869104
vt 0.999113 0.505740
vt 0.985630 0.505708
vt 0.986548 0.503989
vt 0.999113 0.503305
vt 0.732069 0.878399
vt 0.732069 0.901273
vt 0.727506 0.901273
vt 0.727506 0.878399
vt 0.985630 0.586836
vt 0.986545 0.588559
vt 0.482197 0.868420
vt 0.482197 0.863981
vt 0.818435 0.841473
vt 0.818435 0.846036
vt 0.732323 0.872825
vt 0.709449 0.872825
vt 0.709449 0.868263
vt 0.732323 0.868263
vt 0.998163 0.669923
vt 0.998163 0.687947
vt 0.985630 0.687590
vt 0.985630 0.669566
vt 0.769905 0.996748
vt 0.769905 0.978223
vt 0.782382 0.978209
vt 0.782382 0.996734
vt 0.463876 0.976092
vt 0.463876 0.995521
vt 0.445350 0.995521
vt 0.445350 0.976092
vt 0.570191 0.817322
vt 0.567755 0.817322
vt 0.985630 0.482843
vt 0.986548 0.484567
vt 0.999074 0.586846
vt 0.999074 0.589282
vt 0.621909 0.828973
vt 0.621909 0.810447
vt 0.624344 0.810447
vt 0.624344 0.828973
vt 0.999113 0.482875
vt 0.999113 0.485310
vt 0.985665 0.630710
vt 0.996375 0.630710
vt 0.996423 0.632646
vt 0.985712 0.632646
vt 0.482068 0.873785
vt 0.471345 0.873621
vt 0.470495 0.871887
vt 0.482162 0.872065
vt 0.469992 0.869860
vt 0.482197 0.870046
vt 0.626244 0.979080
vt 0.615564 0.979080
vt 0.615621 0.977125
vt 0.626301 0.977125
vt 0.615779 0.975687
vt 0.627399 0.975687
vt 0.470495 0.837936
vt 0.482162 0.838114
vt 0.482197 0.839892
vt 0.469992 0.839705
vt 0.830607 0.839792
vt 0.818435 0.839801
vt 0.818486 0.837854
vt 0.830122 0.837845
vt 0.818626 0.836436
vt 0.829321 0.836428
vt 0.626315 0.996096
vt 0.615636 0.996096
vt 0.615576 0.994148
vt 0.626255 0.994148
vt 0.996340 0.615647
vt 0.985630 0.615647
vt 0.985668 0.613682
vt 0.996378 0.613682
vt 0.985782 0.612214
vt 0.997435 0.612214
vt 0.830122 0.872742
vt 0.818486 0.872750
vt 0.818435 0.870795
vt 0.830607 0.870786
vt 0.709449 0.843502
vt 0.709972 0.841551
vt 0.711400 0.840123
vt 0.713351 0.839600
vt 0.728421 0.839600
vt 0.730372 0.840123
vt 0.731800 0.841551
vt 0.732323 0.843502
vt 0.890380 0.859302
vt 0.890380 0.882176
vt 0.888708 0.882176
vt 0.888708 0.859302
vt 0.732323 0.874497
vt 0.731800 0.876448
vt 0.730372 0.877877
vt 0.728421 0.878400
vt 0.713351 0.878400
vt 0.711400 0.877877
vt 0.709972 0.876448
vt 0.709449 0.874497
vt 0.814532 0.870079
vt 0.814532 0.892953
vt 0.812860 0.892953
vt 0.812860 0.870079
vt 0.816483 0.870601
vt 0.816483 0.892430
vt 0.817912 0.872030
vt 0.818435 0.873981
vt 0.818435 0.889050
vt 0.817912 0.891001
vt 0.886756 0.881653
vt 0.886756 0.859825
vt 0.885328 0.880225
vt 0.884805 0.878274
vt 0.884805 0.863205
vt 0.885328 0.861253
vt 0.673309 0.757144
vt 0.675959 0.775583
vt 0.673309 0.775583
vt 0.300304 0.995606
vt 0.302211 0.995652
vt 0.301737 0.995669
vt 0.302687 0.995616
vt 0.303169 0.995560
vt 0.298946 0.995379
vt 0.303657 0.995482
vt 0.304154 0.995384
vt 0.304661 0.995264
vt 0.297672 0.994998
vt 0.305181 0.995122
vt 0.305716 0.994958
vt 0.306267 0.994770
vt 0.296490 0.994472
vt 0.306837 0.994558
vt 0.307428 0.994322
vt 0.308040 0.994062
vt 0.295410 0.993809
vt 0.302728 0.993171
vt 0.303247 0.993100
vt 0.303763 0.993002
vt 0.304278 0.992878
vt 0.304793 0.992727
vt 0.305311 0.992549
vt 0.305833 0.992342
vt 0.306361 0.992107
vt 0.306897 0.991842
vt 0.307442 0.991548
vt 0.307999 0.991224
vt 0.294441 0.993018
vt 0.301674 0.993236
vt 0.302204 0.993216
vt 0.300643 0.993190
vt 0.299662 0.993025
vt 0.298738 0.992747
vt 0.293593 0.992108
vt 0.297880 0.992364
vt 0.297094 0.991881
vt 0.292875 0.991088
vt 0.296387 0.991306
vt 0.295766 0.990646
vt 0.292296 0.989967
vt 0.295240 0.989906
vt 0.291864 0.988753
vt 0.294815 0.989093
vt 0.294498 0.988215
vt 0.291591 0.987457
vt 0.294296 0.987278
vt 0.291484 0.986085
vt 0.294218 0.986288
vt 0.294265 0.985281
vt 0.291533 0.985091
vt 0.294434 0.984330
vt 0.291710 0.984058
vt 0.294718 0.983442
vt 0.292020 0.983010
vt 0.295113 0.982621
vt 0.292465 0.981969
vt 0.295613 0.981874
vt 0.293048 0.980959
vt 0.296211 0.981206
vt 0.307512 0.980847
vt 0.307998 0.978272
vt 0.308040 0.981165
vt 0.296904 0.980623
vt 0.306976 0.980556
vt 0.293774 0.980005
vt 0.306437 0.980292
vt 0.297684 0.980131
vt 0.305893 0.980055
vt 0.305347 0.979846
vt 0.298547 0.979734
vt 0.304801 0.979664
vt 0.294645 0.979129
vt 0.304255 0.979510
vt 0.299487 0.979439
vt 0.303710 0.979385
vt 0.303169 0.979289
vt 0.300499 0.979252
vt 0.302632 0.979222
vt 0.302100 0.979185
vt 0.301576 0.979177
vt 0.295664 0.978355
vt 0.307538 0.978048
vt 0.296836 0.977706
vt 0.307069 0.977837
vt 0.306588 0.977640
vt 0.306092 0.977459
vt 0.298163 0.977206
vt 0.305580 0.977295
vt 0.305048 0.977149
vt 0.304493 0.977024
vt 0.299649 0.976879
vt 0.303914 0.976920
vt 0.303308 0.976839
vt 0.302671 0.976782
vt 0.301297 0.976748
vt 0.302002 0.976751
vt 0.990030 0.377202
vt 0.991209 0.377165
vt 0.990400 0.377213
vt 0.989664 0.377166
vt 0.989302 0.377106
vt 0.991971 0.377023
vt 0.988941 0.377022
vt 0.992681 0.376793
vt 0.988582 0.376914
vt 0.988223 0.376781
vt 0.993336 0.376477
vt 0.987865 0.376623
vt 0.987506 0.376440
vt 0.993930 0.376082
vt 0.987145 0.376233
vt 0.986782 0.375999
vt 0.994459 0.375612
vt 0.986417 0.375741
vt 0.986047 0.375456
vt 0.994918 0.375070
vt 0.986047 0.372131
vt 0.986416 0.372577
vt 0.986780 0.372972
vt 0.987139 0.373318
vt 0.987493 0.373617
vt 0.987843 0.373871
vt 0.988190 0.374084
vt 0.988533 0.374257
vt 0.988873 0.374394
vt 0.989210 0.374495
vt 0.989545 0.374565
vt 0.989879 0.374605
vt 0.990211 0.374618
vt 0.995304 0.374462
vt 0.990653 0.374589
vt 0.991074 0.374502
vt 0.991469 0.374362
vt 0.995612 0.373792
vt 0.991836 0.374171
vt 0.992171 0.373932
vt 0.992472 0.373648
vt 0.995838 0.373064
vt 0.992734 0.373322
vt 0.992956 0.372956
vt 0.995976 0.372284
vt 0.993134 0.372553
vt 0.993265 0.372118
vt 0.996023 0.371455
vt 0.993346 0.371651
vt 0.993374 0.371157
vt 0.995989 0.370713
vt 0.993365 0.370784
vt 0.993338 0.370433
vt 0.995884 0.369982
vt 0.993293 0.370100
vt 0.993230 0.369780
vt 0.995706 0.369250
vt 0.993149 0.369469
vt 0.993049 0.369163
vt 0.995451 0.368510
vt 0.992932 0.368859
vt 0.992797 0.368552
vt 0.992644 0.368237
vt 0.995116 0.367750
vt 0.992473 0.367912
vt 0.992283 0.367571
vt 0.994699 0.366960
vt 0.992076 0.367210
vt 0.991659 0.366528
vt 0.994196 0.366131
vt 0.991198 0.365823
vt 0.993604 0.365252
vt 0.990699 0.365100
vt 0.992921 0.364315
vt 0.990169 0.364366
vt 0.989615 0.363626
vt 0.992143 0.363308
vt 0.989045 0.362884
vt 0.991268 0.362221
vt 0.988465 0.362147
vt 0.990292 0.361046
vt 0.987882 0.361420
vt 0.987305 0.360709
vt 0.997348 0.361046
vt 0.997348 0.358531
vt 0.986738 0.360018
vt 0.986191 0.359353
vt 0.985669 0.358721
vt 0.985669 0.358531
vt 0.273078 0.995422
vt 0.274985 0.995468
vt 0.274511 0.995485
vt 0.275461 0.995432
vt 0.275943 0.995376
vt 0.271720 0.995196
vt 0.276431 0.995299
vt 0.276928 0.995201
vt 0.277435 0.995081
vt 0.270446 0.994815
vt 0.277955 0.994939
vt 0.278490 0.994774
vt 0.279041 0.994586
vt 0.269264 0.994288
vt 0.279611 0.994374
vt 0.280202 0.994139
vt 0.280814 0.993878
vt 0.268184 0.993625
vt 0.275502 0.992987
vt 0.276021 0.992916
vt 0.276537 0.992819
vt 0.277052 0.992695
vt 0.277567 0.992544
vt 0.278085 0.992365
vt 0.278607 0.992158
vt 0.279135 0.991923
vt 0.279671 0.991658
vt 0.280216 0.991364
vt 0.280773 0.991040
vt 0.267215 0.992834
vt 0.274448 0.993053
vt 0.274978 0.993032
vt 0.273417 0.993006
vt 0.272436 0.992841
vt 0.271512 0.992563
vt 0.266367 0.991924
vt 0.270654 0.992180
vt 0.269868 0.991697
vt 0.265649 0.990904
vt 0.269161 0.991122
vt 0.268540 0.990462
vt 0.265070 0.989783
vt 0.268014 0.989722
vt 0.264638 0.988570
vt 0.267589 0.988910
vt 0.267272 0.988032
vt 0.264365 0.987273
vt 0.267070 0.987095
vt 0.264258 0.985902
vt 0.266991 0.986105
vt 0.267039 0.985097
vt 0.264307 0.984908
vt 0.267208 0.984146
vt 0.264484 0.983875
vt 0.267492 0.983258
vt 0.264794 0.982826
vt 0.267887 0.982437
vt 0.265239 0.981785
vt 0.268387 0.981690
vt 0.265822 0.980776
vt 0.268985 0.981023
vt 0.280285 0.980664
vt 0.280772 0.978088
vt 0.280814 0.980981
vt 0.269678 0.980440
vt 0.279750 0.980373
vt 0.266548 0.979821
vt 0.279211 0.980109
vt 0.270458 0.979947
vt 0.278667 0.979872
vt 0.278121 0.979662
vt 0.271321 0.979551
vt 0.277575 0.979480
vt 0.267419 0.978945
vt 0.277029 0.979327
vt 0.272261 0.979256
vt 0.276484 0.979202
vt 0.275943 0.979106
vt 0.273273 0.979068
vt 0.275406 0.979038
vt 0.274874 0.979001
vt 0.274350 0.978994
vt 0.268438 0.978171
vt 0.280312 0.977864
vt 0.269610 0.977522
vt 0.279843 0.977653
vt 0.279362 0.977456
vt 0.278866 0.977275
vt 0.270937 0.977023
vt 0.278354 0.977111
vt 0.277822 0.976965
vt 0.277267 0.976840
vt 0.272423 0.976695
vt 0.276688 0.976736
vt 0.276082 0.976655
vt 0.275445 0.976599
vt 0.274071 0.976564
vt 0.274776 0.976568
vt 0.747464 0.895291
vt 0.732323 0.895059
vt 0.732323 0.839600
vt 0.747464 0.839831
vt 0.893343 0.958269
vt 0.878264 0.958257
vt 0.878264 0.927358
vt 0.893343 0.927369
vt 0.869705 0.836439
vt 0.884805 0.836428
vt 0.884805 0.893432
vt 0.869705 0.893443
vt 0.552356 0.984021
vt 0.537233 0.983986
vt 0.537233 0.953098
vt 0.552356 0.953134
vt 0.487393 0.837936
vt 0.456493 0.837936
vt 0.456493 0.780931
vt 0.487393 0.780931
vt 0.425471 0.838536
vt 0.394570 0.838536
vt 0.394570 0.781531
vt 0.425471 0.781531
vt 0.316864 0.994463
vt 0.319280 0.992689
vt 0.318168 0.995017
vt 0.315640 0.993838
vt 0.314496 0.993145
vt 0.318565 0.992437
vt 0.317857 0.992139
vt 0.313436 0.992389
vt 0.317162 0.991797
vt 0.316483 0.991416
vt 0.312463 0.991573
vt 0.315826 0.990998
vt 0.315196 0.990547
vt 0.311577 0.990702
vt 0.314600 0.990066
vt 0.314041 0.989559
vt 0.310782 0.989780
vt 0.313525 0.989028
vt 0.310081 0.988811
vt 0.313056 0.988478
vt 0.312642 0.987912
vt 0.309475 0.987800
vt 0.314981 0.987495
vt 0.315967 0.987232
vt 0.315274 0.987437
vt 0.314696 0.987536
vt 0.314418 0.987562
vt 0.316605 0.986947
vt 0.314148 0.987575
vt 0.313886 0.987574
vt 0.312285 0.987332
vt 0.313633 0.987563
vt 0.317184 0.986586
vt 0.313387 0.987541
vt 0.313150 0.987511
vt 0.312921 0.987474
vt 0.317701 0.986158
vt 0.312700 0.987431
vt 0.312489 0.987383
vt 0.318152 0.985667
vt 0.308966 0.986750
vt 0.318533 0.985122
vt 0.318840 0.984528
vt 0.308558 0.985666
vt 0.313432 0.985226
vt 0.313674 0.985199
vt 0.313927 0.985157
vt 0.314195 0.985102
vt 0.319069 0.983891
vt 0.314609 0.984984
vt 0.314990 0.984823
vt 0.313198 0.985240
vt 0.312967 0.985238
vt 0.315337 0.984625
vt 0.319217 0.983220
vt 0.312736 0.985222
vt 0.312501 0.985190
vt 0.315648 0.984391
vt 0.312259 0.985143
vt 0.315920 0.984125
vt 0.312004 0.985080
vt 0.311734 0.985000
vt 0.316151 0.983831
vt 0.311445 0.984905
vt 0.308253 0.984552
vt 0.319280 0.982519
vt 0.311133 0.984792
vt 0.316339 0.983513
vt 0.310851 0.984105
vt 0.316482 0.983172
vt 0.316577 0.982814
vt 0.319253 0.981795
vt 0.310674 0.983446
vt 0.316622 0.982440
vt 0.308094 0.983618
vt 0.316615 0.982055
vt 0.319133 0.981056
vt 0.310595 0.982820
vt 0.316554 0.981663
vt 0.308040 0.982718
vt 0.316434 0.981239
vt 0.318922 0.980346
vt 0.310605 0.982231
vt 0.316273 0.980851
vt 0.310698 0.981683
vt 0.318623 0.979684
vt 0.308090 0.981858
vt 0.316075 0.980502
vt 0.315841 0.980193
vt 0.310866 0.981180
vt 0.318243 0.979075
vt 0.315575 0.979926
vt 0.308239 0.981043
vt 0.311101 0.980728
vt 0.315279 0.979701
vt 0.311395 0.980328
vt 0.317792 0.978524
vt 0.314955 0.979522
vt 0.308484 0.980281
vt 0.311741 0.979987
vt 0.314607 0.979389
vt 0.314236 0.979304
vt 0.312132 0.979708
vt 0.317278 0.978038
vt 0.313845 0.979268
vt 0.312559 0.979496
vt 0.313438 0.979285
vt 0.313015 0.979354
vt 0.308822 0.979575
vt 0.316710 0.977620
vt 0.309250 0.978933
vt 0.316095 0.977277
vt 0.309764 0.978359
vt 0.315443 0.977014
vt 0.310362 0.977859
vt 0.314761 0.976836
vt 0.311040 0.977440
vt 0.314058 0.976748
vt 0.311795 0.977107
vt 0.313342 0.976756
vt 0.312623 0.976865
vt 0.754035 0.985427
vt 0.756685 0.996890
vt 0.754035 0.996890
vt 0.756685 0.985995
vt 0.767256 0.986157
vt 0.769905 0.996890
vt 0.767256 0.996890
vt 0.769905 0.985697
vt 0.767251 0.985732
vt 0.756690 0.985499
vt 0.767235 0.985324
vt 0.769849 0.984602
vt 0.756709 0.985050
vt 0.754112 0.984229
vt 0.767207 0.984931
vt 0.756740 0.984643
vt 0.767165 0.984554
vt 0.756786 0.984275
vt 0.769680 0.983575
vt 0.767106 0.984193
vt 0.756847 0.983940
vt 0.754333 0.983146
vt 0.767029 0.983849
vt 0.756925 0.983636
vt 0.766933 0.983521
vt 0.757020 0.983358
vt 0.769397 0.982623
vt 0.766815 0.983209
vt 0.757133 0.983101
vt 0.766674 0.982914
vt 0.754687 0.982178
vt 0.757266 0.982862
vt 0.766508 0.982635
vt 0.757420 0.982637
vt 0.757595 0.982421
vt 0.766315 0.982374
vt 0.769001 0.981749
vt 0.757793 0.982210
vt 0.766093 0.982129
vt 0.758062 0.981957
vt 0.755161 0.981321
vt 0.765871 0.981923
vt 0.758343 0.981727
vt 0.765622 0.981728
vt 0.768491 0.980960
vt 0.758635 0.981520
vt 0.765349 0.981543
vt 0.765050 0.981371
vt 0.758938 0.981335
vt 0.764726 0.981213
vt 0.759252 0.981171
vt 0.755740 0.980573
vt 0.764376 0.981071
vt 0.759577 0.981030
vt 0.764002 0.980946
vt 0.759914 0.980911
vt 0.767867 0.980260
vt 0.763604 0.980841
vt 0.760262 0.980814
vt 0.763181 0.980756
vt 0.760622 0.980738
vt 0.762734 0.980694
vt 0.760992 0.980685
vt 0.762262 0.980655
vt 0.761374 0.980652
vt 0.761767 0.980642
vt 0.756414 0.979932
vt 0.767129 0.979654
vt 0.757169 0.979396
vt 0.766276 0.979147
vt 0.757992 0.978962
vt 0.765309 0.978744
vt 0.758871 0.978629
vt 0.764226 0.978450
vt 0.759793 0.978394
vt 0.763027 0.978270
vt 0.760744 0.978254
vt 0.761713 0.978208
vt 0.455702 0.873713
vt 0.454097 0.873688
vt 0.454097 0.868740
vt 0.455702 0.868765
vt 0.103754 0.980968
vt 0.096825 0.984485
vt 0.092816 0.980959
vt 0.099015 0.980964
vt 0.988302 0.803658
vt 0.988302 0.797451
vt 0.993387 0.797454
vt 0.993387 0.803661
vt 0.363799 0.987617
vt 0.366046 0.987617
vt 0.365410 0.990936
vt 0.363807 0.990936
vt 0.988302 0.808404
vt 0.993387 0.808407
vt 0.996116 0.353565
vt 0.996116 0.356884
vt 0.991031 0.356884
vt 0.991031 0.353565
vt 0.704632 0.944341
vt 0.708889 0.943590
vt 0.708889 0.948538
vt 0.704632 0.949289
vt 0.996116 0.346926
vt 0.996116 0.350246
vt 0.991031 0.350246
vt 0.930539 0.698866
vt 0.930539 0.702185
vt 0.925454 0.702185
vt 0.925454 0.698866
vt 0.930539 0.705505
vt 0.925454 0.705505
vt 0.930539 0.712346
vt 0.925454 0.712346
vt 0.368529 0.977460
vt 0.374745 0.977460
vt 0.370733 0.980981
vt 0.363776 0.977460
vt 0.368282 0.984299
vt 0.363792 0.984299
vt 0.103754 0.994448
vt 0.102156 0.994447
vt 0.101514 0.991127
vt 0.103754 0.991129
vt 0.099277 0.987806
vt 0.103754 0.987809
vt 0.226853 0.866223
vt 0.226853 0.861137
vt 0.228453 0.861136
vt 0.228453 0.866222
vt 0.985669 0.421006
vt 0.990408 0.421006
vt 0.996606 0.421006
vt 0.992601 0.424528
vt 0.994606 0.717548
vt 0.989659 0.717623
vt 0.989659 0.711399
vt 0.994606 0.711323
vt 0.784784 0.971565
vt 0.784784 0.974883
vt 0.783181 0.974879
vt 0.782538 0.971560
vt 0.994606 0.722307
vt 0.989659 0.722383
vt 0.989659 0.738573
vt 0.994744 0.738573
vt 0.994744 0.741892
vt 0.989659 0.741892
vt 0.891470 0.921969
vt 0.891470 0.927055
vt 0.887110 0.927032
vt 0.887110 0.921946
vt 0.989659 0.731934
vt 0.994744 0.731934
vt 0.994744 0.735253
vt 0.989659 0.735253
vt 0.925453 0.658424
vt 0.930539 0.658424
vt 0.930539 0.661743
vt 0.925453 0.661743
vt 0.930539 0.665063
vt 0.925453 0.665063
vt 0.930539 0.671905
vt 0.925453 0.671905
vt 0.780031 0.961397
vt 0.784784 0.961408
vt 0.777835 0.964912
vt 0.773815 0.961382
vt 0.784784 0.968247
vt 0.780294 0.968236
vt 0.985679 0.434486
vt 0.985676 0.431167
vt 0.987917 0.431167
vt 0.987277 0.434486
vt 0.985674 0.427848
vt 0.990151 0.427848
vt 0.228458 0.866248
vt 0.228458 0.871195
vt 0.226853 0.871171
vt 0.226853 0.866223
vt 0.013406 0.979907
vt 0.018159 0.979907
vt 0.024375 0.979907
vt 0.020364 0.983428
vt 0.105523 0.974745
vt 0.100437 0.974742
vt 0.100437 0.968534
vt 0.105523 0.968538
vt 0.995924 0.896898
vt 0.995924 0.900217
vt 0.994325 0.900216
vt 0.993683 0.896896
vt 0.105523 0.979491
vt 0.100437 0.979488
vt 0.989659 0.748531
vt 0.994744 0.748531
vt 0.994744 0.751850
vt 0.989659 0.751850
vt 0.482806 0.944972
vt 0.482806 0.940024
vt 0.487063 0.939273
vt 0.487063 0.944221
vt 0.994744 0.741892
vt 0.994744 0.745212
vt 0.989659 0.745212
vt 0.925454 0.671905
vt 0.930539 0.671905
vt 0.930539 0.675224
vt 0.925454 0.675224
vt 0.930539 0.678543
vt 0.925454 0.678543
vt 0.930539 0.685385
vt 0.925454 0.685385
vt 0.991184 0.886733
vt 0.995924 0.886737
vt 0.988994 0.890254
vt 0.984986 0.886729
vt 0.995924 0.893579
vt 0.991447 0.893575
vt 0.013437 0.993382
vt 0.013430 0.990064
vt 0.015676 0.990064
vt 0.015040 0.993382
vt 0.013422 0.986746
vt 0.017912 0.986746
vt 0.226853 0.856051
vt 0.228453 0.856049
vt 0.228453 0.861135
vt 0.226853 0.861136
vt 0.784784 0.947907
vt 0.777835 0.951412
vt 0.773815 0.947881
vt 0.780031 0.947896
vt 0.542841 0.910750
vt 0.542841 0.904525
vt 0.547788 0.904450
vt 0.547788 0.910674
vt 0.985676 0.444647
vt 0.987917 0.444647
vt 0.987277 0.447967
vt 0.985679 0.447967
vt 0.542841 0.915509
vt 0.547788 0.915433
vt 0.989659 0.755170
vt 0.994744 0.755170
vt 0.424635 0.873573
vt 0.420274 0.873550
vt 0.420274 0.868465
vt 0.424635 0.868488
vt 0.989659 0.761809
vt 0.989659 0.758489
vt 0.994744 0.758489
vt 0.994744 0.761809
vt 0.925454 0.698866
vt 0.925454 0.695546
vt 0.930539 0.695546
vt 0.925454 0.692227
vt 0.930539 0.692227
vt 0.990408 0.434486
vt 0.996606 0.434486
vt 0.992601 0.438009
vt 0.985669 0.434486
vt 0.990151 0.441328
vt 0.985674 0.441328
vt 0.784784 0.961382
vt 0.783181 0.961378
vt 0.782537 0.958059
vt 0.784784 0.958064
vt 0.780294 0.954736
vt 0.784784 0.954746
vt 0.812946 0.862557
vt 0.814678 0.863979
vt 0.812335 0.866322
vt 0.810914 0.864591
vt 0.809579 0.868164
vt 0.808523 0.866188
vt 0.806517 0.869432
vt 0.805867 0.867288
vt 0.803267 0.870079
vt 0.803047 0.867849
vt 0.799952 0.870079
vt 0.800172 0.867849
vt 0.796702 0.869432
vt 0.797352 0.867288
vt 0.793640 0.868164
vt 0.794696 0.866188
vt 0.790884 0.866322
vt 0.792305 0.864591
vt 0.788540 0.863979
vt 0.790272 0.862558
vt 0.786699 0.861223
vt 0.788675 0.860167
vt 0.785431 0.858161
vt 0.787575 0.857511
vt 0.784784 0.854911
vt 0.787014 0.854691
vt 0.784784 0.851596
vt 0.787014 0.851816
vt 0.785431 0.848346
vt 0.787575 0.848996
vt 0.786699 0.845284
vt 0.788675 0.846340
vt 0.788540 0.842528
vt 0.790272 0.843949
vt 0.790884 0.840184
vt 0.792305 0.841916
vt 0.793640 0.838343
vt 0.794696 0.840319
vt 0.796702 0.837075
vt 0.797352 0.839219
vt 0.799952 0.836428
vt 0.800172 0.838658
vt 0.803266 0.836428
vt 0.803047 0.838658
vt 0.806517 0.837075
vt 0.805867 0.839219
vt 0.809579 0.838343
vt 0.808523 0.840319
vt 0.812335 0.840184
vt 0.810913 0.841916
vt 0.814678 0.842528
vt 0.812946 0.843949
vt 0.816520 0.845284
vt 0.814544 0.846340
vt 0.817788 0.848346
vt 0.815644 0.848996
vt 0.818435 0.851596
vt 0.816205 0.851816
vt 0.818435 0.854911
vt 0.816205 0.854691
vt 0.817788 0.858161
vt 0.815644 0.857511
vt 0.816520 0.861223
vt 0.814544 0.860167
vt 0.987476 0.762110
vt 0.987476 0.781331
vt 0.968250 0.781326
vt 0.968250 0.762105
vt 0.484742 0.975734
vt 0.484742 0.994959
vt 0.465521 0.994955
vt 0.465521 0.975729
vt 0.673309 0.725150
vt 0.674502 0.711515
vt 0.675574 0.711515
vt 0.674382 0.725150
vt 0.620403 0.824526
vt 0.620403 0.810555
vt 0.621469 0.810447
vt 0.621469 0.824418
vt 0.674502 0.738705
vt 0.675574 0.738705
vt 0.675574 0.711555
vt 0.676649 0.711515
vt 0.676649 0.727837
vt 0.683926 0.777232
vt 0.686575 0.795670
vt 0.683926 0.795670
vt 0.686575 0.777232
vt 0.985669 0.402567
vt 0.988318 0.418627
vt 0.985669 0.421006
vt 0.991427 0.421006
vt 0.992389 0.420958
vt 0.993261 0.420816
vt 0.994044 0.420589
vt 0.994739 0.420281
vt 0.995348 0.419900
vt 0.995871 0.419451
vt 0.996311 0.418942
vt 0.991427 0.418627
vt 0.996668 0.418378
vt 0.988318 0.412922
vt 0.991995 0.418597
vt 0.992495 0.418512
vt 0.992933 0.418378
vt 0.996944 0.417767
vt 0.993310 0.418198
vt 0.993631 0.417980
vt 0.993898 0.417728
vt 0.997139 0.417113
vt 0.994115 0.417448
vt 0.994285 0.417145
vt 0.994412 0.416825
vt 0.997256 0.416425
vt 0.994498 0.416493
vt 0.994548 0.416154
vt 0.997294 0.415707
vt 0.994564 0.415815
vt 0.994537 0.415372
vt 0.997253 0.414998
vt 0.994460 0.414962
vt 0.997130 0.414320
vt 0.994334 0.414587
vt 0.994161 0.414248
vt 0.996923 0.413680
vt 0.993943 0.413945
vt 0.993682 0.413679
vt 0.996631 0.413082
vt 0.993379 0.413452
vt 0.993038 0.413264
vt 0.992659 0.413116
vt 0.992245 0.413009
vt 0.996253 0.412534
vt 0.991798 0.412944
vt 0.991319 0.412922
vt 0.988318 0.410543
vt 0.995787 0.412040
vt 0.995232 0.411607
vt 0.994587 0.411239
vt 0.993850 0.410943
vt 0.993020 0.410725
vt 0.992096 0.410589
vt 0.991076 0.410543
vt 0.988318 0.402567
vt 0.515755 0.994512
vt 0.531166 0.996891
vt 0.515755 0.996891
vt 0.531166 0.994512
vt 0.522136 0.994512
vt 0.522136 0.978452
vt 0.524785 0.994512
vt 0.524785 0.978452
vt 0.228461 0.811959
vt 0.328905 0.711515
vt 0.328905 0.811959
vt 0.545395 0.952621
vt 0.544644 0.952906
vt 0.544008 0.952797
vt 0.543582 0.952312
vt 0.543433 0.951522
vt 0.543433 0.942354
vt 0.543586 0.941559
vt 0.544021 0.941056
vt 0.544673 0.940921
vt 0.545441 0.941176
vt 0.553164 0.945499
vt 0.553783 0.946021
vt 0.554009 0.946647
vt 0.553808 0.947281
vt 0.553210 0.947827
vt 0.972973 0.135202
vt 0.972973 0.133723
vt 0.973262 0.132273
vt 0.973827 0.130907
vt 0.974649 0.129677
vt 0.975695 0.128631
vt 0.976924 0.127810
vt 0.978290 0.127243
vt 0.979741 0.126955
vt 0.981220 0.126955
vt 0.982670 0.127243
vt 0.984036 0.127809
vt 0.985266 0.128631
vt 0.986312 0.129676
vt 0.987134 0.130906
vt 0.987700 0.132272
vt 0.987988 0.133722
vt 0.987988 0.135201
vt 0.987700 0.136652
vt 0.987134 0.138018
vt 0.986313 0.139248
vt 0.985267 0.140294
vt 0.984037 0.141115
vt 0.982671 0.141681
vt 0.981221 0.141970
vt 0.979742 0.141970
vt 0.978291 0.141682
vt 0.976925 0.141116
vt 0.975695 0.140294
vt 0.974650 0.139249
vt 0.973828 0.138019
vt 0.973262 0.136653
vt 0.754262 0.937619
vt 0.754278 0.939089
vt 0.751985 0.939092
vt 0.751970 0.937738
vt 0.750172 0.939102
vt 0.750161 0.938070
vt 0.551135 0.989401
vt 0.551237 0.990434
vt 0.548986 0.990434
vt 0.548928 0.989840
vt 0.754214 0.936206
vt 0.751926 0.936439
vt 0.750127 0.937079
vt 0.550834 0.988408
vt 0.548755 0.989269
vt 0.754136 0.934907
vt 0.751854 0.935244
vt 0.551714 0.986578
vt 0.552356 0.987778
vt 0.550345 0.987493
vt 0.548473 0.988743
vt 0.754031 0.933770
vt 0.751758 0.934198
vt 0.550851 0.985526
vt 0.549686 0.986691
vt 0.548095 0.988282
vt 0.532662 0.979588
vt 0.532754 0.978452
vt 0.535025 0.978880
vt 0.534940 0.979926
vt 0.549799 0.984663
vt 0.548884 0.986033
vt 0.547634 0.987904
vt 0.532593 0.980888
vt 0.534877 0.981121
vt 0.548599 0.984021
vt 0.547969 0.985543
vt 0.547108 0.987622
vt 0.532551 0.982300
vt 0.534838 0.982420
vt 0.536658 0.981761
vt 0.536628 0.982752
vt 0.546976 0.985242
vt 0.546537 0.987449
vt 0.532537 0.983770
vt 0.534825 0.983773
vt 0.536618 0.983784
vt 0.545943 0.985141
vt 0.545943 0.987391
vt 0.532551 0.985243
vt 0.534838 0.985128
vt 0.536628 0.984817
vt 0.544911 0.985242
vt 0.545350 0.987449
vt 0.532593 0.986661
vt 0.534877 0.986433
vt 0.536658 0.985813
vt 0.543918 0.985543
vt 0.544779 0.987622
vt 0.532662 0.987971
vt 0.534940 0.987638
vt 0.542087 0.984663
vt 0.543287 0.984021
vt 0.543002 0.986033
vt 0.544253 0.987904
vt 0.532754 0.989121
vt 0.535025 0.988696
vt 0.541035 0.985526
vt 0.542200 0.986691
vt 0.543792 0.988282
vt 0.904747 0.992002
vt 0.904670 0.993171
vt 0.902403 0.992752
vt 0.902474 0.991676
vt 0.540172 0.986578
vt 0.541542 0.987493
vt 0.543413 0.988743
vt 0.904805 0.990679
vt 0.902527 0.990458
vt 0.539531 0.987778
vt 0.541053 0.988408
vt 0.543132 0.989269
vt 0.904840 0.989252
vt 0.902559 0.989146
vt 0.900768 0.989867
vt 0.900793 0.988866
vt 0.540752 0.989401
vt 0.542959 0.989840
vt 0.904852 0.987777
vt 0.902570 0.987788
vt 0.900801 0.987831
vt 0.540650 0.990434
vt 0.542900 0.990434
vt 0.904840 0.986310
vt 0.902559 0.986439
vt 0.900793 0.986802
vt 0.540752 0.991467
vt 0.542959 0.991028
vt 0.904805 0.984907
vt 0.902527 0.985148
vt 0.900768 0.985817
vt 0.541053 0.992460
vt 0.543132 0.991598
vt 0.904747 0.983623
vt 0.902474 0.983967
vt 0.540172 0.994290
vt 0.539531 0.993090
vt 0.541542 0.993375
vt 0.543413 0.992125
vt 0.992261 0.792513
vt 0.992201 0.793691
vt 0.989939 0.793275
vt 0.989994 0.792192
vt 0.541035 0.995342
vt 0.542200 0.994177
vt 0.543792 0.992586
vt 0.992306 0.791184
vt 0.990035 0.790969
vt 0.542087 0.996205
vt 0.543002 0.994835
vt 0.544253 0.992964
vt 0.992334 0.789754
vt 0.990061 0.789653
vt 0.988302 0.790392
vt 0.988321 0.789388
vt 0.543918 0.995324
vt 0.544779 0.993245
vt 0.992343 0.788278
vt 0.990069 0.788295
vt 0.988328 0.788352
vt 0.544911 0.995626
vt 0.545350 0.993418
vt 0.992334 0.786812
vt 0.990061 0.786946
vt 0.988321 0.787324
vt 0.545943 0.995727
vt 0.545943 0.993477
vt 0.992306 0.785414
vt 0.990035 0.785660
vt 0.988302 0.786343
vt 0.546976 0.995626
vt 0.546537 0.993418
vt 0.992261 0.784137
vt 0.989994 0.784485
vt 0.548599 0.996846
vt 0.547297 0.997241
vt 0.547969 0.995324
vt 0.547108 0.993245
vt 0.992201 0.783030
vt 0.989939 0.783466
vt 0.549799 0.996205
vt 0.548884 0.994835
vt 0.547634 0.992964
vt 0.754031 0.944438
vt 0.753904 0.945384
vt 0.751641 0.944883
vt 0.751758 0.944013
vt 0.550851 0.995342
vt 0.549686 0.994177
vt 0.548095 0.992586
vt 0.754136 0.943289
vt 0.751854 0.942956
vt 0.551714 0.994290
vt 0.550345 0.993375
vt 0.548473 0.992125
vt 0.754214 0.941980
vt 0.751926 0.941751
vt 0.552356 0.993090
vt 0.550834 0.992460
vt 0.548755 0.991598
vt 0.754262 0.940562
vt 0.751970 0.940447
vt 0.750127 0.941130
vt 0.750161 0.940135
vt 0.551135 0.991467
vt 0.548928 0.991028
vt 0.755647 0.939090
vt 0.755631 0.937620
vt 0.755631 0.940563
vt 0.755583 0.936207
vt 0.755505 0.934908
vt 0.755400 0.933771
vt 0.531383 0.978453
vt 0.531291 0.979589
vt 0.531222 0.980889
vt 0.531180 0.982301
vt 0.531166 0.983771
vt 0.531180 0.985244
vt 0.531222 0.986662
vt 0.531291 0.987972
vt 0.531383 0.989122
vt 0.906043 0.993174
vt 0.906120 0.992005
vt 0.906178 0.990682
vt 0.906213 0.989255
vt 0.906225 0.987780
vt 0.906213 0.986313
vt 0.906178 0.984910
vt 0.906120 0.983626
vt 0.993576 0.793694
vt 0.993636 0.792517
vt 0.993681 0.791187
vt 0.993709 0.789757
vt 0.993718 0.788281
vt 0.993709 0.786816
vt 0.993681 0.785417
vt 0.993636 0.784140
vt 0.993576 0.783033
vt 0.755273 0.945385
vt 0.755400 0.944439
vt 0.755505 0.943290
vt 0.755583 0.941981
vt 0.935989 0.993997
vt 0.934759 0.993175
vt 0.933714 0.992129
vt 0.932892 0.990900
vt 0.932326 0.989533
vt 0.932038 0.988083
vt 0.932038 0.986604
vt 0.932326 0.985154
vt 0.932892 0.983787
vt 0.933714 0.982558
vt 0.934759 0.981512
vt 0.935989 0.980690
vt 0.937355 0.980124
vt 0.938806 0.979836
vt 0.940285 0.979836
vt 0.941735 0.980124
vt 0.943101 0.980690
vt 0.944331 0.981512
vt 0.945377 0.982558
vt 0.946198 0.983787
vt 0.946764 0.985154
vt 0.947053 0.986604
vt 0.947053 0.988083
vt 0.946764 0.989533
vt 0.946198 0.990900
vt 0.945377 0.992129
vt 0.944331 0.993175
vt 0.943101 0.993997
vt 0.941735 0.994563
vt 0.940285 0.994851
vt 0.938806 0.994851
vt 0.937355 0.994562
vt 0.754262 0.928947
vt 0.751970 0.928831
vt 0.751985 0.927476
vt 0.754278 0.927474
vt 0.750161 0.928520
vt 0.750172 0.927486
vt 0.921026 0.991182
vt 0.918818 0.990743
vt 0.918877 0.990149
vt 0.921127 0.990149
vt 0.754214 0.930365
vt 0.751926 0.930136
vt 0.750127 0.929515
vt 0.920724 0.992175
vt 0.918645 0.991314
vt 0.754136 0.931674
vt 0.751854 0.931340
vt 0.921605 0.994005
vt 0.920235 0.993090
vt 0.922246 0.992805
vt 0.918364 0.991840
vt 0.754031 0.932823
vt 0.751758 0.932398
vt 0.920742 0.995057
vt 0.919577 0.993892
vt 0.917985 0.992301
vt 0.753904 0.933769
vt 0.751641 0.933268
vt 0.919690 0.995920
vt 0.918775 0.994550
vt 0.917524 0.992679
vt 0.991948 0.128062
vt 0.989681 0.128410
vt 0.989626 0.127391
vt 0.991888 0.126955
vt 0.918490 0.996562
vt 0.917859 0.995040
vt 0.916998 0.992960
vt 0.991993 0.129339
vt 0.989722 0.129586
vt 0.917188 0.996957
vt 0.916866 0.995341
vt 0.916427 0.993134
vt 0.992020 0.130738
vt 0.989747 0.130872
vt 0.988008 0.131249
vt 0.987988 0.130268
vt 0.915834 0.995443
vt 0.915834 0.993192
vt 0.992030 0.132203
vt 0.989756 0.132220
vt 0.988014 0.132278
vt 0.914801 0.995341
vt 0.915240 0.993134
vt 0.992020 0.133679
vt 0.989747 0.133578
vt 0.988008 0.133313
vt 0.913808 0.995040
vt 0.914669 0.992960
vt 0.991993 0.135109
vt 0.989722 0.134894
vt 0.987988 0.134317
vt 0.912893 0.994550
vt 0.914143 0.992679
vt 0.991948 0.136439
vt 0.989681 0.136117
vt 0.910926 0.995057
vt 0.912091 0.993892
vt 0.911978 0.995920
vt 0.913682 0.992301
vt 0.991888 0.137616
vt 0.989626 0.137200
vt 0.910063 0.994005
vt 0.911432 0.993090
vt 0.913304 0.991840
vt 0.681864 0.985424
vt 0.679587 0.985665
vt 0.679534 0.984484
vt 0.681807 0.984140
vt 0.909421 0.992805
vt 0.910943 0.992175
vt 0.913022 0.991314
vt 0.681900 0.986827
vt 0.679619 0.986956
vt 0.677852 0.987319
vt 0.677828 0.986335
vt 0.910642 0.991182
vt 0.912849 0.990743
vt 0.681911 0.988294
vt 0.679630 0.988306
vt 0.677861 0.988348
vt 0.910540 0.990149
vt 0.912791 0.990149
vt 0.681900 0.989769
vt 0.679619 0.989663
vt 0.677852 0.989383
vt 0.910642 0.989116
vt 0.912849 0.989555
vt 0.681864 0.991196
vt 0.679587 0.990975
vt 0.677828 0.990384
vt 0.910943 0.988123
vt 0.913022 0.988985
vt 0.681807 0.992519
vt 0.679534 0.992193
vt 0.910063 0.986293
vt 0.911433 0.987208
vt 0.909421 0.987493
vt 0.913304 0.988459
vt 0.681730 0.993688
vt 0.679463 0.993269
vt 0.910926 0.985241
vt 0.912091 0.986406
vt 0.913682 0.987997
vt 0.071579 0.990294
vt 0.073857 0.989961
vt 0.073942 0.991019
vt 0.071671 0.991444
vt 0.911978 0.984378
vt 0.912893 0.985748
vt 0.914143 0.987619
vt 0.071510 0.988985
vt 0.073794 0.988756
vt 0.913178 0.983737
vt 0.913808 0.985259
vt 0.914669 0.987338
vt 0.071468 0.987566
vt 0.073755 0.987451
vt 0.075545 0.987141
vt 0.075575 0.988136
vt 0.914801 0.984957
vt 0.915240 0.987164
vt 0.071454 0.986094
vt 0.073742 0.986096
vt 0.075535 0.986107
vt 0.915834 0.984856
vt 0.915834 0.987106
vt 0.071468 0.984623
vt 0.073755 0.984743
vt 0.075545 0.985075
vt 0.916866 0.984957
vt 0.916427 0.987164
vt 0.071510 0.983211
vt 0.073794 0.983444
vt 0.075575 0.984085
vt 0.917859 0.985259
vt 0.916998 0.987338
vt 0.071579 0.981912
vt 0.073857 0.982249
vt 0.919690 0.984378
vt 0.918775 0.985748
vt 0.918490 0.983737
vt 0.917524 0.987619
vt 0.071671 0.980776
vt 0.073942 0.981203
vt 0.920742 0.985241
vt 0.919577 0.986406
vt 0.917985 0.987997
vt 0.754136 0.923292
vt 0.751854 0.923628
vt 0.751758 0.922582
vt 0.754031 0.922155
vt 0.921605 0.986293
vt 0.920235 0.987208
vt 0.918364 0.988459
vt 0.754214 0.924591
vt 0.751926 0.924824
vt 0.922246 0.987493
vt 0.920724 0.988123
vt 0.918645 0.988985
vt 0.754262 0.926003
vt 0.751970 0.926123
vt 0.750161 0.926454
vt 0.750127 0.925463
vt 0.921025 0.989116
vt 0.918818 0.989555
vt 0.755647 0.927475
vt 0.755631 0.928948
vt 0.755631 0.926004
vt 0.755583 0.930366
vt 0.755505 0.931675
vt 0.755400 0.932824
vt 0.755273 0.933770
vt 0.993263 0.126958
vt 0.993323 0.128065
vt 0.993368 0.129343
vt 0.993395 0.130741
vt 0.993405 0.132206
vt 0.993395 0.133682
vt 0.993368 0.135112
vt 0.993323 0.136442
vt 0.993263 0.137619
vt 0.683180 0.984143
vt 0.683237 0.985427
vt 0.683273 0.986830
vt 0.683284 0.988297
vt 0.683273 0.989772
vt 0.683237 0.991199
vt 0.683180 0.992522
vt 0.683103 0.993691
vt 0.070300 0.991445
vt 0.070208 0.990295
vt 0.070139 0.988986
vt 0.070097 0.987567
vt 0.070083 0.986095
vt 0.070097 0.984624
vt 0.070139 0.983212
vt 0.070208 0.981913
vt 0.070300 0.980777
vt 0.755400 0.922156
vt 0.755505 0.923293
vt 0.755583 0.924592
vt 0.971647 0.899022
vt 0.970825 0.897792
vt 0.970259 0.896426
vt 0.969971 0.894975
vt 0.969971 0.893497
vt 0.970259 0.892046
vt 0.970825 0.890680
vt 0.971647 0.889450
vt 0.972692 0.888404
vt 0.973922 0.887583
vt 0.975288 0.887017
vt 0.976739 0.886728
vt 0.978218 0.886728
vt 0.979668 0.887017
vt 0.981034 0.887583
vt 0.982264 0.888404
vt 0.983310 0.889450
vt 0.984131 0.890680
vt 0.984697 0.892046
vt 0.984986 0.893496
vt 0.984986 0.894975
vt 0.984697 0.896426
vt 0.984131 0.897792
vt 0.983310 0.899022
vt 0.982264 0.900067
vt 0.981034 0.900889
vt 0.979668 0.901455
vt 0.978218 0.901743
vt 0.976739 0.901743
vt 0.975288 0.901455
vt 0.973922 0.900889
vt 0.972692 0.900067
vt 0.930225 0.949067
vt 0.927934 0.948952
vt 0.927949 0.947597
vt 0.930242 0.947594
vt 0.926124 0.948640
vt 0.926136 0.947607
vt 0.899547 0.991068
vt 0.897340 0.990629
vt 0.897399 0.990036
vt 0.899649 0.990036
vt 0.930178 0.950485
vt 0.927890 0.950256
vt 0.926091 0.949635
vt 0.899246 0.992061
vt 0.897167 0.991200
vt 0.930100 0.951794
vt 0.927818 0.951461
vt 0.900127 0.993892
vt 0.898757 0.992976
vt 0.900768 0.992692
vt 0.896886 0.991726
vt 0.929995 0.952943
vt 0.927722 0.952518
vt 0.899264 0.994943
vt 0.898099 0.993779
vt 0.896507 0.992187
vt 0.929868 0.953889
vt 0.927605 0.953389
vt 0.898212 0.995807
vt 0.897296 0.994437
vt 0.896046 0.992566
vt 0.345283 0.983549
vt 0.343016 0.983897
vt 0.342960 0.982878
vt 0.345223 0.982441
vt 0.897012 0.996448
vt 0.896381 0.994926
vt 0.895520 0.992847
vt 0.345328 0.984826
vt 0.343057 0.985072
vt 0.895710 0.996843
vt 0.895388 0.995227
vt 0.894949 0.993020
vt 0.345355 0.986224
vt 0.343082 0.986358
vt 0.341343 0.986736
vt 0.341323 0.985755
vt 0.894356 0.995329
vt 0.894356 0.993079
vt 0.345365 0.987689
vt 0.343091 0.987706
vt 0.341349 0.987764
vt 0.893323 0.995227
vt 0.893762 0.993020
vt 0.345355 0.989165
vt 0.343082 0.989065
vt 0.341343 0.988800
vt 0.892330 0.994926
vt 0.893191 0.992847
vt 0.345328 0.990596
vt 0.343057 0.990381
vt 0.341323 0.989803
vt 0.891415 0.994437
vt 0.892665 0.992566
vt 0.345283 0.991925
vt 0.343016 0.991604
vt 0.889448 0.994943
vt 0.890613 0.993779
vt 0.890499 0.995807
vt 0.892204 0.992187
vt 0.345223 0.993102
vt 0.342960 0.992687
vt 0.888585 0.993892
vt 0.889954 0.992976
vt 0.891825 0.991726
vt 0.993695 0.723667
vt 0.991417 0.723908
vt 0.991365 0.722726
vt 0.993638 0.722383
vt 0.887943 0.992692
vt 0.889465 0.992061
vt 0.891544 0.991200
vt 0.993730 0.725069
vt 0.991450 0.725198
vt 0.989683 0.725561
vt 0.989659 0.724577
vt 0.889164 0.991068
vt 0.891371 0.990629
vt 0.993742 0.726536
vt 0.991461 0.726548
vt 0.989692 0.726591
vt 0.889062 0.990036
vt 0.891313 0.990036
vt 0.993730 0.728012
vt 0.991450 0.727906
vt 0.989683 0.727626
vt 0.889164 0.989003
vt 0.891371 0.989442
vt 0.993695 0.729438
vt 0.991417 0.729218
vt 0.989659 0.728627
vt 0.889465 0.988010
vt 0.891544 0.988871
vt 0.993638 0.730762
vt 0.991365 0.730436
vt 0.888585 0.986179
vt 0.889954 0.987095
vt 0.887943 0.987379
vt 0.891825 0.988345
vt 0.993561 0.731931
vt 0.991294 0.731511
vt 0.889448 0.985128
vt 0.890613 0.986293
vt 0.892204 0.987884
vt 0.287232 0.973841
vt 0.289510 0.973509
vt 0.289595 0.974567
vt 0.287324 0.974992
vt 0.890500 0.984264
vt 0.891415 0.985634
vt 0.892665 0.987505
vt 0.287163 0.972532
vt 0.289447 0.972304
vt 0.891699 0.983623
vt 0.892330 0.985145
vt 0.893191 0.987224
vt 0.287121 0.971114
vt 0.289408 0.970999
vt 0.291198 0.970688
vt 0.291228 0.971684
vt 0.893323 0.984844
vt 0.893762 0.987051
vt 0.287107 0.969641
vt 0.289395 0.969644
vt 0.291188 0.969655
vt 0.894356 0.984742
vt 0.894356 0.986993
vt 0.287121 0.968170
vt 0.289408 0.968291
vt 0.291198 0.968623
vt 0.895388 0.984844
vt 0.894949 0.987051
vt 0.287163 0.966758
vt 0.289447 0.966992
vt 0.291228 0.967632
vt 0.896381 0.985145
vt 0.895520 0.987224
vt 0.287232 0.965459
vt 0.289510 0.965796
vt 0.898212 0.984264
vt 0.897296 0.985634
vt 0.897012 0.983623
vt 0.896046 0.987505
vt 0.287324 0.964323
vt 0.289595 0.964751
vt 0.899264 0.985128
vt 0.898099 0.986293
vt 0.896507 0.987884
vt 0.930100 0.943412
vt 0.927818 0.943749
vt 0.927722 0.942703
vt 0.929995 0.942275
vt 0.900127 0.986179
vt 0.898757 0.987095
vt 0.896886 0.988345
vt 0.930178 0.944711
vt 0.927890 0.944944
vt 0.900768 0.987379
vt 0.899246 0.988010
vt 0.897167 0.988871
vt 0.930225 0.946124
vt 0.927934 0.946243
vt 0.926124 0.946575
vt 0.926091 0.945584
vt 0.899547 0.989003
vt 0.897340 0.989442
vt 0.931611 0.947595
vt 0.931594 0.949068
vt 0.931594 0.946125
vt 0.931547 0.950486
vt 0.931469 0.951795
vt 0.931364 0.952944
vt 0.931237 0.953890
vt 0.346598 0.982445
vt 0.346658 0.983552
vt 0.346703 0.984829
vt 0.346730 0.986227
vt 0.346739 0.987693
vt 0.346730 0.989169
vt 0.346703 0.990599
vt 0.346658 0.991928
vt 0.346598 0.993106
vt 0.995011 0.722386
vt 0.995068 0.723670
vt 0.995103 0.725073
vt 0.995115 0.726540
vt 0.995103 0.728015
vt 0.995068 0.729441
vt 0.995011 0.730765
vt 0.994934 0.731934
vt 0.285953 0.974993
vt 0.285861 0.973843
vt 0.285792 0.972533
vt 0.285750 0.971115
vt 0.285736 0.969642
vt 0.285750 0.968171
vt 0.285792 0.966760
vt 0.285861 0.965460
vt 0.285953 0.964324
vt 0.931364 0.942276
vt 0.931469 0.943413
vt 0.931547 0.944712
s 0
usemtl Material.002
f 27/1/1 25/2/1 26/3/1
f 28/4/2 25/2/2 27/1/2
f 29/5/3 25/2/3 28/4/3
f 29/5/3 24/6/3 25/2/3
f 30/7/3 24/6/3 29/5/3
f 30/7/3 23/8/3 24/6/3
f 31/9/3 23/8/3 30/7/3
f 32/10/3 23/8/3 31/9/3
f 32/10/3 22/11/3 23/8/3
f 33/12/3 22/11/3 32/10/3
f 34/13/3 22/11/3 33/12/3
f 34/13/3 21/14/3 22/11/3
f 35/15/3 21/14/3 34/13/3
f 36/16/3 21/14/3 35/15/3
f 36/16/3 20/17/3 21/14/3
f 37/18/3 20/17/3 36/16/3
f 38/19/3 20/17/3 37/18/3
f 38/19/3 19/20/3 20/17/3
f 39/21/3 40/22/3 38/19/3
f 40/22/3 41/23/3 38/19/3
f 41/23/3 42/24/3 38/19/3
f 42/24/3 43/25/3 38/19/3
f 43/25/3 44/26/3 38/19/3
f 44/26/3 45/27/3 38/19/3
f 45/27/3 46/28/3 38/19/3
f 46/28/3 47/29/3 38/19/3
f 47/29/3 48/30/3 38/19/3
f 48/30/3 49/31/3 38/19/3
f 49/31/3 50/32/3 38/19/3
f 50/32/3 19/20/3 38/19/3
f 50/32/2 51/33/2 19/20/2
f 51/33/3 18/34/3 19/20/3
f 52/35/3 18/34/3 51/33/3
f 53/36/3 18/34/3 52/35/3
f 54/37/3 18/34/3 53/36/3
f 54/37/3 17/38/3 18/34/3
f 55/39/3 17/38/3 54/37/3
f 56/40/3 17/38/3 55/39/3
f 57/41/3 17/38/3 56/40/3
f 57/41/3 16/42/3 17/38/3
f 58/43/3 16/42/3 57/41/3
f 59/44/3 16/42/3 58/43/3
f 59/44/3 15/45/3 16/42/3
f 60/46/3 15/45/3 59/44/3
f 61/47/3 15/45/3 60/46/3
f 61/47/3 14/48/3 15/45/3
f 62/49/3 14/48/3 61/47/3
f 63/50/3 14/48/3 62/49/3
f 63/50/3 13/51/3 14/48/3
f 64/52/3 13/51/3 63/50/3
f 65/53/3 13/51/3 64/52/3
f 65/53/3 12/54/3 13/51/3
f 66/55/3 12/54/3 65/53/3
f 67/56/3 12/54/3 66/55/3
f 67/56/3 11/57/3 12/54/3
f 68/58/3 11/57/3 67/56/3
f 69/59/3 11/57/3 68/58/3
f 69/59/3 10/60/3 11/57/3
f 70/61/3 10/60/3 69/59/3
f 71/62/3 10/60/3 70/61/3
f 72/63/3 10/60/3 71/62/3
f 72/63/3 9/64/3 10/60/3
f 73/65/3 9/64/3 72/63/3
f 74/66/3 9/64/3 73/65/3
f 74/66/3 8/67/3 9/64/3
f 75/68/3 8/67/3 74/66/3
f 76/69/3 8/67/3 75/68/3
f 76/69/3 7/70/3 8/67/3
f 77/71/3 7/70/3 76/69/3
f 77/71/3 6/72/3 7/70/3
f 78/73/3 6/72/3 77/71/3
f 78/73/3 5/74/3 6/72/3
f 79/75/3 5/74/3 78/73/3
f 80/76/3 5/74/3 79/75/3
f 80/76/3 4/77/3 5/74/3
f 81/78/3 4/77/3 80/76/3
f 81/78/3 3/79/3 4/77/3
f 82/80/3 3/79/3 81/78/3
f 82/80/3 2/81/3 3/79/3
f 83/82/3 2/81/3 82/80/3
f 84/83/3 2/81/3 83/82/3
f 84/83/3 1/84/3 2/81/3
f 84/83/3 89/85/3 1/84/3
f 85/86/3 89/85/3 84/83/3
f 86/87/3 89/85/3 85/86/3
f 87/88/3 89/85/3 86/87/3
f 88/89/3 89/85/3 87/88/3
f 143/90/3 141/91/3 142/92/3
f 143/90/3 140/93/3 141/91/3
f 92/94/3 90/95/3 91/96/3
f 92/94/3 167/97/3 90/95/3
f 93/98/3 167/97/3 92/94/3
f 143/90/3 139/99/3 140/93/3
f 94/100/3 167/97/3 93/98/3
f 94/100/3 166/101/3 167/97/3
f 143/90/3 138/102/3 139/99/3
f 144/103/3 138/102/3 143/90/3
f 95/104/3 166/101/3 94/100/3
f 144/103/3 137/105/3 138/102/3
f 96/106/3 166/101/3 95/104/3
f 144/103/3 136/107/3 137/105/3
f 96/106/3 165/108/3 166/101/3
f 97/109/3 165/108/3 96/106/3
f 144/103/3 135/110/3 136/107/3
f 145/111/3 135/110/3 144/103/3
f 98/112/3 165/108/3 97/109/3
f 145/111/3 134/113/3 135/110/3
f 99/114/3 165/108/3 98/112/3
f 145/111/3 133/115/3 134/113/3
f 99/114/3 164/116/3 165/108/3
f 100/117/3 164/116/3 99/114/3
f 145/111/3 132/118/3 133/115/3
f 101/119/3 164/116/3 100/117/3
f 146/120/3 132/118/3 145/111/3
f 146/120/3 131/121/3 132/118/3
f 102/122/3 164/116/3 101/119/3
f 146/120/3 130/123/3 131/121/3
f 146/120/3 129/124/3 130/123/3
f 103/125/3 164/116/3 102/122/3
f 103/125/3 163/126/3 164/116/3
f 146/120/3 128/127/3 129/124/3
f 104/128/3 163/126/3 103/125/3
f 146/120/3 127/129/3 128/127/3
f 147/130/3 127/129/3 146/120/3
f 105/131/3 163/126/3 104/128/3
f 147/130/3 126/132/3 127/129/3
f 106/133/3 163/126/3 105/131/3
f 106/133/3 162/134/3 163/126/3
f 107/135/3 162/134/3 106/133/3
f 147/130/3 125/136/3 126/132/3
f 108/137/3 162/134/3 107/135/3
f 147/130/3 124/138/3 125/136/3
f 109/139/3 162/134/3 108/137/3
f 147/130/3 123/140/3 124/138/3
f 148/141/3 123/140/3 147/130/3
f 110/142/3 162/134/3 109/139/3
f 148/141/3 122/143/3 123/140/3
f 111/144/3 162/134/3 110/142/3
f 148/141/3 121/145/3 122/143/3
f 111/144/3 161/146/3 162/134/3
f 112/147/3 161/146/3 111/144/3
f 148/141/3 120/148/3 121/145/3
f 113/149/3 161/146/3 112/147/3
f 148/141/3 119/150/3 120/148/3
f 114/151/3 161/146/3 113/149/3
f 148/141/3 118/152/3 119/150/3
f 115/153/3 161/146/3 114/151/3
f 148/141/3 117/154/3 118/152/3
f 116/155/3 161/146/3 115/153/3
f 148/141/1 116/155/1 117/154/1
f 148/141/3 161/146/3 116/155/3
f 149/156/3 161/146/3 148/141/3
f 149/156/3 160/157/3 161/146/3
f 150/158/3 160/157/3 149/156/3
f 150/158/3 159/159/3 160/157/3
f 151/160/3 159/159/3 150/158/3
f 151/160/3 158/161/3 159/159/3
f 152/162/3 158/161/3 151/160/3
f 152/162/3 157/163/3 158/161/3
f 153/164/3 157/163/3 152/162/3
f 153/164/3 156/165/3 157/163/3
f 154/166/3 156/165/3 153/164/3
f 154/166/3 155/167/3 156/165/3
s 1
f 284/416/55 299/417/55 306/418/56 289/419/56
f 289/419/56 306/418/56 305/420/57 292/421/57
f 292/422/57 305/423/57 304/424/58 295/425/58
f 295/425/58 304/424/58 303/426/59 296/427/59
f 296/427/59 303/426/59 301/428/60 297/429/60
f 297/429/60 301/428/60 298/430/61 288/431/61
f 416/432/62 415/433/62 315/434/63 318/435/63
f 318/435/63 315/434/63 314/436/64 319/437/64
f 319/437/64 314/436/64 313/438/65 320/439/65
f 320/440/65 313/441/65 312/442/66 321/443/66
f 321/443/66 312/442/66 311/444/67 322/445/67
f 322/445/67 311/444/67 308/446/68 317/447/68
f 344/448/69 338/449/69 343/450/70 346/451/70
f 346/451/70 343/450/70 342/452/71 347/453/71
f 347/453/71 342/452/71 341/454/72 348/455/72
f 348/456/72 341/457/72 340/458/73 349/459/73
f 349/459/73 340/458/73 339/460/74 350/461/74
f 350/461/74 339/460/74 417/462/75 418/463/75
f 330/464/76 324/465/76 329/466/77 332/467/77
f 332/467/77 329/466/77 328/468/78 333/469/78
f 333/469/78 328/468/78 327/470/79 334/471/79
f 334/472/79 327/473/79 326/474/80 335/475/80
f 335/475/80 326/474/80 325/476/81 336/477/81
f 336/477/81 325/476/81 323/478/82 331/479/82
f 296/480/8 297/481/8 288/482/8 364/483/8 365/484/8 368/485/8 366/486/8 367/487/8 370/488/8 369/489/8 371/490/8 381/491/8 374/492/8 373/493/8 378/494/8 379/495/8 376/496/8 377/497/8 380/498/8 375/499/8 372/500/8 382/501/8 417/502/8 339/503/8 340/504/8 341/505/8 342/506/8 343/507/8 338/508/8 323/509/8 325/510/8 326/511/8 327/512/8 328/513/8 329/514/8 324/515/8 284/516/8 289/517/8 292/518/8 295/519/8
f 314/520/8 315/521/8 415/522/8 310/523/8 337/524/8 417/502/8 382/501/8 362/525/8 363/526/8 361/527/8 355/528/8 356/529/8 354/530/8 357/531/8 352/532/8 353/533/8 351/534/8 358/535/8 360/536/8 359/537/8 364/483/8 288/482/8 308/538/8 311/539/8 312/540/8 313/541/8
f 288/431/61 298/430/61 317/447/68 308/446/68
f 299/417/55 284/416/55 324/465/76 330/464/76 430/542/7 431/543/7 433/544/7 432/545/7 429/546/7 435/547/7 434/548/7 428/549/7
f 335/550/3 336/551/3 331/552/3 396/553/3 411/554/3 410/555/3 408/556/3 409/557/3 412/558/3 406/559/3 407/560/3 413/561/3 401/562/3 403/563/3 398/564/3 399/565/3 397/566/3 400/567/3 405/568/3 404/569/3 402/570/3 414/571/3 416/572/3 318/573/3 319/574/3 320/575/3 321/576/3 322/577/3 317/578/3 298/579/3 301/580/3 303/581/3 304/582/3 305/583/3 306/584/3 299/585/3 428/586/3 436/587/3 437/588/3 438/589/3 441/590/3 442/591/3 443/592/3 430/593/3 330/594/3 332/595/3 333/596/3 334/597/3
f 439/598/3 429/599/3 432/600/3 440/601/3
f 424/602/3 414/571/3 390/603/3 425/604/3
f 427/605/3 425/604/3 390/603/3 391/606/3 392/607/3 383/608/3 385/609/3 384/610/3 389/611/3 386/612/3 388/613/3 387/614/3 395/615/3 393/616/3 394/617/3 396/553/3 331/552/3 344/618/3 346/619/3 347/620/3 348/621/3 349/622/3 350/623/3 418/624/3 416/572/3 414/571/3 424/602/3 423/625/3 426/626/3
f 338/449/69 344/448/69 331/479/82 323/478/82
f 392/627/7 361/628/7 363/629/83 383/630/83
f 383/630/83 363/629/83 362/631/84 385/632/84
f 385/632/84 362/631/84 382/633/85 384/634/85
f 384/635/85 382/636/85 372/637/58 389/638/58
f 372/637/58 375/639/86 386/640/86 389/638/58
f 375/639/86 380/641/87 388/642/87 386/640/86
f 380/641/87 377/643/88 387/644/88 388/642/87
f 377/643/88 376/645/4 395/646/4 387/644/88
f 376/645/4 379/647/89 393/648/89 395/646/4
f 379/647/89 378/649/90 394/650/90 393/648/89
f 378/649/90 373/651/91 396/652/91 394/650/90
f 373/653/91 374/654/65 411/655/65 396/656/91
f 374/654/65 381/657/92 410/658/92 411/655/65
f 381/657/92 371/659/93 408/660/93 410/658/92
f 371/659/93 369/661/94 409/662/94 408/660/93
f 369/661/94 370/663/5 412/664/5 409/662/94
f 370/663/5 367/665/95 406/666/95 412/664/5
f 367/665/95 366/667/96 407/668/96 406/666/95
f 366/667/96 368/669/97 413/670/97 407/668/96
f 368/669/97 365/671/72 401/672/72 413/670/97
f 401/673/72 365/674/72 364/675/98 403/676/98
f 403/676/98 364/675/98 359/677/99 398/678/99
f 398/678/99 359/677/99 360/679/100 399/680/100
f 399/680/100 360/679/100 358/681/6 397/682/6
f 397/682/6 358/681/6 351/683/101 400/684/101
f 400/684/101 351/683/101 353/685/102 405/686/102
f 405/686/102 353/685/102 352/687/103 404/688/103
f 404/688/103 352/687/103 357/689/79 402/690/79
f 402/691/79 357/692/79 354/693/104 414/694/104
f 414/694/104 354/693/104 356/695/105 390/696/105
f 390/696/105 356/695/105 355/697/106 391/698/106
f 391/698/106 355/697/106 361/628/7 392/627/7
f 316/699/5 310/700/5 415/433/62 416/432/62
f 337/701/5 345/702/5 418/463/75 417/462/75
f 345/702/5 316/699/5 416/432/62 418/463/75
f 337/524/8 310/523/8 419/711/8 421/712/8
f 420/717/5 422/718/5 421/719/5 419/720/5
f 290/721/3 286/722/3 294/723/3
f 290/724/109 294/725/109 427/726/109 426/727/109
f 427/728/5 294/729/5 286/730/5 423/731/5 424/732/5 425/733/5
f 423/734/110 286/735/110 290/736/110 426/737/110
f 300/738/3 309/739/3 291/740/3 293/741/3
f 293/742/4 291/743/4 443/744/4 442/745/4
f 441/746/7 300/747/7 293/748/7 442/749/7
f 436/750/6 285/751/6 287/752/6 437/753/6
f 437/754/7 287/755/7 302/756/7 438/757/7
f 438/757/7 302/756/7 300/747/7 441/746/7
f 291/743/4 431/758/4 430/759/4 443/744/4
f 309/760/5 307/761/5 439/762/5 440/763/5
f 287/764/3 285/765/3 307/766/3 302/767/3
f 302/767/3 307/766/3 309/739/3 300/738/3
f 432/768/6 433/769/6 309/770/6 440/771/6
f 428/772/6 434/773/6 285/751/6 436/750/6
f 431/774/3 291/740/3 309/739/3 433/775/3
f 307/776/4 435/777/4 429/778/4 439/779/4
f 435/780/3 307/766/3 285/765/3 434/781/3
s 0
f 2050/4379/3 2048/4380/3 2054/4381/3 2055/4382/3
f 2054/4381/3 2048/4380/3 2049/4383/3 2051/4384/3 2050/4379/3 2055/4382/3 2053/4385/3 2052/4386/3
f 2058/4387/3 2056/4388/3 2062/4389/3 2063/4390/3
f 2062/4389/3 2056/4388/3 2057/4391/3 2059/4392/3 2058/4387/3 2063/4390/3 2061/4393/3 2060/4394/3
f 2110/4491/3 2108/4492/3 2109/4493/3
f 2110/4491/3 2111/4494/3 2108/4492/3
f 2112/4495/3 2139/4496/3 2138/4497/3
f 2139/4496/3 2137/4498/3 2138/4497/3
f 2139/4496/3 2136/4499/3 2137/4498/3
f 2139/4496/3 2135/4500/3 2136/4499/3
f 2139/4496/3 2134/4501/3 2135/4500/3
f 2139/4496/3 2133/4502/3 2134/4501/3
f 2139/4496/3 2132/4503/3 2133/4502/3
f 2139/4496/3 2140/4504/3 2132/4503/3
f 2140/4504/3 2141/4505/3 2132/4503/3
f 2141/4505/3 2131/4506/3 2132/4503/3
f 2112/4495/3 2165/4507/3 2139/4496/3
f 2142/4508/3 2131/4506/3 2141/4505/3
f 2143/4509/3 2131/4506/3 2142/4508/3
f 2144/4510/3 2131/4506/3 2143/4509/3
f 2144/4510/3 2130/4511/3 2131/4506/3
f 2145/4512/3 2130/4511/3 2144/4510/3
f 2146/4513/3 2130/4511/3 2145/4512/3
f 2146/4513/3 2129/4514/3 2130/4511/3
f 2147/4515/3 2129/4514/3 2146/4513/3
f 2147/4515/3 2128/4516/3 2129/4514/3
f 2148/4517/3 2128/4516/3 2147/4515/3
f 2149/4518/3 2128/4516/3 2148/4517/3
f 2149/4518/3 2127/4519/3 2128/4516/3
f 2150/4520/3 2127/4519/3 2149/4518/3
f 2150/4520/3 2126/4521/3 2127/4519/3
f 2151/4522/3 2126/4521/3 2150/4520/3
f 2151/4522/3 2125/4523/3 2126/4521/3
f 2152/4524/3 2125/4523/3 2151/4522/3
f 2153/4525/3 2125/4523/3 2152/4524/3
f 2153/4525/3 2124/4526/3 2125/4523/3
f 2154/4527/3 2124/4526/3 2153/4525/3
f 2154/4527/3 2123/4528/3 2124/4526/3
f 2155/4529/3 2123/4528/3 2154/4527/3
f 2156/4530/3 2123/4528/3 2155/4529/3
f 2156/4530/3 2122/4531/3 2123/4528/3
f 2157/4532/3 2122/4531/3 2156/4530/3
f 2157/4532/3 2121/4533/3 2122/4531/3
f 2158/4534/3 2121/4533/3 2157/4532/3
f 2159/4535/3 2121/4533/3 2158/4534/3
f 2159/4535/3 2120/4536/3 2121/4533/3
f 2160/4537/3 2120/4536/3 2159/4535/3
f 2160/4537/3 2119/4538/3 2120/4536/3
f 2161/4539/3 2119/4538/3 2160/4537/3
f 2162/4540/3 2119/4538/3 2161/4539/3
f 2162/4540/3 2118/4541/3 2119/4538/3
f 2163/4542/3 2118/4541/3 2162/4540/3
f 2164/4543/3 2118/4541/3 2163/4542/3
f 2112/4495/3 2164/4543/3 2165/4507/3
f 2112/4495/3 2118/4541/3 2164/4543/3
f 2112/4495/3 2117/4544/3 2118/4541/3
f 2112/4495/3 2116/4545/3 2117/4544/3
f 2112/4495/3 2115/4546/3 2116/4545/3
f 2112/4495/3 2114/4547/3 2115/4546/3
f 2112/4495/3 2113/4548/3 2114/4547/3
f 2296/4867/3 2294/4868/3 2295/4869/3
f 2296/4867/3 2297/4492/3 2294/4868/3
f 2311/4870/3 2309/4871/3 2310/4872/3
f 2311/4870/3 2308/4873/3 2309/4871/3
f 2311/4870/3 2307/4874/3 2308/4873/3
f 2312/4875/3 2307/4874/3 2311/4870/3
f 2312/4875/3 2306/4876/3 2307/4874/3
f 2312/4875/3 2305/4877/3 2306/4876/3
f 2312/4875/3 2304/4878/3 2305/4877/3
f 2313/4879/3 2304/4878/3 2312/4875/3
f 2313/4879/3 2303/4880/3 2304/4878/3
f 2313/4879/3 2302/4881/3 2303/4880/3
f 2313/4879/3 2301/4882/3 2302/4881/3
f 2314/4883/3 2301/4882/3 2313/4879/3
f 2314/4883/3 2300/4884/3 2301/4882/3
f 2314/4883/3 2299/4885/3 2300/4884/3
f 2314/4883/3 2298/4886/3 2299/4885/3
f 2315/4887/3 2298/4886/3 2314/4883/3
f 2315/4887/3 2385/4888/3 2298/4886/3
f 2385/4888/3 2386/4889/3 2298/4886/3
f 2386/4889/3 2387/4890/3 2298/4886/3
f 2387/4890/3 2388/4891/3 2298/4886/3
f 2388/4891/3 2389/4892/3 2298/4886/3
f 2389/4892/3 2390/4893/3 2298/4886/3
f 2390/4893/3 2391/4894/3 2298/4886/3
f 2391/4894/3 2392/4895/3 2298/4886/3
f 2392/4895/3 2393/4896/3 2298/4886/3
f 2393/4896/3 2394/4897/3 2298/4886/3
f 2394/4897/3 2395/4898/3 2298/4886/3
f 2316/4899/3 2383/4900/3 2315/4887/3
f 2383/4900/3 2384/4901/3 2315/4887/3
f 2384/4901/3 2385/4888/3 2315/4887/3
f 2316/4899/3 2382/4902/3 2383/4900/3
f 2316/4899/3 2381/4903/3 2382/4902/3
f 2316/4899/3 2380/4904/3 2381/4903/3
f 2317/4905/3 2380/4904/3 2316/4899/3
f 2317/4905/3 2379/4906/3 2380/4904/3
f 2317/4905/3 2378/4907/3 2379/4906/3
f 2318/4908/3 2378/4907/3 2317/4905/3
f 2318/4908/3 2377/4909/3 2378/4907/3
f 2318/4908/3 2376/4910/3 2377/4909/3
f 2319/4911/3 2376/4910/3 2318/4908/3
f 2319/4911/3 2375/4912/3 2376/4910/3
f 2320/4913/3 2375/4912/3 2319/4911/3
f 2320/4913/3 2374/4914/3 2375/4912/3
f 2320/4913/3 2373/4915/3 2374/4914/3
f 2321/4916/3 2373/4915/3 2320/4913/3
f 2321/4916/3 2372/4917/3 2373/4915/3
f 2322/4918/3 2372/4917/3 2321/4916/3
f 2322/4918/3 2371/4919/3 2372/4917/3
f 2322/4918/3 2370/4920/3 2371/4919/3
f 2323/4921/3 2370/4920/3 2322/4918/3
f 2323/4921/3 2369/4922/3 2370/4920/3
f 2324/4923/3 2369/4922/3 2323/4921/3
f 2324/4923/3 2368/4924/3 2369/4922/3
f 2325/4925/3 2368/4924/3 2324/4923/3
f 2325/4925/3 2367/4926/3 2368/4924/3
f 2326/4927/3 2367/4926/3 2325/4925/3
f 2326/4927/3 2366/4928/3 2367/4926/3
f 2327/4929/3 2366/4928/3 2326/4927/3
f 2327/4929/3 2365/4930/3 2366/4928/3
f 2348/4931/3 2346/4932/3 2347/4933/3
f 2327/4929/3 2364/4934/3 2365/4930/3
f 2349/4935/3 2346/4932/3 2348/4931/3
f 2328/4936/3 2364/4934/3 2327/4929/3
f 2350/4937/3 2346/4932/3 2349/4935/3
f 2328/4936/3 2363/4938/3 2364/4934/3
f 2351/4939/3 2346/4932/3 2350/4937/3
f 2352/4940/3 2346/4932/3 2351/4939/3
f 2328/4936/3 2362/4941/3 2363/4938/3
f 2353/4942/3 2346/4932/3 2352/4940/3
f 2329/4943/3 2362/4941/3 2328/4936/3
f 2354/4944/3 2346/4932/3 2353/4942/3
f 2329/4943/3 2361/4945/3 2362/4941/3
f 2355/4946/3 2346/4932/3 2354/4944/3
f 2356/4947/3 2346/4932/3 2355/4946/3
f 2329/4943/3 2360/4948/3 2361/4945/3
f 2357/4949/3 2346/4932/3 2356/4947/3
f 2358/4950/3 2346/4932/3 2357/4949/3
f 2329/4943/3 2359/4951/3 2360/4948/3
f 2359/4951/3 2346/4932/3 2358/4950/3
f 2329/4943/3 2346/4932/3 2359/4951/3
f 2330/4952/3 2346/4932/3 2329/4943/3
f 2330/4952/3 2345/4953/3 2346/4932/3
f 2331/4954/3 2345/4953/3 2330/4952/3
f 2331/4954/3 2344/4955/3 2345/4953/3
f 2331/4954/3 2343/4956/3 2344/4955/3
f 2331/4954/3 2342/4957/3 2343/4956/3
f 2332/4958/3 2342/4957/3 2331/4954/3
f 2332/4958/3 2341/4959/3 2342/4957/3
f 2332/4958/3 2340/4960/3 2341/4959/3
f 2332/4958/3 2339/4961/3 2340/4960/3
f 2333/4962/3 2339/4961/3 2332/4958/3
f 2333/4962/3 2338/4963/3 2339/4961/3
f 2333/4962/3 2337/4964/3 2338/4963/3
f 2333/4962/3 2336/4965/3 2337/4964/3
f 2334/4966/3 2336/4965/3 2333/4962/3
f 2334/4966/3 2335/4967/3 2336/4965/3
f 2422/4968/1 2420/4969/1 2421/4970/1
f 2423/4971/2 2420/4969/2 2422/4968/2
f 2424/4972/3 2420/4969/3 2423/4971/3
f 2424/4972/3 2419/4973/3 2420/4969/3
f 2425/4974/3 2419/4973/3 2424/4972/3
f 2425/4974/3 2418/4975/3 2419/4973/3
f 2426/4976/3 2418/4975/3 2425/4974/3
f 2427/4977/3 2418/4975/3 2426/4976/3
f 2427/4977/3 2417/4978/3 2418/4975/3
f 2428/4979/3 2417/4978/3 2427/4977/3
f 2429/4980/3 2417/4978/3 2428/4979/3
f 2429/4980/3 2416/4981/3 2417/4978/3
f 2430/4982/3 2416/4981/3 2429/4980/3
f 2431/4983/3 2416/4981/3 2430/4982/3
f 2431/4983/3 2415/4984/3 2416/4981/3
f 2432/4985/3 2415/4984/3 2431/4983/3
f 2433/4986/3 2415/4984/3 2432/4985/3
f 2433/4986/3 2414/4987/3 2415/4984/3
f 2434/4988/3 2435/4989/3 2433/4986/3
f 2435/4989/3 2436/4990/3 2433/4986/3
f 2436/4990/3 2437/4991/3 2433/4986/3
f 2437/4991/3 2438/4992/3 2433/4986/3
f 2438/4992/3 2439/4993/3 2433/4986/3
f 2439/4993/3 2440/4994/3 2433/4986/3
f 2440/4994/3 2441/4995/3 2433/4986/3
f 2441/4995/3 2442/4996/3 2433/4986/3
f 2442/4996/3 2443/4997/3 2433/4986/3
f 2443/4997/3 2444/4998/3 2433/4986/3
f 2444/4998/3 2445/4999/3 2433/4986/3
f 2445/4999/3 2414/4987/3 2433/4986/3
f 2445/4999/3 2446/5000/3 2414/4987/3
f 2446/5000/3 2413/5001/3 2414/4987/3
f 2447/5002/3 2413/5001/3 2446/5000/3
f 2448/5003/3 2413/5001/3 2447/5002/3
f 2449/5004/3 2413/5001/3 2448/5003/3
f 2449/5004/3 2412/5005/3 2413/5001/3
f 2450/5006/3 2412/5005/3 2449/5004/3
f 2451/5007/3 2412/5005/3 2450/5006/3
f 2452/5008/3 2412/5005/3 2451/5007/3
f 2452/5008/3 2411/5009/3 2412/5005/3
f 2453/5010/3 2411/5009/3 2452/5008/3
f 2454/5011/3 2411/5009/3 2453/5010/3
f 2454/5011/3 2410/5012/3 2411/5009/3
f 2455/5013/3 2410/5012/3 2454/5011/3
f 2456/5014/3 2410/5012/3 2455/5013/3
f 2456/5014/3 2409/5015/3 2410/5012/3
f 2457/5016/3 2409/5015/3 2456/5014/3
f 2458/5017/3 2409/5015/3 2457/5016/3
f 2458/5017/3 2408/5018/3 2409/5015/3
f 2459/5019/3 2408/5018/3 2458/5017/3
f 2460/5020/3 2408/5018/3 2459/5019/3
f 2460/5020/3 2407/5021/3 2408/5018/3
f 2461/5022/3 2407/5021/3 2460/5020/3
f 2462/5023/3 2407/5021/3 2461/5022/3
f 2462/5023/3 2406/5024/3 2407/5021/3
f 2463/5025/3 2406/5024/3 2462/5023/3
f 2464/5026/3 2406/5024/3 2463/5025/3
f 2464/5026/3 2405/5027/3 2406/5024/3
f 2465/5028/3 2405/5027/3 2464/5026/3
f 2466/5029/3 2405/5027/3 2465/5028/3
f 2467/5030/3 2405/5027/3 2466/5029/3
f 2467/5030/3 2404/5031/3 2405/5027/3
f 2468/5032/3 2404/5031/3 2467/5030/3
f 2469/5033/3 2404/5031/3 2468/5032/3
f 2469/5033/3 2403/5034/3 2404/5031/3
f 2470/5035/3 2403/5034/3 2469/5033/3
f 2471/5036/3 2403/5034/3 2470/5035/3
f 2471/5036/3 2402/5037/3 2403/5034/3
f 2472/5038/3 2402/5037/3 2471/5036/3
f 2472/5038/3 2401/5039/3 2402/5037/3
f 2473/5040/3 2401/5039/3 2472/5038/3
f 2473/5040/3 2400/5041/3 2401/5039/3
f 2474/5042/3 2400/5041/3 2473/5040/3
f 2475/5043/3 2400/5041/3 2474/5042/3
f 2475/5043/3 2399/5044/3 2400/5041/3
f 2476/5045/3 2399/5044/3 2475/5043/3
f 2476/5045/3 2398/5046/3 2399/5044/3
f 2477/5047/3 2398/5046/3 2476/5045/3
f 2477/5047/3 2397/5048/3 2398/5046/3
f 2478/5049/3 2397/5048/3 2477/5047/3
f 2479/5050/3 2397/5048/3 2478/5049/3
f 2479/5050/3 2396/5051/3 2397/5048/3
f 2479/5050/3 2484/5052/3 2396/5051/3
f 2480/5053/3 2484/5052/3 2479/5050/3
f 2481/5054/3 2484/5052/3 2480/5053/3
f 2482/5055/3 2484/5052/3 2481/5054/3
f 2483/5056/3 2484/5052/3 2482/5055/3
f 2498/5057/3 2496/5058/3 2497/5059/3
f 2498/5057/3 2495/5060/3 2496/5058/3
f 2498/5057/3 2494/5061/3 2495/5060/3
f 2499/5062/3 2494/5061/3 2498/5057/3
f 2499/5062/3 2493/5063/3 2494/5061/3
f 2499/5062/3 2492/5064/3 2493/5063/3
f 2499/5062/3 2491/5065/3 2492/5064/3
f 2500/5066/3 2491/5065/3 2499/5062/3
f 2500/5066/3 2490/5067/3 2491/5065/3
f 2500/5066/3 2489/5068/3 2490/5067/3
f 2500/5066/3 2488/5069/3 2489/5068/3
f 2501/5070/3 2488/5069/3 2500/5066/3
f 2501/5070/3 2487/5071/3 2488/5069/3
f 2501/5070/3 2486/5072/3 2487/5071/3
f 2501/5070/3 2485/5073/3 2486/5072/3
f 2502/5074/3 2485/5073/3 2501/5070/3
f 2502/5074/3 2572/5075/3 2485/5073/3
f 2572/5075/3 2573/5076/3 2485/5073/3
f 2573/5076/3 2574/5077/3 2485/5073/3
f 2574/5077/3 2575/5078/3 2485/5073/3
f 2575/5078/3 2576/5079/3 2485/5073/3
f 2576/5079/3 2577/5080/3 2485/5073/3
f 2577/5080/3 2578/5081/3 2485/5073/3
f 2578/5081/3 2579/5082/3 2485/5073/3
f 2579/5082/3 2580/5083/3 2485/5073/3
f 2580/5083/3 2581/5084/3 2485/5073/3
f 2581/5084/3 2582/5085/3 2485/5073/3
f 2503/5086/3 2570/5087/3 2502/5074/3
f 2570/5087/2 2571/5088/2 2502/5074/2
f 2571/5088/3 2572/5075/3 2502/5074/3
f 2503/5086/3 2569/5089/3 2570/5087/3
f 2503/5086/3 2568/5090/3 2569/5089/3
f 2503/5086/3 2567/5091/3 2568/5090/3
f 2504/5092/3 2567/5091/3 2503/5086/3
f 2504/5092/3 2566/5093/3 2567/5091/3
f 2504/5092/3 2565/5094/3 2566/5093/3
f 2505/5095/3 2565/5094/3 2504/5092/3
f 2505/5095/3 2564/5096/3 2565/5094/3
f 2505/5095/3 2563/5097/3 2564/5096/3
f 2506/5098/3 2563/5097/3 2505/5095/3
f 2506/5098/3 2562/5099/3 2563/5097/3
f 2507/5100/3 2562/5099/3 2506/5098/3
f 2507/5100/3 2561/5101/3 2562/5099/3
f 2507/5100/3 2560/5102/3 2561/5101/3
f 2508/5103/3 2560/5102/3 2507/5100/3
f 2508/5103/3 2559/5104/3 2560/5102/3
f 2509/5105/3 2559/5104/3 2508/5103/3
f 2509/5105/3 2558/5106/3 2559/5104/3
f 2509/5105/3 2557/5107/3 2558/5106/3
f 2510/5108/3 2557/5107/3 2509/5105/3
f 2510/5108/3 2556/5109/3 2557/5107/3
f 2511/5110/3 2556/5109/3 2510/5108/3
f 2511/5110/3 2555/5111/3 2556/5109/3
f 2512/5112/3 2555/5111/3 2511/5110/3
f 2512/5112/3 2554/5113/3 2555/5111/3
f 2513/5114/3 2554/5113/3 2512/5112/3
f 2513/5114/3 2553/5115/3 2554/5113/3
f 2514/5116/3 2553/5115/3 2513/5114/3
f 2514/5116/3 2552/5117/3 2553/5115/3
f 2535/5118/3 2533/5119/3 2534/5120/3
f 2514/5116/3 2551/5121/3 2552/5117/3
f 2536/5122/3 2533/5119/3 2535/5118/3
f 2515/5123/3 2551/5121/3 2514/5116/3
f 2537/5124/3 2533/5119/3 2536/5122/3
f 2515/5123/3 2550/5125/3 2551/5121/3
f 2538/5126/3 2533/5119/3 2537/5124/3
f 2539/5127/3 2533/5119/3 2538/5126/3
f 2515/5123/3 2549/5128/3 2550/5125/3
f 2540/5129/3 2533/5119/3 2539/5127/3
f 2516/5130/3 2549/5128/3 2515/5123/3
f 2541/5131/3 2533/5119/3 2540/5129/3
f 2516/5130/3 2548/5132/3 2549/5128/3
f 2542/5133/3 2533/5119/3 2541/5131/3
f 2543/5134/3 2533/5119/3 2542/5133/3
f 2516/5130/3 2547/5135/3 2548/5132/3
f 2544/5136/3 2533/5119/3 2543/5134/3
f 2545/5137/3 2533/5119/3 2544/5136/3
f 2516/5130/3 2546/5138/3 2547/5135/3
f 2546/5138/3 2533/5119/3 2545/5137/3
f 2516/5130/3 2533/5119/3 2546/5138/3
f 2517/5139/3 2533/5119/3 2516/5130/3
f 2517/5139/3 2532/5140/3 2533/5119/3
f 2518/5141/3 2532/5140/3 2517/5139/3
f 2518/5141/3 2531/5142/3 2532/5140/3
f 2518/5141/3 2530/5143/3 2531/5142/3
f 2518/5141/3 2529/5144/3 2530/5143/3
f 2519/5145/3 2529/5144/3 2518/5141/3
f 2519/5145/3 2528/5146/3 2529/5144/3
f 2519/5145/3 2527/5147/3 2528/5146/3
f 2519/5145/3 2526/5148/3 2527/5147/3
f 2520/5149/3 2526/5148/3 2519/5145/3
f 2520/5149/3 2525/5150/3 2526/5148/3
f 2520/5149/3 2524/5151/3 2525/5150/3
f 2520/5149/3 2523/5152/3 2524/5151/3
f 2521/5153/3 2523/5152/3 2520/5149/3
f 2521/5153/2 2522/5154/2 2523/5152/2
f 2592/5179/3 2663/5180/3 2591/5181/3
f 2593/5182/3 2663/5180/3 2592/5179/3
f 2594/5183/3 2663/5180/3 2593/5182/3
f 2594/5183/3 2662/5184/3 2663/5180/3
f 2594/5183/3 2661/5185/3 2662/5184/3
f 2595/5186/3 2661/5185/3 2594/5183/3
f 2595/5186/3 2660/5187/3 2661/5185/3
f 2595/5186/3 2659/5188/3 2660/5187/3
f 2596/5189/3 2659/5188/3 2595/5186/3
f 2596/5189/3 2658/5190/3 2659/5188/3
f 2596/5189/3 2657/5191/3 2658/5190/3
f 2597/5192/3 2657/5191/3 2596/5189/3
f 2597/5192/3 2656/5193/3 2657/5191/3
f 2597/5192/3 2655/5194/3 2656/5193/3
f 2598/5195/3 2655/5194/3 2597/5192/3
f 2598/5195/3 2654/5196/3 2655/5194/3
f 2599/5197/3 2654/5196/3 2598/5195/3
f 2599/5197/3 2653/5198/3 2654/5196/3
f 2599/5197/3 2652/5199/3 2653/5198/3
f 2600/5200/3 2652/5199/3 2599/5197/3
f 2640/5201/3 2638/5202/3 2639/5203/3
f 2641/5204/3 2638/5202/3 2640/5201/3
f 2642/5205/3 2638/5202/3 2641/5204/3
f 2642/5205/3 2637/5206/3 2638/5202/3
f 2643/5207/3 2637/5206/3 2642/5205/3
f 2644/5208/3 2637/5206/3 2643/5207/3
f 2600/5200/3 2651/5209/3 2652/5199/3
f 2645/5210/3 2637/5206/3 2644/5208/3
f 2645/5210/3 2636/5211/3 2637/5206/3
f 2646/5212/3 2636/5211/3 2645/5210/3
f 2647/5213/3 2636/5211/3 2646/5212/3
f 2648/5214/3 2636/5211/3 2647/5213/3
f 2648/5214/3 2635/5215/3 2636/5211/3
f 2649/5216/3 2635/5215/3 2648/5214/3
f 2650/5217/3 2635/5215/3 2649/5216/3
f 2651/5209/3 2635/5215/3 2650/5217/3
f 2651/5209/3 2634/5218/3 2635/5215/3
f 2600/5200/3 2634/5218/3 2651/5209/3
f 2601/5219/3 2634/5218/3 2600/5200/3
f 2601/5219/3 2633/5220/3 2634/5218/3
f 2601/5219/3 2632/5221/3 2633/5220/3
f 2602/5222/3 2673/5223/3 2601/5219/3
f 2673/5223/3 2674/5224/3 2601/5219/3
f 2674/5224/3 2632/5221/3 2601/5219/3
f 2674/5224/3 2675/5225/3 2632/5221/3
f 2675/5225/3 2676/5226/3 2632/5221/3
f 2676/5226/3 2631/5227/3 2632/5221/3
f 2677/5228/3 2631/5227/3 2676/5226/3
f 2678/5229/3 2631/5227/3 2677/5228/3
f 2602/5222/2 2672/5230/2 2673/5223/2
f 2602/5222/3 2671/5231/3 2672/5230/3
f 2679/5232/3 2631/5227/3 2678/5229/3
f 2679/5232/3 2630/5233/3 2631/5227/3
f 2602/5222/3 2670/5234/3 2671/5231/3
f 2602/5222/3 2669/5235/3 2670/5234/3
f 2680/5236/3 2630/5233/3 2679/5232/3
f 2602/5222/3 2668/5237/3 2669/5235/3
f 2681/5238/3 2630/5233/3 2680/5236/3
f 2602/5222/3 2667/5239/3 2668/5237/3
f 2602/5222/3 2666/5240/3 2667/5239/3
f 2682/5241/3 2630/5233/3 2681/5238/3
f 2602/5222/3 2665/5242/3 2666/5240/3
f 2603/5243/3 2665/5242/3 2602/5222/3
f 2682/5241/3 2629/5244/3 2630/5233/3
f 2603/5243/3 2664/5245/3 2665/5242/3
f 2683/5246/3 2629/5244/3 2682/5241/3
f 2603/5243/3 2711/5247/3 2664/5245/3
f 2684/5248/3 2629/5244/3 2683/5246/3
f 2685/5249/3 2629/5244/3 2684/5248/3
f 2685/5249/3 2628/5250/3 2629/5244/3
f 2603/5243/3 2710/5251/3 2711/5247/3
f 2686/5252/3 2628/5250/3 2685/5249/3
f 2604/5253/3 2710/5251/3 2603/5243/3
f 2687/5254/3 2628/5250/3 2686/5252/3
f 2687/5254/3 2627/5255/3 2628/5250/3
f 2604/5253/3 2709/5256/3 2710/5251/3
f 2688/5257/3 2627/5255/3 2687/5254/3
f 2605/5258/3 2709/5256/3 2604/5253/3
f 2689/5259/3 2627/5255/3 2688/5257/3
f 2689/5259/3 2626/5260/3 2627/5255/3
f 2605/5258/3 2708/5261/3 2709/5256/3
f 2690/5262/3 2626/5260/3 2689/5259/3
f 2605/5258/3 2707/5263/3 2708/5261/3
f 2690/5262/3 2625/5264/3 2626/5260/3
f 2606/5265/3 2707/5263/3 2605/5258/3
f 2691/5266/3 2625/5264/3 2690/5262/3
f 2692/5267/3 2625/5264/3 2691/5266/3
f 2606/5265/3 2706/5268/3 2707/5263/3
f 2692/5267/3 2624/5269/3 2625/5264/3
f 2693/5270/3 2624/5269/3 2692/5267/3
f 2607/5271/3 2706/5268/3 2606/5265/3
f 2607/5271/3 2705/5272/3 2706/5268/3
f 2694/5273/3 2624/5269/3 2693/5270/3
f 2607/5271/3 2704/5274/3 2705/5272/3
f 2694/5273/3 2623/5275/3 2624/5269/3
f 2695/5276/3 2623/5275/3 2694/5273/3
f 2608/5277/3 2704/5274/3 2607/5271/3
f 2608/5277/3 2703/5278/3 2704/5274/3
f 2696/5279/3 2623/5275/3 2695/5276/3
f 2697/5280/3 2623/5275/3 2696/5279/3
f 2608/5277/3 2702/5281/3 2703/5278/3
f 2697/5280/3 2622/5282/3 2623/5275/3
f 2698/5283/3 2622/5282/3 2697/5280/3
f 2608/5277/3 2701/5284/3 2702/5281/3
f 2699/5285/3 2622/5282/3 2698/5283/3
f 2608/5277/3 2700/5286/3 2701/5284/3
f 2700/5286/3 2622/5282/3 2699/5285/3
f 2608/5277/3 2622/5282/3 2700/5286/3
f 2609/5287/3 2622/5282/3 2608/5277/3
f 2609/5287/3 2621/5288/3 2622/5282/3
f 2610/5289/3 2621/5288/3 2609/5287/3
f 2610/5289/3 2620/5290/3 2621/5288/3
f 2611/5291/3 2620/5290/3 2610/5289/3
f 2611/5291/3 2619/5292/3 2620/5290/3
f 2612/5293/3 2619/5292/3 2611/5291/3
f 2612/5293/3 2618/5294/3 2619/5292/3
f 2613/5295/3 2618/5294/3 2612/5293/3
f 2613/5295/3 2617/5296/3 2618/5294/3
f 2614/5297/3 2617/5296/3 2613/5295/3
f 2614/5297/3 2616/5298/3 2617/5296/3
f 2615/5299/2 2616/5298/2 2614/5297/2
f 2765/5300/3 2763/5301/3 2764/5302/3
f 2765/5300/3 2762/5303/3 2763/5301/3
f 2714/5304/3 2712/5305/3 2713/5306/3
f 2714/5304/3 2789/5307/3 2712/5305/3
f 2715/5308/3 2789/5307/3 2714/5304/3
f 2765/5300/3 2761/5309/3 2762/5303/3
f 2716/5310/3 2789/5307/3 2715/5308/3
f 2716/5310/3 2788/5311/3 2789/5307/3
f 2765/5300/3 2760/5312/3 2761/5309/3
f 2766/5313/3 2760/5312/3 2765/5300/3
f 2717/5314/3 2788/5311/3 2716/5310/3
f 2766/5313/3 2759/5315/3 2760/5312/3
f 2718/5316/3 2788/5311/3 2717/5314/3
f 2766/5313/3 2758/5317/3 2759/5315/3
f 2718/5316/3 2787/5318/3 2788/5311/3
f 2719/5319/3 2787/5318/3 2718/5316/3
f 2766/5313/3 2757/5320/3 2758/5317/3
f 2767/5321/3 2757/5320/3 2766/5313/3
f 2720/5322/3 2787/5318/3 2719/5319/3
f 2767/5321/3 2756/5323/3 2757/5320/3
f 2721/5324/3 2787/5318/3 2720/5322/3
f 2767/5321/3 2755/5325/3 2756/5323/3
f 2721/5324/3 2786/5326/3 2787/5318/3
f 2722/5327/3 2786/5326/3 2721/5324/3
f 2767/5321/3 2754/5328/3 2755/5325/3
f 2723/5329/3 2786/5326/3 2722/5327/3
f 2768/5330/3 2754/5328/3 2767/5321/3
f 2768/5330/3 2753/5331/3 2754/5328/3
f 2724/5332/3 2786/5326/3 2723/5329/3
f 2768/5330/3 2752/5333/3 2753/5331/3
f 2768/5330/3 2751/5334/3 2752/5333/3
f 2725/5335/3 2786/5326/3 2724/5332/3
f 2725/5335/3 2785/5336/3 2786/5326/3
f 2768/5330/3 2750/5337/3 2751/5334/3
f 2726/5338/3 2785/5336/3 2725/5335/3
f 2768/5330/3 2749/5339/3 2750/5337/3
f 2769/5340/3 2749/5339/3 2768/5330/3
f 2727/5341/3 2785/5336/3 2726/5338/3
f 2769/5340/3 2748/5342/3 2749/5339/3
f 2728/5343/3 2785/5336/3 2727/5341/3
f 2728/5343/3 2784/5344/3 2785/5336/3
f 2769/5340/3 2747/5345/3 2748/5342/3
f 2729/5346/3 2784/5344/3 2728/5343/3
f 2730/5347/3 2784/5344/3 2729/5346/3
f 2769/5340/3 2746/5348/3 2747/5345/3
f 2731/5349/3 2784/5344/3 2730/5347/3
f 2769/5340/3 2745/5350/3 2746/5348/3
f 2770/5351/3 2745/5350/3 2769/5340/3
f 2732/5352/3 2784/5344/3 2731/5349/3
f 2770/5351/3 2744/5353/3 2745/5350/3
f 2733/5354/3 2784/5344/3 2732/5352/3
f 2770/5351/3 2743/5355/3 2744/5353/3
f 2733/5354/3 2783/5356/3 2784/5344/3
f 2734/5357/3 2783/5356/3 2733/5354/3
f 2770/5351/3 2742/5358/3 2743/5355/3
f 2735/5359/3 2783/5356/3 2734/5357/3
f 2770/5351/3 2741/5360/3 2742/5358/3
f 2736/5361/3 2783/5356/3 2735/5359/3
f 2770/5351/3 2740/5362/3 2741/5360/3
f 2737/5363/3 2783/5356/3 2736/5361/3
f 2770/5351/3 2739/5364/3 2740/5362/3
f 2738/5365/3 2783/5356/3 2737/5363/3
f 2770/5351/2 2738/5365/2 2739/5364/2
f 2770/5351/3 2783/5356/3 2738/5365/3
f 2771/5366/3 2783/5356/3 2770/5351/3
f 2771/5366/3 2782/5367/3 2783/5356/3
f 2772/5368/3 2782/5367/3 2771/5366/3
f 2772/5368/3 2781/5369/3 2782/5367/3
f 2773/5370/3 2781/5369/3 2772/5368/3
f 2773/5370/3 2780/5371/3 2781/5369/3
f 2774/5372/3 2780/5371/3 2773/5370/3
f 2774/5372/3 2779/5373/3 2780/5371/3
f 2775/5374/3 2779/5373/3 2774/5372/3
f 2775/5374/3 2778/5375/3 2779/5373/3
f 2776/5376/3 2778/5375/3 2775/5374/3
f 2776/5376/3 2777/5377/3 2778/5375/3
f 2944/5656/3 2942/5657/3 2943/5658/3
f 2944/5656/3 2945/5659/3 2942/5657/3
f 2947/5660/3 2975/5661/3 2946/5662/3
f 2975/5661/3 2974/5663/3 2946/5662/3
f 2975/5661/3 2973/5664/3 2974/5663/3
f 2975/5661/3 2972/5665/3 2973/5664/3
f 2975/5661/3 2971/5666/3 2972/5665/3
f 2975/5661/3 2970/5667/3 2971/5666/3
f 2975/5661/3 2969/5668/3 2970/5667/3
f 2975/5661/3 2968/5669/3 2969/5668/3
f 2975/5661/3 2967/5670/3 2968/5669/3
f 2975/5661/3 2976/5671/3 2967/5670/3
f 2976/5671/3 2966/5672/3 2967/5670/3
f 2947/5660/3 3001/5673/3 2975/5661/3
f 2977/5674/285 2966/5672/285 2976/5671/285
f 2978/5675/3 2966/5672/3 2977/5674/3
f 2979/5676/3 2966/5672/3 2978/5675/3
f 2979/5676/3 2965/5677/3 2966/5672/3
f 2980/5678/3 2965/5677/3 2979/5676/3
f 2981/5679/3 2965/5677/3 2980/5678/3
f 2982/5680/3 2965/5677/3 2981/5679/3
f 2982/5680/3 2964/5681/3 2965/5677/3
f 2983/5682/3 2964/5681/3 2982/5680/3
f 2984/5683/3 2964/5681/3 2983/5682/3
f 2985/5684/3 2964/5681/3 2984/5683/3
f 2985/5684/3 2963/5685/3 2964/5681/3
f 2986/5686/3 2963/5685/3 2985/5684/3
f 2987/5687/3 2963/5685/3 2986/5686/3
f 2987/5687/3 2962/5688/3 2963/5685/3
f 2988/5689/3 2962/5688/3 2987/5687/3
f 2989/5690/3 2962/5688/3 2988/5689/3
f 2989/5690/3 2961/5691/3 2962/5688/3
f 2990/5692/3 2961/5691/3 2989/5690/3
f 2990/5692/3 2960/5693/3 2961/5691/3
f 2991/5694/3 2960/5693/3 2990/5692/3
f 2992/5695/3 2960/5693/3 2991/5694/3
f 2992/5695/3 2959/5696/3 2960/5693/3
f 2993/5697/3 2959/5696/3 2992/5695/3
f 2994/5698/3 2959/5696/3 2993/5697/3
f 2994/5698/3 2958/5699/3 2959/5696/3
f 2995/5700/3 2958/5699/3 2994/5698/3
f 2996/5701/3 2958/5699/3 2995/5700/3
f 2997/5702/3 2958/5699/3 2996/5701/3
f 2998/5703/3 2958/5699/3 2997/5702/3
f 2998/5703/3 2957/5704/3 2958/5699/3
f 2999/5705/3 2957/5704/3 2998/5703/3
f 3000/5706/3 2957/5704/3 2999/5705/3
f 2947/5660/3 2949/5707/3 3001/5673/3
f 2949/5707/3 3000/5706/3 3001/5673/3
f 2949/5707/3 2957/5704/3 3000/5706/3
f 2949/5707/3 2956/5708/3 2957/5704/3
f 2949/5707/3 2955/5709/3 2956/5708/3
f 2949/5707/3 2954/5710/3 2955/5709/3
f 2949/5707/3 2953/5711/3 2954/5710/3
f 2949/5707/3 2952/5712/3 2953/5711/3
f 2949/5707/3 2951/5713/3 2952/5712/3
f 2949/5707/3 2950/5714/3 2951/5713/3
f 2947/5660/3 2948/5715/3 2949/5707/3
f 3004/5716/3 3002/5717/3 3003/5718/3
f 3004/5716/3 3009/5719/3 3002/5717/3
f 3005/5720/3 3009/5719/3 3004/5716/3
f 3006/5721/3 3008/5722/3 3005/5720/3
f 3008/5722/3 3009/5719/3 3005/5720/3
f 3006/5721/3 3007/5723/3 3008/5722/3
f 3019/5727/3 3021/5728/3 3022/5729/3 3023/5730/3 3020/5731/3 3024/5732/3 3026/5733/3 3027/5734/3 3028/5735/3 3025/5736/3 3014/5737/3 3016/5738/3 3017/5739/3 3018/5740/3 3015/5741/3
s 1
usemtl Material.001
f 177/190/8 182/191/8 172/192/8 168/193/8
f 174/194/3 171/195/3 181/196/3 185/197/3
f 185/197/3 181/196/3 180/198/3 186/199/3
f 186/199/3 180/198/3 178/190/3 187/200/3
f 170/195/8 173/201/8 184/202/8 175/196/8
f 175/196/8 184/202/8 183/203/8 176/198/8
f 176/198/8 183/203/8 182/191/8 177/190/8
f 202/230/7 188/231/7 190/232/14 191/233/14
f 197/316/3 179/317/3 220/318/3 222/319/3 223/320/3 221/321/3 216/322/3 218/323/3 219/324/3 217/325/3 212/326/3 214/327/3 215/328/3 213/329/3 208/330/3 210/331/3 211/332/3 209/333/3 204/334/3 206/335/3 207/336/3 205/337/3 169/338/3 203/339/3 196/340/3
f 190/341/3 188/342/3 224/343/3 226/344/3 227/345/3 225/346/3 228/347/3 230/348/3 231/349/3 229/350/3 232/351/3 234/352/3 235/353/3 233/354/3 236/355/3 238/356/3 239/357/3 237/358/3 240/359/3 242/360/3 243/361/3 241/362/3 189/363/3 193/364/3 192/365/3
f 191/368/3 187/200/3 178/190/3 198/369/3 199/370/3 244/371/3 246/372/3 247/373/3 245/374/3 256/375/3 258/376/3 259/377/3 257/378/3 248/379/3 250/380/3 251/381/3 249/382/3 252/383/3 254/384/3 255/385/3 253/386/3 264/387/3 266/388/3 267/389/3 265/390/3 200/391/3 195/392/3 194/393/3 201/394/3 260/395/3 262/396/3 263/397/3 261/398/3 268/399/3 270/400/3 271/401/3 269/402/3 272/403/3 274/404/3 275/405/3 273/406/3 280/407/3 282/408/3 283/409/3 281/410/3 276/411/3 278/412/3 279/413/3 277/414/3 202/415/3
usemtl Material.005
f 175/168/4 181/169/4 171/170/4 170/171/4
f 170/172/5 171/173/5 174/174/5 173/175/5
f 192/176/6 172/177/6 182/178/6 187/179/6 191/180/6 190/181/6
f 196/182/7 168/183/7 172/184/7 192/185/7 193/186/7 194/187/7 195/188/7 197/189/7
f 173/204/6 174/205/6 185/206/6 184/207/6
f 184/207/6 185/206/6 186/208/6 183/209/6
f 183/209/6 186/208/6 187/179/6 182/178/6
f 198/210/4 178/211/4 177/212/4 168/213/4 196/214/4 203/215/4
f 177/212/4 178/211/4 180/216/4 176/217/4
f 176/217/4 180/216/4 181/169/4 175/168/4
f 179/218/9 197/219/4 195/220/4 200/221/9
f 198/222/10 203/223/10 169/224/11 199/225/11
f 194/226/12 193/227/12 189/228/13 201/229/13
f 204/234/15 245/235/15 247/236/16 206/237/16
f 206/237/16 247/236/16 246/238/17 207/239/17
f 207/239/17 246/238/17 244/240/18 205/241/18
f 208/242/19 257/243/19 259/244/20 210/245/20
f 210/246/20 259/247/20 258/248/21 211/249/21
f 211/249/21 258/248/21 256/250/22 209/251/22
f 212/252/23 249/253/23 251/254/24 214/255/24
f 214/255/24 251/254/24 250/256/25 215/257/25
f 215/257/25 250/256/25 248/258/26 213/259/26
f 216/260/27 253/261/27 255/262/28 218/263/28
f 218/263/28 255/262/28 254/264/29 219/265/29
f 219/265/29 254/264/29 252/266/30 217/267/30
f 220/268/31 265/269/31 267/270/32 222/271/32
f 222/271/32 267/270/32 266/272/33 223/273/33
f 223/273/33 266/272/33 264/274/34 221/275/34
f 224/276/35 277/277/35 279/278/36 226/279/36
f 226/279/36 279/278/36 278/280/37 227/281/37
f 227/281/37 278/280/37 276/282/38 225/283/38
f 228/284/39 281/285/39 283/286/40 230/287/40
f 230/287/40 283/286/40 282/288/41 231/289/41
f 231/289/41 282/288/41 280/290/42 229/291/42
f 232/292/43 273/293/43 275/294/44 234/295/44
f 234/295/44 275/294/44 274/296/45 235/297/45
f 235/297/45 274/296/45 272/298/46 233/299/46
f 236/300/47 269/301/47 271/302/48 238/303/48
f 238/303/48 271/302/48 270/304/49 239/305/49
f 239/305/49 270/304/49 268/306/50 237/307/50
f 240/308/51 261/309/51 263/310/52 242/311/52
f 242/311/52 263/310/52 262/312/53 243/313/53
f 243/313/53 262/312/53 260/314/54 241/315/54
f 199/225/11 169/224/11 205/241/18 244/240/18
f 245/235/15 204/234/15 209/251/22 256/250/22
f 257/243/19 208/242/19 213/259/26 248/258/26
f 249/253/23 212/252/23 217/267/30 252/266/30
f 216/260/27 221/275/34 264/274/34 253/261/27
f 220/268/31 179/218/9 200/221/9 265/269/31
f 281/285/39 228/284/39 225/283/38 276/282/38
f 277/277/35 224/276/35 188/231/7 202/230/7
f 273/366/43 232/367/43 229/291/42 280/290/42
f 269/301/47 236/300/47 233/299/46 272/298/46
f 261/309/51 240/308/51 237/307/50 268/306/50
f 201/229/13 189/228/13 241/315/54 260/314/54
f 1048/2034/194 1049/2035/194 1043/2036/194 1041/2037/194
f 1049/2038/195 1050/2039/195 1047/2040/195 1043/2041/195
f 1050/2042/196 1051/2043/196 1045/2044/196 1047/2045/196
f 1051/2046/197 1048/2047/197 1041/2048/197 1045/2049/197
f 1043/2036/198 1053/2054/198 1052/2055/198 1041/2037/198
f 1044/2056/7 1040/2057/7 1048/2047/7 1051/2046/7
f 1046/2058/4 1044/2059/4 1051/2043/4 1050/2042/4
f 1042/2060/5 1046/2061/5 1050/2039/5 1049/2038/5
f 1040/2062/6 1042/2063/6 1049/2035/6 1048/2034/6
f 1055/2064/199 1059/2065/199 1058/2066/199 1054/2067/199
f 1041/2048/200 1052/2068/200 1055/2069/200 1045/2049/200
f 1047/2040/201 1054/2070/201 1053/2071/201 1043/2041/201
f 1045/2044/202 1055/2064/202 1054/2067/202 1047/2045/202
f 1058/2072/3 1059/2073/3 1056/2074/3 1057/2075/3
f 1053/2054/203 1057/2076/203 1056/2077/203 1052/2055/203
f 1052/2068/204 1056/2078/204 1059/2079/204 1055/2069/204
f 1054/2070/205 1058/2080/205 1057/2081/205 1053/2071/205
f 1100/2154/194 1101/2155/194 1095/2156/194 1093/2157/194
f 1101/2158/195 1102/2159/195 1099/2160/195 1095/2161/195
f 1102/2162/196 1103/2163/196 1097/2164/196 1099/2165/196
f 1103/2166/197 1100/2167/197 1093/2168/197 1097/2169/197
f 1095/2156/198 1105/2174/198 1104/2175/198 1093/2157/198
f 1096/2176/7 1092/2177/7 1100/2167/7 1103/2166/7
f 1098/2178/4 1096/2179/4 1103/2163/4 1102/2162/4
f 1094/2180/5 1098/2181/5 1102/2159/5 1101/2158/5
f 1092/2182/6 1094/2183/6 1101/2155/6 1100/2154/6
f 1107/2184/199 1111/2185/199 1110/2186/199 1106/2187/199
f 1093/2168/200 1104/2188/200 1107/2189/200 1097/2169/200
f 1099/2160/201 1106/2190/201 1105/2191/201 1095/2161/201
f 1097/2164/202 1107/2184/202 1106/2187/202 1099/2165/202
f 1110/2192/3 1111/2072/3 1108/2075/3 1109/2193/3
f 1105/2174/203 1109/2194/203 1108/2195/203 1104/2175/203
f 1104/2188/204 1108/2196/204 1111/2197/204 1107/2189/204
f 1106/2190/205 1110/2198/205 1109/2199/205 1105/2191/205
f 1152/2272/194 1153/2273/194 1147/2274/194 1145/2275/194
f 1153/2276/195 1154/2277/195 1151/2278/195 1147/2279/195
f 1154/2280/196 1155/2281/196 1149/2282/196 1151/2283/196
f 1155/2284/197 1152/2285/197 1145/2286/197 1149/2287/197
f 1147/2274/198 1157/2292/198 1156/2293/198 1145/2275/198
f 1148/2294/7 1144/2295/7 1152/2285/7 1155/2284/7
f 1150/2296/4 1148/2297/4 1155/2281/4 1154/2280/4
f 1146/2298/5 1150/2299/5 1154/2277/5 1153/2276/5
f 1144/2300/6 1146/2301/6 1153/2273/6 1152/2272/6
f 1159/2302/199 1163/2303/199 1162/2304/199 1158/2305/199
f 1145/2286/200 1156/2306/200 1159/2307/200 1149/2287/200
f 1151/2278/201 1158/2308/201 1157/2309/201 1147/2279/201
f 1149/2282/202 1159/2302/202 1158/2305/202 1151/2283/202
f 1162/2310/3 1163/2311/3 1160/2312/3 1161/2313/3
f 1157/2292/203 1161/2314/203 1160/2315/203 1156/2293/203
f 1156/2306/204 1160/2316/204 1163/2317/204 1159/2307/204
f 1158/2308/205 1162/2318/205 1161/2319/205 1157/2309/205
f 1204/2391/194 1205/2392/194 1199/2393/194 1197/2394/194
f 1205/2395/195 1206/2396/195 1203/2397/195 1199/2398/195
f 1206/2399/196 1207/2400/196 1201/2401/196 1203/2402/196
f 1207/2403/197 1204/2404/197 1197/2405/197 1201/2406/197
f 1199/2393/198 1209/2411/198 1208/2412/198 1197/2394/198
f 1200/2413/7 1196/2414/7 1204/2404/7 1207/2403/7
f 1202/2415/4 1200/2416/4 1207/2400/4 1206/2399/4
f 1198/2417/5 1202/2418/5 1206/2396/5 1205/2395/5
f 1196/2419/6 1198/2420/6 1205/2392/6 1204/2391/6
f 1211/2421/199 1215/2422/199 1214/2423/199 1210/2424/199
f 1197/2405/200 1208/2425/200 1211/2426/200 1201/2406/200
f 1203/2397/201 1210/2427/201 1209/2428/201 1199/2398/201
f 1201/2401/202 1211/2421/202 1210/2424/202 1203/2402/202
f 1214/2429/3 1215/2430/3 1212/2431/3 1213/2432/3
f 1209/2411/203 1213/2433/203 1212/2434/203 1208/2412/203
f 1208/2425/204 1212/2435/204 1215/2436/204 1211/2426/204
f 1210/2427/205 1214/2437/205 1213/2438/205 1209/2428/205
f 1256/2511/194 1257/2512/194 1251/2513/194 1249/2514/194
f 1257/2515/195 1258/2516/195 1255/2517/195 1251/2518/195
f 1258/2519/196 1259/2520/196 1253/2521/196 1255/2522/196
f 1259/2523/197 1256/2524/197 1249/2525/197 1253/2526/197
f 1251/2513/198 1261/2531/198 1260/2532/198 1249/2514/198
f 1252/2533/7 1248/2534/7 1256/2524/7 1259/2523/7
f 1254/2535/4 1252/2536/4 1259/2520/4 1258/2519/4
f 1250/2537/5 1254/2538/5 1258/2516/5 1257/2515/5
f 1248/2539/6 1250/2540/6 1257/2512/6 1256/2511/6
f 1263/2541/199 1267/2542/199 1266/2543/199 1262/2544/199
f 1249/2525/200 1260/2545/200 1263/2546/200 1253/2526/200
f 1255/2517/201 1262/2547/201 1261/2548/201 1251/2518/201
f 1253/2521/202 1263/2541/202 1262/2544/202 1255/2522/202
f 1266/2549/3 1267/2550/3 1264/2551/3 1265/2552/3
f 1261/2531/203 1265/2553/203 1264/2554/203 1260/2532/203
f 1260/2545/204 1264/2555/204 1267/2556/204 1263/2546/204
f 1262/2547/205 1266/2557/205 1265/2558/205 1261/2548/205
f 1308/2631/194 1309/2632/194 1303/2633/194 1301/2634/194
f 1309/2635/195 1310/2636/195 1307/2637/195 1303/2638/195
f 1310/2639/196 1311/2640/196 1305/2641/196 1307/2642/196
f 1311/2643/197 1308/2644/197 1301/2645/197 1305/2646/197
f 1303/2633/198 1313/2651/198 1312/2652/198 1301/2634/198
f 1304/2653/7 1300/2654/7 1308/2644/7 1311/2643/7
f 1306/2655/4 1304/2656/4 1311/2640/4 1310/2639/4
f 1302/2657/5 1306/2658/5 1310/2636/5 1309/2635/5
f 1300/2659/6 1302/2660/6 1309/2632/6 1308/2631/6
f 1315/2661/199 1319/2662/199 1318/2663/199 1314/2664/199
f 1301/2645/200 1312/2665/200 1315/2666/200 1305/2646/200
f 1307/2637/201 1314/2667/201 1313/2668/201 1303/2638/201
f 1305/2641/202 1315/2661/202 1314/2664/202 1307/2642/202
f 1318/2669/3 1319/2670/3 1316/2671/3 1317/2672/3
f 1313/2651/203 1317/2673/203 1316/2674/203 1312/2652/203
f 1312/2665/204 1316/2675/204 1319/2676/204 1315/2666/204
f 1314/2667/205 1318/2677/205 1317/2678/205 1313/2668/205
f 1360/2750/194 1361/2751/194 1355/2752/194 1353/2753/194
f 1361/2754/195 1362/2755/195 1359/2756/195 1355/2757/195
f 1362/2758/196 1363/2759/196 1357/2760/196 1359/2761/196
f 1363/2762/197 1360/2763/197 1353/2764/197 1357/2765/197
f 1355/2752/198 1365/2770/198 1364/2771/198 1353/2753/198
f 1356/2772/7 1352/2773/7 1360/2763/7 1363/2762/7
f 1358/2774/4 1356/2775/4 1363/2759/4 1362/2758/4
f 1354/2776/5 1358/2777/5 1362/2755/5 1361/2754/5
f 1352/2778/6 1354/2779/6 1361/2751/6 1360/2750/6
f 1367/2780/199 1371/2781/199 1370/2782/199 1366/2783/199
f 1353/2764/200 1364/2784/200 1367/2785/200 1357/2765/200
f 1359/2756/201 1366/2786/201 1365/2787/201 1355/2757/201
f 1357/2760/202 1367/2780/202 1366/2783/202 1359/2761/202
f 1370/2788/3 1371/2669/3 1368/2672/3 1369/2789/3
f 1365/2770/203 1369/2790/203 1368/2791/203 1364/2771/203
f 1364/2784/204 1368/2792/204 1371/2793/204 1367/2785/204
f 1366/2786/205 1370/2794/205 1369/2795/205 1365/2787/205
f 1412/2868/194 1413/2869/194 1407/2870/194 1405/2871/194
f 1413/2872/195 1414/2873/195 1411/2874/195 1407/2875/195
f 1414/2876/196 1415/2877/196 1409/2878/196 1411/2879/196
f 1415/2880/197 1412/2881/197 1405/2882/197 1409/2883/197
f 1407/2870/198 1417/2888/198 1416/2889/198 1405/2871/198
f 1408/2890/7 1404/2891/7 1412/2881/7 1415/2880/7
f 1410/2892/4 1408/2893/4 1415/2877/4 1414/2876/4
f 1406/2894/5 1410/2895/5 1414/2873/5 1413/2872/5
f 1404/2896/6 1406/2897/6 1413/2869/6 1412/2868/6
f 1419/2898/199 1423/2899/199 1422/2900/199 1418/2901/199
f 1405/2882/200 1416/2902/200 1419/2903/200 1409/2883/200
f 1411/2874/201 1418/2904/201 1417/2905/201 1407/2875/201
f 1409/2878/202 1419/2898/202 1418/2901/202 1411/2879/202
f 1422/2906/3 1423/2907/3 1420/2552/3 1421/2908/3
f 1417/2888/203 1421/2909/203 1420/2910/203 1416/2889/203
f 1416/2902/204 1420/2911/204 1423/2912/204 1419/2903/204
f 1418/2904/205 1422/2913/205 1421/2914/205 1417/2905/205
f 1450/2980/206 1466/2981/207 1471/2982/208
f 1451/2983/209 1467/2984/210 1473/2985/211
f 1452/2986/212 1468/2987/213 1474/2988/214
f 1453/2989/215 1469/2990/216 1475/2991/217
f 1454/2992/218 1470/2993/219 1472/2994/220
f 1472/2995/220 1475/2996/217 1455/2997/3
f 1472/2998/220 1470/2999/219 1475/3000/217
f 1470/2999/219 1453/3001/215 1475/3000/217
f 1475/3002/217 1474/3003/214 1455/3004/3
f 1475/3005/217 1469/3006/216 1474/3007/214
f 1469/2990/216 1452/3008/212 1474/3009/214
f 1474/3010/214 1473/3011/211 1455/3012/3
f 1474/2988/214 1468/2987/213 1473/3013/211
f 1468/3014/213 1451/3015/209 1473/3016/211
f 1473/3017/211 1471/3018/208 1455/3019/3
f 1473/2985/211 1467/2984/210 1471/3020/208
f 1467/3021/210 1450/3022/206 1471/3023/208
f 1471/3024/208 1472/2995/220 1455/2997/3
f 1471/2982/208 1466/2981/207 1472/3025/220
f 1466/3026/207 1454/2992/218 1472/2994/220
f 1457/3027/221 1470/2993/219 1454/2992/218
f 1457/3027/221 1464/3028/222 1470/2993/219
f 1464/3029/222 1453/3001/215 1470/2999/219
f 1465/3030/223 1469/2990/216 1453/2989/215
f 1465/3030/223 1462/3031/224 1469/2990/216
f 1462/3031/224 1452/3008/212 1469/2990/216
f 1463/3032/225 1468/3014/213 1452/3033/212
f 1463/3032/225 1460/3034/226 1468/3014/213
f 1460/3034/226 1451/3015/209 1468/3014/213
f 1461/3035/227 1467/3021/210 1451/3036/209
f 1461/3035/227 1458/3037/228 1467/3021/210
f 1458/3037/228 1450/3022/206 1467/3021/210
f 1459/3038/229 1466/2981/207 1450/2980/206
f 1459/3039/229 1456/3040/230 1466/3026/207
f 1456/3040/230 1454/2992/218 1466/3026/207
f 1464/3041/222 1465/3030/223 1453/2989/215
f 1462/3042/224 1463/3032/225 1452/3033/212
f 1460/3034/226 1461/3043/227 1451/3015/209
f 1458/3037/228 1459/3044/229 1450/3022/206
f 1456/3040/230 1457/3027/221 1454/2992/218
f 1476/3045/206 1492/3046/207 1497/3047/208
f 1477/3048/209 1493/3049/210 1499/3050/211
f 1478/3051/212 1494/3052/213 1500/3053/214
f 1479/3054/215 1495/3055/216 1501/3056/217
f 1480/3057/218 1496/3058/219 1498/3059/220
f 1498/3060/220 1501/3061/217 1481/3062/3
f 1498/3063/220 1496/3064/219 1501/3065/217
f 1496/3064/219 1479/3066/215 1501/3065/217
f 1501/3067/217 1500/3068/214 1481/3069/3
f 1501/3070/217 1495/3071/216 1500/3072/214
f 1495/3055/216 1478/3073/212 1500/3074/214
f 1500/3075/214 1499/3076/211 1481/3077/3
f 1500/3053/214 1494/3052/213 1499/3078/211
f 1494/3079/213 1477/3080/209 1499/3081/211
f 1499/3082/211 1497/3083/208 1481/3084/3
f 1499/3050/211 1493/3049/210 1497/3085/208
f 1493/3086/210 1476/3087/206 1497/3088/208
f 1497/3089/208 1498/3060/220 1481/3062/3
f 1497/3047/208 1492/3046/207 1498/3090/220
f 1492/3091/207 1480/3057/218 1498/3059/220
f 1483/3092/221 1496/3058/219 1480/3057/218
f 1483/3092/221 1490/3093/222 1496/3058/219
f 1490/3094/222 1479/3066/215 1496/3064/219
f 1491/3095/223 1495/3055/216 1479/3054/215
f 1491/3095/223 1488/3096/224 1495/3055/216
f 1488/3096/224 1478/3073/212 1495/3055/216
f 1489/3097/225 1494/3079/213 1478/3098/212
f 1489/3097/225 1486/3099/226 1494/3079/213
f 1486/3099/226 1477/3080/209 1494/3079/213
f 1487/3100/227 1493/3086/210 1477/3101/209
f 1487/3100/227 1484/3102/228 1493/3086/210
f 1484/3102/228 1476/3087/206 1493/3086/210
f 1485/3103/229 1492/3046/207 1476/3045/206
f 1485/3104/229 1482/3105/230 1492/3091/207
f 1482/3105/230 1480/3057/218 1492/3091/207
f 1490/3106/222 1491/3095/223 1479/3054/215
f 1488/3107/224 1489/3097/225 1478/3098/212
f 1486/3099/226 1487/3108/227 1477/3080/209
f 1484/3102/228 1485/3109/229 1476/3087/206
f 1482/3105/230 1483/3092/221 1480/3057/218
f 1502/3110/206 1518/3111/207 1523/3112/208
f 1503/3113/209 1519/3114/210 1525/3115/211
f 1504/3116/212 1520/3117/213 1526/3118/214
f 1505/3119/215 1521/3120/216 1527/3121/217
f 1506/3122/218 1522/3123/219 1524/3124/220
f 1524/3125/220 1527/3126/217 1507/3127/3
f 1524/3128/220 1522/3129/219 1527/3130/217
f 1522/3129/219 1505/3131/215 1527/3130/217
f 1527/3132/217 1526/3133/214 1507/3134/3
f 1527/3135/217 1521/3136/216 1526/3137/214
f 1521/3120/216 1504/3138/212 1526/3139/214
f 1526/3140/214 1525/3141/211 1507/3142/3
f 1526/3118/214 1520/3117/213 1525/3143/211
f 1520/3144/213 1503/3145/209 1525/3146/211
f 1525/3147/211 1523/3148/208 1507/3149/3
f 1525/3115/211 1519/3114/210 1523/3150/208
f 1519/3151/210 1502/3152/206 1523/3153/208
f 1523/3154/208 1524/3125/220 1507/3127/3
f 1523/3112/208 1518/3111/207 1524/3155/220
f 1518/3156/207 1506/3122/218 1524/3124/220
f 1509/3157/221 1522/3123/219 1506/3122/218
f 1509/3157/221 1516/3158/222 1522/3123/219
f 1516/3159/222 1505/3131/215 1522/3129/219
f 1517/3160/223 1521/3120/216 1505/3119/215
f 1517/3160/223 1514/3161/224 1521/3120/216
f 1514/3161/224 1504/3138/212 1521/3120/216
f 1515/3162/225 1520/3144/213 1504/3163/212
f 1515/3162/225 1512/3164/226 1520/3144/213
f 1512/3164/226 1503/3145/209 1520/3144/213
f 1513/3165/227 1519/3151/210 1503/3166/209
f 1513/3165/227 1510/3167/228 1519/3151/210
f 1510/3167/228 1502/3152/206 1519/3151/210
f 1511/3168/229 1518/3111/207 1502/3110/206
f 1511/3169/229 1508/3170/230 1518/3156/207
f 1508/3170/230 1506/3122/218 1518/3156/207
f 1516/3171/222 1517/3160/223 1505/3119/215
f 1514/3172/224 1515/3162/225 1504/3163/212
f 1512/3164/226 1513/3173/227 1503/3145/209
f 1510/3167/228 1511/3174/229 1502/3152/206
f 1508/3170/230 1509/3157/221 1506/3122/218
f 1528/3175/206 1544/3176/207 1549/3177/208
f 1529/3178/209 1545/3179/210 1551/3180/211
f 1530/3181/212 1546/3182/213 1552/3183/214
f 1531/3184/215 1547/3185/216 1553/3186/217
f 1532/3187/218 1548/3188/219 1550/3189/220
f 1550/3190/220 1553/3191/217 1533/3192/3
f 1550/3193/220 1548/3194/219 1553/3195/217
f 1548/3194/219 1531/3196/215 1553/3195/217
f 1553/3197/217 1552/3198/214 1533/3199/3
f 1553/3200/217 1547/3201/216 1552/3202/214
f 1547/3185/216 1530/3203/212 1552/3204/214
f 1552/3205/214 1551/3206/211 1533/3207/3
f 1552/3183/214 1546/3182/213 1551/3208/211
f 1546/3209/213 1529/3210/209 1551/3211/211
f 1551/3212/211 1549/3213/208 1533/3214/3
f 1551/3180/211 1545/3179/210 1549/3215/208
f 1545/3216/210 1528/3217/206 1549/3218/208
f 1549/3219/208 1550/3190/220 1533/3192/3
f 1549/3177/208 1544/3176/207 1550/3220/220
f 1544/3221/207 1532/3187/218 1550/3189/220
f 1535/3222/221 1548/3188/219 1532/3187/218
f 1535/3222/221 1542/3223/222 1548/3188/219
f 1542/3224/222 1531/3196/215 1548/3194/219
f 1543/3225/223 1547/3185/216 1531/3184/215
f 1543/3225/223 1540/3226/224 1547/3185/216
f 1540/3226/224 1530/3203/212 1547/3185/216
f 1541/3227/225 1546/3209/213 1530/3228/212
f 1541/3227/225 1538/3229/226 1546/3209/213
f 1538/3229/226 1529/3210/209 1546/3209/213
f 1539/3230/227 1545/3216/210 1529/3231/209
f 1539/3230/227 1536/3232/228 1545/3216/210
f 1536/3232/228 1528/3217/206 1545/3216/210
f 1537/3233/229 1544/3176/207 1528/3175/206
f 1537/3234/229 1534/3235/230 1544/3221/207
f 1534/3235/230 1532/3187/218 1544/3221/207
f 1542/3236/222 1543/3225/223 1531/3184/215
f 1540/3237/224 1541/3227/225 1530/3228/212
f 1538/3229/226 1539/3238/227 1529/3210/209
f 1536/3232/228 1537/3239/229 1528/3217/206
f 1534/3235/230 1535/3222/221 1532/3187/218
f 1554/3240/206 1570/3241/207 1575/3242/208
f 1555/3243/209 1571/3244/210 1577/3245/211
f 1556/3246/212 1572/3247/213 1578/3248/214
f 1557/3249/215 1573/3250/216 1579/3251/217
f 1558/3252/218 1574/3253/219 1576/3254/220
f 1576/3255/220 1579/3256/217 1559/3257/3
f 1576/3258/220 1574/3259/219 1579/3260/217
f 1574/3259/219 1557/3261/215 1579/3260/217
f 1579/3262/217 1578/3263/214 1559/3264/3
f 1579/3265/217 1573/3266/216 1578/3267/214
f 1573/3250/216 1556/3268/212 1578/3269/214
f 1578/3270/214 1577/3271/211 1559/3272/3
f 1578/3248/214 1572/3247/213 1577/3273/211
f 1572/3274/213 1555/3275/209 1577/3276/211
f 1577/3277/211 1575/3278/208 1559/3279/3
f 1577/3245/211 1571/3244/210 1575/3280/208
f 1571/3281/210 1554/3282/206 1575/3283/208
f 1575/3284/208 1576/3255/220 1559/3257/3
f 1575/3242/208 1570/3241/207 1576/3285/220
f 1570/3286/207 1558/3252/218 1576/3254/220
f 1561/3287/221 1574/3253/219 1558/3252/218
f 1561/3287/221 1568/3288/222 1574/3253/219
f 1568/3289/222 1557/3261/215 1574/3259/219
f 1569/3290/223 1573/3250/216 1557/3249/215
f 1569/3290/223 1566/3291/224 1573/3250/216
f 1566/3291/224 1556/3268/212 1573/3250/216
f 1567/3292/225 1572/3274/213 1556/3293/212
f 1567/3292/225 1564/3294/226 1572/3274/213
f 1564/3294/226 1555/3275/209 1572/3274/213
f 1565/3295/227 1571/3281/210 1555/3296/209
f 1565/3295/227 1562/3297/228 1571/3281/210
f 1562/3297/228 1554/3282/206 1571/3281/210
f 1563/3298/229 1570/3241/207 1554/3240/206
f 1563/3299/229 1560/3300/230 1570/3286/207
f 1560/3300/230 1558/3252/218 1570/3286/207
f 1568/3301/222 1569/3290/223 1557/3249/215
f 1566/3302/224 1567/3292/225 1556/3293/212
f 1564/3294/226 1565/3303/227 1555/3275/209
f 1562/3297/228 1563/3304/229 1554/3282/206
f 1560/3300/230 1561/3287/221 1558/3252/218
f 1580/3305/206 1596/3306/207 1601/3307/208
f 1581/3308/209 1597/3309/210 1603/3310/211
f 1582/3311/212 1598/3312/213 1604/3313/214
f 1583/3314/215 1599/3315/216 1605/3316/217
f 1584/3317/218 1600/3318/219 1602/3319/220
f 1602/3320/220 1605/3321/217 1585/3322/3
f 1602/3323/220 1600/3324/219 1605/3325/217
f 1600/3324/219 1583/3326/215 1605/3325/217
f 1605/3327/217 1604/3328/214 1585/3329/3
f 1605/3330/217 1599/3331/216 1604/3332/214
f 1599/3315/216 1582/3333/212 1604/3334/214
f 1604/3335/214 1603/3336/211 1585/3337/3
f 1604/3313/214 1598/3312/213 1603/3338/211
f 1598/3339/213 1581/3340/209 1603/3341/211
f 1603/3342/211 1601/3343/208 1585/3344/3
f 1603/3310/211 1597/3309/210 1601/3345/208
f 1597/3346/210 1580/3347/206 1601/3348/208
f 1601/3349/208 1602/3320/220 1585/3322/3
f 1601/3307/208 1596/3306/207 1602/3350/220
f 1596/3351/207 1584/3317/218 1602/3319/220
f 1587/3352/221 1600/3318/219 1584/3317/218
f 1587/3352/221 1594/3353/222 1600/3318/219
f 1594/3354/222 1583/3326/215 1600/3324/219
f 1595/3355/223 1599/3315/216 1583/3314/215
f 1595/3355/223 1592/3356/224 1599/3315/216
f 1592/3356/224 1582/3333/212 1599/3315/216
f 1593/3357/225 1598/3339/213 1582/3358/212
f 1593/3357/225 1590/3359/226 1598/3339/213
f 1590/3359/226 1581/3340/209 1598/3339/213
f 1591/3360/227 1597/3346/210 1581/3361/209
f 1591/3360/227 1588/3362/228 1597/3346/210
f 1588/3362/228 1580/3347/206 1597/3346/210
f 1589/3363/229 1596/3306/207 1580/3305/206
f 1589/3364/229 1586/3365/230 1596/3351/207
f 1586/3365/230 1584/3317/218 1596/3351/207
f 1594/3366/222 1595/3355/223 1583/3314/215
f 1592/3367/224 1593/3357/225 1582/3358/212
f 1590/3359/226 1591/3368/227 1581/3340/209
f 1588/3362/228 1589/3369/229 1580/3347/206
f 1586/3365/230 1587/3352/221 1584/3317/218
f 1606/3370/206 1622/3371/207 1627/3372/208
f 1607/3373/209 1623/3374/210 1629/3375/211
f 1608/3376/212 1624/3377/213 1630/3378/214
f 1609/3379/215 1625/3380/216 1631/3381/217
f 1610/3382/218 1626/3383/219 1628/3384/220
f 1628/3385/220 1631/3386/217 1611/3387/3
f 1628/3388/220 1626/3389/219 1631/3390/217
f 1626/3389/219 1609/3391/215 1631/3390/217
f 1631/3392/217 1630/3393/214 1611/3394/3
f 1631/3395/217 1625/3396/216 1630/3397/214
f 1625/3380/216 1608/3398/212 1630/3399/214
f 1630/3400/214 1629/3401/211 1611/3402/3
f 1630/3378/214 1624/3377/213 1629/3403/211
f 1624/3404/213 1607/3405/209 1629/3406/211
f 1629/3407/211 1627/3408/208 1611/3409/3
f 1629/3375/211 1623/3374/210 1627/3410/208
f 1623/3411/210 1606/3412/206 1627/3413/208
f 1627/3414/208 1628/3385/220 1611/3387/3
f 1627/3372/208 1622/3371/207 1628/3415/220
f 1622/3416/207 1610/3382/218 1628/3384/220
f 1613/3417/221 1626/3383/219 1610/3382/218
f 1613/3417/221 1620/3418/222 1626/3383/219
f 1620/3419/222 1609/3391/215 1626/3389/219
f 1621/3420/223 1625/3380/216 1609/3379/215
f 1621/3420/223 1618/3421/224 1625/3380/216
f 1618/3421/224 1608/3398/212 1625/3380/216
f 1619/3422/225 1624/3404/213 1608/3423/212
f 1619/3422/225 1616/3424/226 1624/3404/213
f 1616/3424/226 1607/3405/209 1624/3404/213
f 1617/3425/227 1623/3411/210 1607/3426/209
f 1617/3425/227 1614/3427/228 1623/3411/210
f 1614/3427/228 1606/3412/206 1623/3411/210
f 1615/3428/229 1622/3371/207 1606/3370/206
f 1615/3429/229 1612/3430/230 1622/3416/207
f 1612/3430/230 1610/3382/218 1622/3416/207
f 1620/3431/222 1621/3420/223 1609/3379/215
f 1618/3432/224 1619/3422/225 1608/3423/212
f 1616/3424/226 1617/3433/227 1607/3405/209
f 1614/3427/228 1615/3083/229 1606/3412/206
f 1612/3430/230 1613/3417/221 1610/3382/218
f 1672/3503/196 1665/3504/196 1667/3505/196 1673/3506/196
f 1673/3507/195 1667/3508/195 1671/3509/195 1674/3510/195
f 1674/3511/194 1671/3512/194 1669/3513/194 1675/3514/194
f 1675/3515/197 1669/3516/197 1665/3517/197 1672/3518/197
f 1667/3505/202 1665/3504/202 1676/3522/202 1677/3523/202
f 1668/3524/7 1675/3515/7 1672/3518/7 1664/3525/7
f 1670/3526/6 1674/3511/6 1675/3514/6 1668/3527/6
f 1666/3528/5 1673/3507/5 1674/3510/5 1670/3529/5
f 1664/3530/4 1672/3503/4 1673/3506/4 1666/3531/4
f 1679/3532/203 1678/3533/203 1682/3534/203 1683/3535/203
f 1665/3517/200 1669/3516/200 1679/3536/200 1676/3537/200
f 1671/3509/201 1667/3508/201 1677/3538/201 1678/3539/201
f 1669/3513/198 1671/3512/198 1678/3533/198 1679/3532/198
f 1682/3540/3 1681/3541/3 1680/2670/3 1683/3542/3
f 1677/3523/199 1676/3522/199 1680/3543/199 1681/3544/199
f 1676/3537/204 1679/3536/204 1683/3545/204 1680/3546/204
f 1678/3539/205 1677/3538/205 1681/3547/205 1682/3548/205
f 1724/3621/196 1717/3622/196 1719/3623/196 1725/3624/196
f 1725/3625/195 1719/3626/195 1723/3627/195 1726/3628/195
f 1726/3629/194 1723/3630/194 1721/3631/194 1727/3632/194
f 1727/3633/197 1721/3634/197 1717/3635/197 1724/3636/197
f 1719/3623/202 1717/3622/202 1728/3640/202 1729/3641/202
f 1720/3642/7 1727/3633/7 1724/3636/7 1716/3643/7
f 1722/3644/6 1726/3629/6 1727/3632/6 1720/3645/6
f 1718/3646/5 1725/3625/5 1726/3628/5 1722/3647/5
f 1716/3648/4 1724/3621/4 1725/3624/4 1718/3649/4
f 1731/3650/203 1730/3651/203 1734/3652/203 1735/3653/203
f 1717/3635/200 1721/3634/200 1731/3654/200 1728/3655/200
f 1723/3627/201 1719/3626/201 1729/3656/201 1730/3657/201
f 1721/3631/198 1723/3630/198 1730/3651/198 1731/3650/198
f 1734/3658/3 1733/3540/3 1732/3542/3 1735/3659/3
f 1729/3641/199 1728/3640/199 1732/3660/199 1733/3661/199
f 1728/3655/204 1731/3654/204 1735/3662/204 1732/3663/204
f 1730/3657/205 1729/3656/205 1733/3664/205 1734/3665/205
f 1776/3737/196 1769/3738/196 1771/3739/196 1777/3740/196
f 1777/3741/195 1771/3742/195 1775/3743/195 1778/3744/195
f 1778/3745/194 1775/3746/194 1773/3747/194 1779/3748/194
f 1779/3749/197 1773/3750/197 1769/3751/197 1776/3752/197
f 1771/3739/202 1769/3738/202 1780/3757/202 1781/3758/202
f 1772/3759/7 1779/3749/7 1776/3752/7 1768/3760/7
f 1774/3761/6 1778/3745/6 1779/3748/6 1772/3762/6
f 1770/3763/5 1777/3741/5 1778/3744/5 1774/3764/5
f 1768/3765/4 1776/3737/4 1777/3740/4 1770/3766/4
f 1783/3767/203 1782/3768/203 1786/3769/203 1787/3770/203
f 1769/3751/200 1773/3750/200 1783/3771/200 1780/3772/200
f 1775/3743/201 1771/3742/201 1781/3773/201 1782/3774/201
f 1773/3747/198 1775/3746/198 1782/3768/198 1783/3767/198
f 1786/3775/3 1785/3776/3 1784/2906/3 1787/3777/3
f 1781/3758/199 1780/3757/199 1784/3778/199 1785/3779/199
f 1780/3772/204 1783/3771/204 1787/3780/204 1784/3781/204
f 1782/3774/205 1781/3773/205 1785/3782/205 1786/3783/205
f 1828/3856/196 1821/3857/196 1823/3858/196 1829/3859/196
f 1829/3860/195 1823/3861/195 1827/3862/195 1830/3863/195
f 1830/3864/194 1827/3865/194 1825/3866/194 1831/3867/194
f 1831/3868/197 1825/3869/197 1821/3870/197 1828/3871/197
f 1823/3858/202 1821/3857/202 1832/3876/202 1833/3877/202
f 1824/3878/7 1831/3868/7 1828/3871/7 1820/3879/7
f 1826/3880/6 1830/3864/6 1831/3867/6 1824/3881/6
f 1822/3882/5 1829/3860/5 1830/3863/5 1826/3883/5
f 1820/3884/4 1828/3856/4 1829/3859/4 1822/3885/4
f 1835/3886/203 1834/3887/203 1838/3888/203 1839/3889/203
f 1821/3870/200 1825/3869/200 1835/3890/200 1832/3891/200
f 1827/3862/201 1823/3861/201 1833/3892/201 1834/3893/201
f 1825/3866/198 1827/3865/198 1834/3887/198 1835/3886/198
f 1838/3894/3 1837/3895/3 1836/3776/3 1839/3896/3
f 1833/3877/199 1832/3876/199 1836/3897/199 1837/3898/199
f 1832/3891/204 1835/3890/204 1839/3899/204 1836/3900/204
f 1834/3893/205 1833/3892/205 1837/3901/205 1838/3902/205
f 1880/3975/196 1873/3976/196 1875/3977/196 1881/3978/196
f 1881/3979/195 1875/3980/195 1879/3981/195 1882/3982/195
f 1882/3983/194 1879/3984/194 1877/3985/194 1883/3986/194
f 1883/3987/197 1877/3988/197 1873/3989/197 1880/3990/197
f 1875/3977/202 1873/3976/202 1884/3995/202 1885/3996/202
f 1876/3997/7 1883/3987/7 1880/3990/7 1872/3998/7
f 1878/3999/6 1882/3983/6 1883/3986/6 1876/4000/6
f 1874/4001/5 1881/3979/5 1882/3982/5 1878/4002/5
f 1872/4003/4 1880/3975/4 1881/3978/4 1874/4004/4
f 1887/4005/203 1886/4006/203 1890/4007/203 1891/4008/203
f 1873/3989/200 1877/3988/200 1887/4009/200 1884/4010/200
f 1879/3981/201 1875/3980/201 1885/4011/201 1886/4012/201
f 1877/3985/198 1879/3984/198 1886/4006/198 1887/4005/198
f 1890/4013/3 1889/4014/3 1888/4015/3 1891/4016/3
f 1885/3996/199 1884/3995/199 1888/4017/199 1889/4018/199
f 1884/4010/204 1887/4009/204 1891/4019/204 1888/4020/204
f 1886/4012/205 1885/4011/205 1889/4021/205 1890/4022/205
f 1932/4095/196 1925/4096/196 1927/4097/196 1933/4098/196
f 1933/4099/195 1927/4100/195 1931/4101/195 1934/4102/195
f 1934/4103/194 1931/4104/194 1929/4105/194 1935/4106/194
f 1935/4107/197 1929/4108/197 1925/4109/197 1932/4110/197
f 1927/4097/202 1925/4096/202 1936/4115/202 1937/4116/202
f 1928/4117/7 1935/4107/7 1932/4110/7 1924/4118/7
f 1930/4119/6 1934/4103/6 1935/4106/6 1928/4120/6
f 1926/4121/5 1933/4099/5 1934/4102/5 1930/4122/5
f 1924/4123/4 1932/4095/4 1933/4098/4 1926/4124/4
f 1939/4125/203 1938/4126/203 1942/4127/203 1943/4128/203
f 1925/4109/200 1929/4108/200 1939/4129/200 1936/4130/200
f 1931/4101/201 1927/4100/201 1937/4131/201 1938/4132/201
f 1929/4105/198 1931/4104/198 1938/4126/198 1939/4125/198
f 1942/4133/3 1941/4134/3 1940/4135/3 1943/4136/3
f 1937/4116/199 1936/4115/199 1940/4137/199 1941/4138/199
f 1936/4130/204 1939/4129/204 1943/4139/204 1940/4140/204
f 1938/4132/205 1937/4131/205 1941/4141/205 1942/4142/205
f 1984/4215/196 1977/4216/196 1979/4217/196 1985/4218/196
f 1985/4219/195 1979/4220/195 1983/4221/195 1986/4222/195
f 1986/4223/194 1983/4224/194 1981/4225/194 1987/4226/194
f 1987/4227/197 1981/4228/197 1977/4229/197 1984/4230/197
f 1979/4217/202 1977/4216/202 1988/4235/202 1989/4236/202
f 1980/4237/7 1987/4227/7 1984/4230/7 1976/4238/7
f 1982/4239/6 1986/4223/6 1987/4226/6 1980/4240/6
f 1978/4241/5 1985/4219/5 1986/4222/5 1982/4242/5
f 1976/4243/4 1984/4215/4 1985/4218/4 1978/4244/4
f 1991/4245/203 1990/4246/203 1994/4247/203 1995/4248/203
f 1977/4229/200 1981/4228/200 1991/4249/200 1988/4250/200
f 1983/4221/201 1979/4220/201 1989/4251/201 1990/4252/201
f 1981/4225/198 1983/4224/198 1990/4246/198 1991/4245/198
f 1994/4016/3 1993/4015/3 1992/4253/3 1995/4254/3
f 1989/4236/199 1988/4235/199 1992/4255/199 1993/4256/199
f 1988/4250/204 1991/4249/204 1995/4257/204 1992/4258/204
f 1990/4252/205 1989/4251/205 1993/4259/205 1994/4260/205
f 2036/4332/196 2029/4333/196 2031/4334/196 2037/4335/196
f 2037/4336/195 2031/4337/195 2035/4338/195 2038/4339/195
f 2038/4340/194 2035/4341/194 2033/4342/194 2039/4343/194
f 2039/4344/197 2033/4345/197 2029/4346/197 2036/4347/197
f 2031/4334/202 2029/4333/202 2040/4352/202 2041/4353/202
f 2032/4354/7 2039/4344/7 2036/4347/7 2028/4355/7
f 2034/4356/6 2038/4340/6 2039/4343/6 2032/4357/6
f 2030/4358/5 2037/4336/5 2038/4339/5 2034/4359/5
f 2028/4360/4 2036/4332/4 2037/4335/4 2030/4361/4
f 2043/4362/203 2042/4363/203 2046/4364/203 2047/4365/203
f 2029/4346/200 2033/4345/200 2043/4366/200 2040/4367/200
f 2035/4338/201 2031/4337/201 2041/4368/201 2042/4369/201
f 2033/4342/198 2035/4341/198 2042/4363/198 2043/4362/198
f 2046/4370/3 2045/4371/3 2044/4372/3 2047/4133/3
f 2041/4353/199 2040/4352/199 2044/4373/199 2045/4374/199
f 2040/4367/204 2043/4366/204 2047/4375/204 2044/4376/204
f 2042/4369/205 2041/4368/205 2045/4377/205 2046/4378/205
f 2072/4395/4 2075/4396/4 2067/4397/4 2066/4398/4
f 2066/4399/5 2067/4400/5 2071/4401/5 2070/4402/5
f 2068/4407/7 2069/4408/7 2065/4409/7 2064/4410/7
f 2079/4415/3 2074/4416/3 2065/4417/3 2069/4418/3
f 2071/4419/3 2067/4420/3 2075/4421/3 2078/4422/3
f 2066/4423/8 2070/4424/8 2077/4425/8 2072/4426/8
f 2072/4426/8 2077/4425/8 2076/4412/8 2073/4411/8
f 2070/4427/6 2071/4428/6 2078/4429/6 2077/4430/6
f 2077/4430/6 2078/4429/6 2079/4404/6 2076/4403/6
f 2064/4431/4 2065/4432/4 2074/4433/4 2073/4434/4
f 2073/4434/4 2074/4433/4 2075/4396/4 2072/4395/4
f 2079/4404/6 2078/4429/6 2107/4486/6 2106/4485/6
f 2078/4487/5 2075/4488/5 2104/4484/5 2107/4483/5
f 2074/4489/7 2079/4490/7 2106/4482/7 2105/4481/7
f 2075/4396/4 2074/4433/4 2105/4480/4 2104/4479/4
f 2168/4549/7 2173/4550/7 2177/4551/7 2174/4552/7
f 2179/4553/8 2182/4554/8 2170/4555/8 2167/4556/8
f 2182/4557/6 2185/4558/6 2173/4559/6 2170/4560/6
f 2178/4561/4 2181/4562/4 2169/4563/4 2166/4564/4
f 2189/4565/3 2186/4566/3 2174/4567/3 2177/4568/3
f 2184/4569/6 2172/4570/6 2176/4571/6 2188/4572/6
f 2180/4573/4 2168/4574/4 2174/4575/4 2186/4576/4
f 2172/4577/5 2169/4578/5 2175/4579/5 2176/4580/5
f 2169/4563/4 2181/4562/4 2187/4581/4 2175/4582/4
f 2180/4583/5 2186/4584/5 2194/4585/5 2190/4586/5
f 2173/4559/6 2185/4558/6 2189/4587/6 2177/4588/6
f 2184/4589/7 2188/4590/7 2196/4591/7 2192/4592/7
f 2176/4593/3 2175/4594/3 2187/4595/3 2188/4596/3
f 2186/4584/5 2189/4597/5 2197/4598/5 2194/4585/5
f 2167/4599/4 2168/4574/4 2180/4573/4 2179/4600/4
f 2179/4600/4 2180/4573/4 2181/4562/4 2178/4561/4
f 2171/4601/6 2172/4570/6 2184/4569/6 2183/4602/6
f 2183/4602/6 2184/4569/6 2185/4558/6 2182/4557/6
f 2166/4603/8 2171/4604/8 2183/4605/8 2178/4606/8
f 2178/4606/8 2183/4605/8 2182/4554/8 2179/4553/8
f 2185/4619/3 2184/4620/3 2192/4621/3 2193/4622/3
f 2188/4590/7 2187/4623/7 2195/4624/7 2196/4591/7
f 2189/4597/5 2185/4625/5 2193/4626/5 2197/4598/5
f 2181/4627/3 2180/4628/3 2190/4629/3 2191/4630/3
f 2187/4623/7 2181/4631/7 2191/4632/7 2195/4624/7
f 2198/4633/192 2203/4634/192 2205/4635/56 2200/4636/56
f 2200/4637/58 2205/4638/58 2204/4639/58 2201/4640/58
f 2201/4640/60 2204/4639/60 2202/4641/259 2199/4642/193
f 2210/4643/191 2207/4644/191 2209/4645/63 2212/4646/63
f 2212/4646/65 2209/4645/65 2208/4647/65 2213/4648/65
f 2213/4649/67 2208/4650/67 2206/4651/190 2211/4652/260
f 2226/4653/261 2223/4654/189 2225/4655/70 2228/4656/70
f 2228/4656/72 2225/4655/72 2224/4657/72 2229/4658/72
f 2229/4659/74 2224/4660/74 2222/4661/188 2227/4662/188
f 2218/4663/186 2215/4664/186 2217/4665/77 2220/4666/77
f 2220/4666/79 2217/4665/79 2216/4667/79 2221/4668/79
f 2221/4669/81 2216/4670/81 2214/4671/187 2219/4672/262
f 2199/4642/193 2202/4641/259 2168/4574/4 2167/4599/4
f 2215/4664/186 2218/4663/186 2203/4634/192 2198/4633/192
f 2167/4556/8 2170/4555/8 2214/4673/8 2216/4674/8 2217/4675/8 2215/4676/8 2198/4677/8 2200/4678/8 2201/4679/8 2199/4680/8
f 2173/4681/3 2168/4682/3 2202/4683/263 2219/4684/263
f 2207/4644/191 2210/4643/191 2227/4662/188 2222/4661/188
f 2206/4685/8 2208/4686/8 2209/4687/8 2207/4688/8 2222/4689/8 2224/4690/8 2225/4691/8 2223/4692/8 2171/4604/8 2166/4603/8
f 2166/4564/4 2169/4563/4 2211/4652/260 2206/4651/190
f 2226/4693/264 2211/4694/264 2169/4695/3 2172/4696/3
f 2170/4560/6 2173/4559/6 2219/4672/262 2214/4671/187
f 2223/4654/189 2226/4653/261 2172/4570/6 2171/4601/6
f 2211/4694/264 2226/4693/264 2228/4697/265 2213/4698/265
f 2213/4698/265 2228/4697/265 2229/4699/266 2227/4700/266 2210/4701/266 2212/4702/266
f 2219/4684/263 2202/4683/263 2204/4703/267 2221/4704/267
f 2221/4704/267 2204/4703/267 2205/4705/268 2203/4706/268 2218/4707/268 2220/4708/268
f 2232/4709/7 2237/4710/7 2241/4711/7 2238/4712/7
f 2243/4713/8 2246/4714/8 2234/4715/8 2231/4716/8
f 2246/4717/6 2249/4718/6 2237/4719/6 2234/4720/6
f 2242/4721/4 2245/4722/4 2233/4723/4 2230/4724/4
f 2253/4725/3 2250/4726/3 2238/4727/3 2241/4728/3
f 2248/4729/6 2236/4730/6 2240/4731/6 2252/4732/6
f 2244/4733/4 2232/4734/4 2238/4735/4 2250/4736/4
f 2236/4737/5 2233/4738/5 2239/4739/5 2240/4740/5
f 2233/4723/4 2245/4722/4 2251/4741/4 2239/4742/4
f 2244/4743/5 2250/4744/5 2258/4745/5 2254/4746/5
f 2237/4719/6 2249/4718/6 2253/4747/6 2241/4748/6
f 2248/4749/7 2252/4750/7 2260/4751/7 2256/4752/7
f 2240/4753/3 2239/4754/3 2251/4755/3 2252/4756/3
f 2250/4744/5 2253/4757/5 2261/4758/5 2258/4745/5
f 2231/4759/4 2232/4734/4 2244/4733/4 2243/4760/4
f 2243/4760/4 2244/4733/4 2245/4722/4 2242/4721/4
f 2235/4761/6 2236/4730/6 2248/4729/6 2247/4762/6
f 2247/4762/6 2248/4729/6 2249/4718/6 2246/4717/6
f 2230/4763/8 2235/4764/8 2247/4765/8 2242/4766/8
f 2242/4766/8 2247/4765/8 2246/4714/8 2243/4713/8
f 2249/4630/3 2248/4779/3 2256/4780/3 2257/4627/3
f 2252/4750/7 2251/4781/7 2259/4782/7 2260/4751/7
f 2253/4757/5 2249/4783/5 2257/4784/5 2261/4758/5
f 2245/4785/3 2244/4786/3 2254/4787/3 2255/4788/3
f 2251/4781/7 2245/4789/7 2255/4790/7 2259/4782/7
f 2262/4791/192 2267/4792/192 2269/4793/56 2264/4794/56
f 2264/4795/58 2269/4796/58 2268/4797/58 2265/4798/58
f 2265/4798/60 2268/4797/60 2266/4799/259 2263/4800/193
f 2274/4801/191 2271/4802/191 2273/4803/63 2276/4804/63
f 2276/4804/65 2273/4803/65 2272/4805/65 2277/4806/65
f 2277/4807/67 2272/4808/67 2270/4809/190 2275/4810/260
f 2290/4811/261 2287/4812/189 2289/4813/70 2292/4814/70
f 2292/4814/72 2289/4813/72 2288/4815/72 2293/4816/72
f 2293/4817/74 2288/4818/74 2286/4819/188 2291/4820/188
f 2282/4821/186 2279/4822/186 2281/4823/77 2284/4824/77
f 2284/4824/79 2281/4823/79 2280/4825/79 2285/4826/79
f 2285/4827/81 2280/4828/81 2278/4829/187 2283/4830/262
f 2263/4800/193 2266/4799/259 2232/4734/4 2231/4759/4
f 2279/4822/186 2282/4821/186 2267/4792/192 2262/4791/192
f 2231/4716/8 2234/4715/8 2278/4831/8 2280/4832/8 2281/4833/8 2279/4834/8 2262/4835/8 2264/4836/8 2265/4837/8 2263/4838/8
f 2237/4839/3 2232/4840/3 2266/4841/263 2283/4842/263
f 2271/4802/191 2274/4801/191 2291/4820/188 2286/4819/188
f 2270/4843/8 2272/4844/8 2273/4845/8 2271/4846/8 2286/4847/8 2288/4848/8 2289/4849/8 2287/4850/8 2235/4764/8 2230/4763/8
f 2230/4724/4 2233/4723/4 2275/4810/260 2270/4809/190
f 2290/4851/264 2275/4852/264 2233/4853/3 2236/4854/3
f 2234/4720/6 2237/4719/6 2283/4830/262 2278/4829/187
f 2287/4812/189 2290/4811/261 2236/4730/6 2235/4761/6
f 2275/4852/264 2290/4851/264 2292/4855/265 2277/4856/265
f 2277/4856/265 2292/4855/265 2293/4857/266 2291/4858/266 2274/4859/266 2276/4860/266
f 2283/4842/263 2266/4841/263 2268/4861/267 2285/4862/267
f 2285/4862/267 2268/4861/267 2269/4863/268 2267/4864/268 2282/4865/268 2284/4866/268
usemtl Material.003
f 444/782/5 445/783/5 447/784/111 446/785/111
f 446/785/111 447/784/111 449/786/112 448/787/112
f 448/788/112 449/789/112 451/790/113 450/791/113
f 450/791/113 451/790/113 453/792/13 452/793/13
f 452/793/13 453/792/13 455/794/6 454/795/6
f 454/795/6 455/794/6 457/796/114 456/797/114
f 456/797/114 457/796/114 459/798/115 458/799/115
f 458/800/115 459/801/115 461/802/116 460/803/116
f 460/803/116 461/802/116 463/804/117 462/805/117
f 462/805/117 463/804/117 465/806/7 464/807/7
f 464/807/7 465/806/7 467/808/118 466/809/118
f 466/809/118 467/808/118 469/810/119 468/811/119
f 468/812/119 469/813/119 471/814/120 470/815/120
f 470/815/120 471/814/120 473/816/121 472/817/121
f 472/817/121 473/816/121 475/818/4 474/819/4
f 474/819/4 475/818/4 477/820/122 476/821/122
f 476/821/122 477/820/122 479/822/123 478/823/123
f 478/824/123 479/825/123 481/826/124 480/827/124
f 447/784/125 445/783/126 485/828/127 484/829/128
f 480/827/124 481/826/124 483/830/129 482/831/129
f 482/831/129 483/830/129 445/783/5 444/782/5
f 444/832/8 446/833/8 448/834/8 450/835/8 452/836/8 454/837/8 456/838/8 458/839/8 460/840/8 462/841/8 464/842/8 466/843/8 468/844/8 470/845/8 472/846/8 474/847/8 476/848/8 478/849/8 480/850/8 482/851/8
f 500/852/130 499/853/131 519/854/132 520/855/133
f 471/814/134 469/813/135 496/856/136 497/857/137
f 481/826/138 479/825/139 501/858/140 502/859/141
f 457/796/142 455/794/143 489/860/144 490/861/145
f 467/808/146 465/806/147 494/862/148 495/863/149
f 477/820/150 475/818/151 499/864/131 500/865/130
f 453/792/152 451/790/153 487/866/154 488/867/155
f 463/804/156 461/802/157 492/868/158 493/869/159
f 473/816/160 471/814/134 497/857/137 498/870/161
f 483/830/162 481/826/138 502/859/141 503/871/163
f 449/786/164 447/784/125 484/829/128 486/872/165
f 459/798/166 457/796/142 490/861/145 491/873/167
f 469/810/135 467/808/146 495/863/149 496/874/136
f 479/822/139 477/820/150 500/865/130 501/875/140
f 455/794/143 453/792/152 488/867/155 489/860/144
f 465/806/147 463/804/156 493/869/159 494/862/148
f 475/818/151 473/816/160 498/870/161 499/864/131
f 445/783/126 483/830/162 503/871/163 485/828/127
f 451/876/153 449/786/164 486/872/165 487/877/154
f 461/802/157 459/801/166 491/878/167 492/868/158
f 508/879/121 507/880/120 527/881/120 528/882/121
f 493/883/159 492/884/158 512/885/168 513/886/169
f 486/887/165 484/888/128 504/889/170 506/890/171
f 501/891/140 500/852/130 520/855/133 521/892/172
f 494/893/148 493/883/159 513/886/169 514/894/173
f 487/895/154 486/887/165 506/890/171 507/896/174
f 502/897/141 501/891/140 521/892/172 522/898/175
f 495/899/149 494/893/148 514/894/173 515/900/176
f 488/901/155 487/895/154 507/896/174 508/902/177
f 503/903/163 502/897/141 522/898/175 523/904/178
f 496/905/136 495/899/149 515/900/176 516/906/179
f 489/907/144 488/901/155 508/902/177 509/908/180
f 485/909/127 503/903/163 523/904/178 505/910/181
f 497/911/137 496/905/136 516/906/179 517/912/182
f 490/913/145 489/907/144 509/908/180 510/914/183
f 498/915/161 497/911/137 517/912/182 518/916/184
f 491/917/167 490/913/145 510/914/183 511/918/185
f 499/853/131 498/915/161 518/916/184 519/854/132
f 492/884/158 491/917/167 511/918/185 512/885/168
f 484/888/128 485/909/127 505/910/181 504/889/170
f 524/919/3 525/920/3 543/921/3 542/922/3 541/923/3 540/924/3 539/925/3 538/926/3 537/927/3 536/928/3 535/929/3 534/930/3 533/931/3 532/932/3 531/933/3 530/934/3 529/935/3 528/936/3 527/937/3 526/938/3
f 523/939/117 522/940/116 542/941/116 543/942/117
f 516/943/112 515/944/111 535/945/111 536/946/112
f 509/947/4 508/879/121 528/882/121 529/948/4
f 505/949/7 523/939/117 543/942/117 525/950/7
f 517/951/113 516/952/112 536/953/112 537/954/113
f 510/955/122 509/947/4 529/948/4 530/956/122
f 518/957/13 517/951/113 537/954/113 538/958/13
f 511/959/123 510/955/122 530/956/122 531/960/123
f 519/961/6 518/957/13 538/958/13 539/962/6
f 512/963/124 511/964/123 531/965/123 532/966/124
f 504/967/118 505/949/7 525/950/7 524/968/118
f 520/969/114 519/961/6 539/962/6 540/970/114
f 513/971/129 512/963/124 532/966/124 533/972/129
f 506/973/119 504/967/118 524/968/118 526/974/119
f 521/975/115 520/969/114 540/970/114 541/976/115
f 514/977/5 513/971/129 533/972/129 534/978/5
f 507/880/120 506/979/119 526/980/119 527/881/120
f 522/940/116 521/981/115 541/982/115 542/941/116
f 515/944/111 514/977/5 534/978/5 535/945/111
f 544/983/5 546/984/129 547/985/129 545/986/5
f 546/984/129 548/987/124 549/988/124 547/985/129
f 548/987/124 550/989/123 551/990/123 549/988/124
f 550/991/123 552/992/122 553/993/122 551/994/123
f 552/992/122 554/995/4 555/996/4 553/993/122
f 554/995/4 556/997/121 557/998/121 555/996/4
f 556/997/121 558/999/120 559/1000/120 557/998/121
f 558/999/120 560/1001/119 561/1002/119 559/1000/120
f 560/1003/119 562/1004/118 563/1005/118 561/1006/119
f 562/1004/118 564/1007/7 565/1008/7 563/1005/118
f 564/1007/7 566/1009/117 567/1010/117 565/1008/7
f 566/1009/117 568/1011/116 569/1012/116 567/1010/117
f 568/1011/116 570/1013/115 571/1014/115 569/1012/116
f 570/1015/115 572/1016/114 573/1017/114 571/1018/115
f 572/1016/114 574/1019/6 575/1020/6 573/1017/114
f 574/1019/6 576/1021/13 577/1022/13 575/1020/6
f 576/1021/13 578/1023/113 579/1024/113 577/1022/13
f 578/1023/113 580/1025/112 581/1026/112 579/1024/113
f 547/985/162 584/1027/163 585/1028/127 545/986/126
f 580/1029/112 582/1030/111 583/1031/111 581/1032/112
f 582/1030/111 544/983/5 545/986/5 583/1031/111
f 544/1033/8 582/1034/8 580/1035/8 578/1036/8 576/1037/8 574/1038/8 572/1039/8 570/1040/8 568/1041/8 566/1042/8 564/1043/8 562/1044/8 560/1045/8 558/1046/8 556/1047/8 554/1048/8 552/1049/8 550/1050/8 548/1051/8 546/1052/8
f 600/1053/155 620/1054/177 619/1055/180 599/1056/144
f 571/1014/166 597/1057/167 596/1058/158 569/1012/157
f 581/1032/164 602/1059/165 601/1060/154 579/1061/153
f 557/998/160 590/1062/161 589/1063/131 555/996/151
f 567/1010/156 595/1064/159 594/1065/148 565/1008/147
f 577/1022/152 600/1066/155 599/1067/144 575/1020/143
f 553/993/150 588/1068/130 587/1069/140 551/994/139
f 563/1005/146 593/1070/149 592/1071/136 561/1006/135
f 573/1017/142 598/1072/145 597/1073/167 571/1018/166
f 583/1031/125 603/1074/128 602/1059/165 581/1032/164
f 549/988/138 586/1075/141 584/1027/163 547/985/162
f 559/1000/134 591/1076/137 590/1062/161 557/998/160
f 569/1012/157 596/1058/158 595/1064/159 567/1010/156
f 579/1024/153 601/1077/154 600/1066/155 577/1022/152
f 555/996/151 589/1063/131 588/1068/130 553/993/150
f 565/1008/147 594/1065/148 593/1070/149 563/1005/146
f 575/1020/143 599/1067/144 598/1072/145 573/1017/142
f 545/986/126 585/1028/127 603/1074/128 583/1031/125
f 551/990/139 587/1078/140 586/1075/141 549/988/138
f 561/1002/135 592/1079/136 591/1076/137 559/1000/134
f 608/1080/114 628/1081/114 627/1082/115 607/1083/115
f 593/1084/149 613/1085/176 612/1086/179 592/1087/136
f 586/1088/141 606/1089/175 604/1090/178 584/1091/163
f 601/1092/154 621/1093/174 620/1054/177 600/1053/155
f 594/1094/148 614/1095/173 613/1085/176 593/1084/149
f 587/1096/140 607/1097/172 606/1089/175 586/1088/141
f 602/1098/165 622/1099/171 621/1093/174 601/1092/154
f 595/1100/159 615/1101/169 614/1095/173 594/1094/148
f 588/1102/130 608/1103/133 607/1097/172 587/1096/140
f 603/1104/128 623/1105/170 622/1099/171 602/1098/165
f 596/1106/158 616/1107/168 615/1101/169 595/1100/159
f 589/1108/131 609/1109/132 608/1103/133 588/1102/130
f 585/1110/127 605/1111/181 623/1105/170 603/1104/128
f 597/1112/167 617/1113/185 616/1107/168 596/1106/158
f 590/1114/161 610/1115/184 609/1109/132 589/1108/131
f 598/1116/145 618/1117/183 617/1113/185 597/1112/167
f 591/1118/137 611/1119/182 610/1115/184 590/1114/161
f 599/1056/144 619/1055/180 618/1117/183 598/1116/145
f 592/1087/136 612/1086/179 611/1119/182 591/1118/137
f 584/1091/163 604/1090/178 605/1111/181 585/1110/127
f 624/1120/3 626/1121/3 627/1122/3 628/1123/3 629/1124/3 630/1125/3 631/1126/3 632/1127/3 633/1128/3 634/1129/3 635/1130/3 636/1131/3 637/1132/3 638/1133/3 639/1134/3 640/1135/3 641/1136/3 642/1137/3 643/1138/3 625/1139/3
f 623/1140/118 643/1141/118 642/1142/119 622/1143/119
f 616/1144/124 636/1145/124 635/1146/129 615/1147/129
f 609/1148/6 629/1149/6 628/1081/114 608/1080/114
f 605/1150/7 625/1151/7 643/1141/118 623/1140/118
f 617/1152/123 637/1153/123 636/1145/124 616/1144/124
f 610/1154/13 630/1155/13 629/1149/6 609/1148/6
f 618/1156/122 638/1157/122 637/1158/123 617/1159/123
f 611/1160/113 631/1161/113 630/1155/13 610/1154/13
f 619/1162/4 639/1163/4 638/1157/122 618/1156/122
f 612/1164/112 632/1165/112 631/1161/113 611/1160/113
f 604/1166/117 624/1167/117 625/1151/7 605/1150/7
f 620/1168/121 640/1169/121 639/1163/4 619/1162/4
f 613/1170/111 633/1171/111 632/1172/112 612/1173/112
f 606/1174/116 626/1175/116 624/1167/117 604/1166/117
f 621/1176/120 641/1177/120 640/1169/121 620/1168/121
f 614/1178/5 634/1179/5 633/1171/111 613/1170/111
f 607/1180/115 627/1181/115 626/1175/116 606/1174/116
f 622/1182/119 642/1183/119 641/1177/120 621/1176/120
f 615/1147/129 635/1146/129 634/1179/5 614/1178/5
f 644/1184/7 646/1185/117 647/1186/117 645/1187/7
f 646/1185/117 648/1188/116 649/1189/116 647/1186/117
f 648/1188/116 650/1190/115 651/1191/115 649/1189/116
f 650/1192/115 652/1193/114 653/1194/114 651/1195/115
f 652/1193/114 654/1196/6 655/1197/6 653/1194/114
f 654/1196/6 656/1198/13 657/1199/13 655/1197/6
f 656/1198/13 658/1200/113 659/1201/113 657/1199/13
f 658/1200/113 660/1202/112 661/1203/112 659/1201/113
f 660/1204/112 662/1205/111 663/1206/111 661/1207/112
f 662/1205/111 664/1208/5 665/1209/5 663/1206/111
f 664/1208/5 666/1210/129 667/1211/129 665/1209/5
f 666/1210/129 668/1212/124 669/1213/124 667/1211/129
f 668/1212/124 670/1214/123 671/1215/123 669/1213/124
f 670/1216/123 672/1217/122 673/1218/122 671/1219/123
f 672/1217/122 674/1220/4 675/1221/4 673/1218/122
f 674/1220/4 676/1222/121 677/1223/121 675/1221/4
f 676/1222/121 678/1224/120 679/1225/120 677/1223/121
f 678/1224/120 680/1226/119 681/1227/119 679/1225/120
f 647/1186/156 684/1228/159 685/1229/148 645/1187/147
f 680/1230/119 682/1231/118 683/1232/118 681/1233/119
f 682/1231/118 644/1184/7 645/1187/7 683/1232/118
f 644/1234/8 682/1235/8 680/1236/8 678/1237/8 676/1238/8 674/1239/8 672/1240/8 670/1241/8 668/1242/8 666/1243/8 664/1244/8 662/1245/8 660/1246/8 658/1247/8 656/1248/8 654/1249/8 652/1250/8 650/1251/8 648/1252/8 646/1253/8
f 700/1254/161 720/1255/184 719/1256/132 699/1257/131
f 671/1215/139 697/1258/140 696/1259/141 669/1213/138
f 681/1227/135 702/1260/136 701/1261/137 679/1225/134
f 657/1199/152 690/1262/155 689/1263/144 655/1197/143
f 667/1211/162 695/1264/163 694/1265/127 665/1209/126
f 677/1223/160 700/1266/161 699/1267/131 675/1221/151
f 653/1194/142 688/1268/145 687/1269/167 651/1195/166
f 663/1206/125 693/1270/128 692/1271/165 661/1207/164
f 673/1218/150 698/1272/130 697/1273/140 671/1219/139
f 683/1232/146 703/1274/149 702/1275/136 681/1233/135
f 649/1189/157 686/1276/158 684/1228/159 647/1186/156
f 659/1201/153 691/1277/154 690/1262/155 657/1199/152
f 669/1213/138 696/1259/141 695/1264/163 667/1211/162
f 679/1225/134 701/1261/137 700/1266/161 677/1223/160
f 655/1197/143 689/1263/144 688/1268/145 653/1194/142
f 665/1209/126 694/1265/127 693/1270/128 663/1206/125
f 675/1221/151 699/1267/131 698/1272/130 673/1218/150
f 645/1187/147 685/1229/148 703/1274/149 683/1232/146
f 651/1191/166 687/1278/167 686/1276/158 649/1189/157
f 661/1207/164 692/1271/165 691/1279/154 659/1280/153
f 708/1281/122 728/1282/122 727/1283/123 707/1284/123
f 693/1285/128 713/1286/170 712/1287/171 692/1288/165
f 686/1289/158 706/1290/168 704/1291/169 684/1292/159
f 701/1293/137 721/1294/182 720/1255/184 700/1254/161
f 694/1295/127 714/1296/181 713/1286/170 693/1285/128
f 687/1297/167 707/1298/185 706/1290/168 686/1289/158
f 702/1299/136 722/1300/179 721/1294/182 701/1293/137
f 695/1301/163 715/1302/178 714/1296/181 694/1295/127
f 688/1303/145 708/1304/183 707/1298/185 687/1297/167
f 703/1305/149 723/1306/176 722/1300/179 702/1299/136
f 696/1307/141 716/1308/175 715/1302/178 695/1301/163
f 689/1309/144 709/1310/180 708/1304/183 688/1303/145
f 685/1311/148 705/1312/173 723/1306/176 703/1305/149
f 697/1313/140 717/1314/172 716/1308/175 696/1307/141
f 690/1315/155 710/1316/177 709/1310/180 689/1309/144
f 698/1317/130 718/1318/133 717/1314/172 697/1313/140
f 691/1319/154 711/1320/174 710/1316/177 690/1315/155
f 699/1257/131 719/1256/132 718/1318/133 698/1317/130
f 692/1288/165 712/1287/171 711/1320/174 691/1319/154
f 684/1292/159 704/1291/169 705/1312/173 685/1311/148
f 724/1321/3 726/1322/3 727/1323/3 728/1324/3 729/1325/3 730/1326/3 731/1327/3 732/1328/3 733/1329/3 734/1330/3 735/1331/3 736/1332/3 737/1333/3 738/1334/3 739/1335/3 740/1336/3 741/1337/3 742/1338/3 743/1339/3 725/1340/3
f 723/1341/111 743/1342/111 742/1343/112 722/1344/112
f 716/1345/116 736/1346/116 735/1347/117 715/1348/117
f 709/1349/4 729/1350/4 728/1282/122 708/1281/122
f 705/1351/5 725/1352/5 743/1342/111 723/1341/111
f 717/1353/115 737/1354/115 736/1346/116 716/1345/116
f 710/1355/121 730/1356/121 729/1350/4 709/1349/4
f 718/1357/114 738/1358/114 737/1359/115 717/1360/115
f 711/1361/120 731/1362/120 730/1356/121 710/1355/121
f 719/1363/6 739/1364/6 738/1358/114 718/1357/114
f 712/1365/119 732/1366/119 731/1362/120 711/1361/120
f 704/1367/129 724/1368/129 725/1352/5 705/1351/5
f 720/1369/13 740/1370/13 739/1364/6 719/1363/6
f 713/1371/118 733/1372/118 732/1373/119 712/1374/119
f 706/1375/124 726/1376/124 724/1368/129 704/1367/129
f 721/1377/113 741/1378/113 740/1370/13 720/1369/13
f 714/1379/7 734/1380/7 733/1372/118 713/1371/118
f 707/1381/123 727/1382/123 726/1376/124 706/1375/124
f 722/1383/112 742/1384/112 741/1378/113 721/1377/113
f 715/1348/117 735/1347/117 734/1380/7 714/1379/7
f 744/1385/7 745/1386/7 747/1387/118 746/1388/118
f 746/1388/118 747/1387/118 749/1389/119 748/1390/119
f 748/1391/119 749/1392/119 751/1393/120 750/1394/120
f 750/1394/120 751/1393/120 753/1395/121 752/1396/121
f 752/1396/121 753/1395/121 755/1397/4 754/1398/4
f 754/1398/4 755/1397/4 757/1399/122 756/1400/122
f 756/1400/122 757/1399/122 759/1401/123 758/1402/123
f 758/1403/123 759/1404/123 761/1405/124 760/1406/124
f 760/1406/124 761/1405/124 763/1407/129 762/1408/129
f 762/1408/129 763/1407/129 765/1409/5 764/1410/5
f 764/1410/5 765/1409/5 767/1411/111 766/1412/111
f 766/1412/111 767/1411/111 769/1413/112 768/1414/112
f 768/1415/112 769/1416/112 771/1417/113 770/1418/113
f 770/1418/113 771/1417/113 773/1419/13 772/1420/13
f 772/1420/13 773/1419/13 775/1421/6 774/1422/6
f 774/1422/6 775/1421/6 777/1423/114 776/1424/114
f 776/1424/114 777/1423/114 779/1425/115 778/1426/115
f 778/1427/115 779/1428/115 781/1429/116 780/1430/116
f 747/1387/146 745/1386/147 785/1431/148 784/1432/149
f 780/1430/116 781/1429/116 783/1433/117 782/1434/117
f 782/1434/117 783/1433/117 745/1386/7 744/1385/7
f 744/1435/8 746/1436/8 748/1437/8 750/1438/8 752/1439/8 754/1440/8 756/1441/8 758/1442/8 760/1443/8 762/1444/8 764/1445/8 766/1446/8 768/1447/8 770/1448/8 772/1449/8 774/1450/8 776/1451/8 778/1452/8 780/1453/8 782/1454/8
f 800/1455/145 799/1456/144 819/1457/180 820/1458/183
f 771/1459/153 769/1413/164 796/1460/165 797/1461/154
f 781/1429/157 779/1428/166 801/1462/167 802/1463/158
f 757/1399/150 755/1397/151 789/1464/131 790/1465/130
f 767/1411/125 765/1409/126 794/1466/127 795/1467/128
f 777/1423/142 775/1421/143 799/1468/144 800/1469/145
f 753/1395/160 751/1393/134 787/1470/137 788/1471/161
f 763/1407/162 761/1405/138 792/1472/141 793/1473/163
f 773/1419/152 771/1417/153 797/1474/154 798/1475/155
f 783/1433/156 781/1429/157 802/1463/158 803/1476/159
f 749/1389/135 747/1387/146 784/1432/149 786/1477/136
f 759/1401/139 757/1399/150 790/1465/130 791/1478/140
f 769/1413/164 767/1411/125 795/1467/128 796/1460/165
f 779/1425/166 777/1423/142 800/1469/145 801/1479/167
f 755/1397/151 753/1395/160 788/1471/161 789/1464/131
f 765/1409/126 763/1407/162 793/1473/163 794/1466/127
f 775/1421/143 773/1419/152 798/1475/155 799/1468/144
f 745/1386/147 783/1433/156 803/1476/159 785/1431/148
f 751/1393/134 749/1392/135 786/1480/136 787/1470/137
f 761/1405/138 759/1404/139 791/1481/140 792/1472/141
f 808/1482/13 807/1483/113 827/1484/113 828/1485/13
f 793/1486/163 792/1487/141 812/1488/175 813/1489/178
f 786/1490/136 784/1491/149 804/1492/176 806/1493/179
f 801/1494/167 800/1455/145 820/1458/183 821/1495/185
f 794/1496/127 793/1486/163 813/1489/178 814/1497/181
f 787/1498/137 786/1490/136 806/1493/179 807/1499/182
f 802/1500/158 801/1494/167 821/1495/185 822/1501/168
f 795/1502/128 794/1496/127 814/1497/181 815/1503/170
f 788/1504/161 787/1498/137 807/1499/182 808/1505/184
f 803/1506/159 802/1500/158 822/1501/168 823/1507/169
f 796/1508/165 795/1502/128 815/1503/170 816/1509/171
f 789/1510/131 788/1504/161 808/1505/184 809/1511/132
f 785/1512/148 803/1506/159 823/1507/169 805/1513/173
f 797/1514/154 796/1508/165 816/1509/171 817/1515/174
f 790/1516/130 789/1510/131 809/1511/132 810/1517/133
f 798/1518/155 797/1514/154 817/1515/174 818/1519/177
f 791/1520/140 790/1516/130 810/1517/133 811/1521/172
f 799/1456/144 798/1518/155 818/1519/177 819/1457/180
f 792/1487/141 791/1520/140 811/1521/172 812/1488/175
f 784/1491/149 785/1512/148 805/1513/173 804/1492/176
f 824/1522/3 825/1523/3 843/1524/3 842/1525/3 841/1526/3 840/1527/3 839/1528/3 838/1529/3 837/1530/3 836/1531/3 835/1532/3 834/1533/3 833/1534/3 832/1535/3 831/1536/3 830/1537/3 829/1538/3 828/1539/3 827/1540/3 826/1541/3
f 823/1542/129 822/1543/124 842/1544/124 843/1545/129
f 816/1546/119 815/1547/118 835/1548/118 836/1549/119
f 809/1550/6 808/1482/13 828/1485/13 829/1551/6
f 805/1552/5 823/1542/129 843/1545/129 825/1553/5
f 817/1554/120 816/1555/119 836/1556/119 837/1557/120
f 810/1558/114 809/1550/6 829/1551/6 830/1559/114
f 818/1560/121 817/1554/120 837/1557/120 838/1561/121
f 811/1562/115 810/1558/114 830/1559/114 831/1563/115
f 819/1564/4 818/1560/121 838/1561/121 839/1565/4
f 812/1566/116 811/1567/115 831/1568/115 832/1569/116
f 804/1570/111 805/1552/5 825/1553/5 824/1571/111
f 820/1572/122 819/1564/4 839/1565/4 840/1573/122
f 813/1574/117 812/1566/116 832/1569/116 833/1575/117
f 806/1576/112 804/1570/111 824/1571/111 826/1577/112
f 821/1578/123 820/1572/122 840/1573/122 841/1579/123
f 814/1580/7 813/1574/117 833/1575/117 834/1581/7
f 807/1483/113 806/1582/112 826/1583/112 827/1484/113
f 822/1543/124 821/1584/123 841/1585/123 842/1544/124
f 815/1547/118 814/1580/7 834/1581/7 835/1548/118
f 1424/2915/206 1440/2916/207 1445/2917/208
f 1425/2918/209 1441/2919/210 1447/2920/211
f 1426/2921/212 1442/2922/213 1448/2923/214
f 1427/2924/215 1443/2925/216 1449/2926/217
f 1428/2927/218 1444/2928/219 1446/2929/220
f 1446/2930/220 1449/2931/217 1429/2932/3
f 1446/2933/220 1444/2934/219 1449/2935/217
f 1444/2934/219 1427/2936/215 1449/2935/217
f 1449/2937/217 1448/2938/214 1429/2939/3
f 1449/2940/217 1443/2941/216 1448/2942/214
f 1443/2925/216 1426/2943/212 1448/2944/214
f 1448/2945/214 1447/2946/211 1429/2947/3
f 1448/2923/214 1442/2922/213 1447/2948/211
f 1442/2949/213 1425/2950/209 1447/2951/211
f 1447/2952/211 1445/2953/208 1429/2954/3
f 1447/2920/211 1441/2919/210 1445/2955/208
f 1441/2956/210 1424/2957/206 1445/2958/208
f 1445/2959/208 1446/2930/220 1429/2932/3
f 1445/2917/208 1440/2916/207 1446/2960/220
f 1440/2961/207 1428/2927/218 1446/2929/220
f 1431/2962/221 1444/2928/219 1428/2927/218
f 1431/2962/221 1438/2963/222 1444/2928/219
f 1438/2964/222 1427/2936/215 1444/2934/219
f 1439/2965/223 1443/2925/216 1427/2924/215
f 1439/2965/223 1436/2966/224 1443/2925/216
f 1436/2966/224 1426/2943/212 1443/2925/216
f 1437/2967/225 1442/2949/213 1426/2968/212
f 1437/2967/225 1434/2969/226 1442/2949/213
f 1434/2969/226 1425/2950/209 1442/2949/213
f 1435/2970/227 1441/2956/210 1425/2971/209
f 1435/2970/227 1432/2972/228 1441/2956/210
f 1432/2972/228 1424/2957/206 1441/2956/210
f 1433/2973/229 1440/2916/207 1424/2915/206
f 1433/2974/229 1430/2975/230 1440/2961/207
f 1430/2975/230 1428/2927/218 1440/2961/207
f 1438/2976/222 1439/2965/223 1427/2924/215
f 1436/2977/224 1437/2967/225 1426/2968/212
f 1434/2969/226 1435/2978/227 1425/2950/209
f 1432/2972/228 1433/2979/229 1424/2957/206
f 1430/2975/230 1431/2962/221 1428/2927/218
f 2790/5378/4 2791/5379/4 2793/5380/4 2792/5381/4
f 2798/5382/5 2803/5383/5 2797/5384/5 2796/5385/5
f 2796/5386/6 2797/5387/6 2795/5388/6 2794/5389/6
f 2804/5390/7 2809/5391/7 2791/5392/7 2790/5393/7
f 2798/5394/6 2796/5386/6 2794/5389/6 2806/5395/6
f 2801/5396/269 2793/5397/270 2791/5398/270 2809/5399/269
f 2797/5400/271 2803/5401/272 2807/5402/272 2795/5403/271
f 2803/5404/272 2802/5405/273 2808/5406/273 2807/2173/272
f 2802/5405/273 2801/5396/269 2809/5399/269 2808/5406/273
f 2792/5407/8 2800/5408/8 2804/5409/8 2790/5410/8
f 2800/5408/8 2799/5411/8 2805/5412/8 2804/5409/8
f 2799/5411/8 2798/5413/8 2806/5414/8 2805/5412/8
f 2794/5415/7 2795/5416/7 2807/5417/7 2806/5418/7
f 2806/5418/7 2807/5417/7 2808/5419/7 2805/5420/7
f 2805/5420/7 2808/5419/7 2809/5391/7 2804/5390/7
f 2792/5421/5 2793/5422/5 2801/5423/5 2800/5424/5
f 2800/5424/5 2801/5423/5 2802/5425/5 2799/5426/5
f 2799/5426/5 2802/5425/5 2803/5383/5 2798/5382/5
f 2810/5427/6 2812/5428/6 2813/5429/6 2811/5430/6
f 2818/5431/5 2816/5432/5 2817/5433/5 2823/5434/5
f 2816/5435/4 2814/5436/4 2815/5437/4 2817/5438/4
f 2824/5439/7 2810/5440/7 2811/5441/7 2829/5442/7
f 2818/5443/4 2826/5444/4 2814/5436/4 2816/5435/4
f 2821/5445/274 2829/5446/274 2811/5447/275 2813/5448/275
f 2817/5449/276 2815/5450/276 2827/5451/277 2823/5452/277
f 2823/5453/277 2827/5454/277 2828/5455/278 2822/5456/278
f 2822/5456/278 2828/5455/278 2829/5446/274 2821/5445/274
f 2812/5457/8 2810/5458/8 2824/5459/8 2820/5460/8
f 2820/5460/8 2824/5459/8 2825/5461/8 2819/5462/8
f 2819/5462/8 2825/5461/8 2826/5463/8 2818/5464/8
f 2814/5465/7 2826/5466/7 2827/5467/7 2815/5468/7
f 2826/5466/7 2825/5469/7 2828/5470/7 2827/5467/7
f 2825/5469/7 2824/5439/7 2829/5442/7 2828/5470/7
f 2812/5471/5 2820/5472/5 2821/5473/5 2813/5474/5
f 2820/5472/5 2819/5475/5 2822/5476/5 2821/5473/5
f 2819/5475/5 2818/5431/5 2823/5434/5 2822/5476/5
f 2830/5477/4 2832/5478/4 2833/5479/4 2831/5480/4
f 2838/5481/7 2836/5482/7 2837/5483/7 2843/5484/7
f 2836/5485/6 2834/5486/6 2835/5487/6 2837/5488/6
f 2844/5489/5 2830/5490/5 2831/5491/5 2849/5492/5
f 2838/5493/6 2846/5494/6 2834/5486/6 2836/5485/6
f 2841/5495/269 2849/5496/269 2831/5497/270 2833/5498/270
f 2837/5499/271 2835/5500/271 2847/5501/272 2843/5502/272
f 2843/5448/272 2847/5503/272 2848/5504/273 2842/5505/273
f 2842/5505/273 2848/5504/273 2849/5496/269 2841/5495/269
f 2832/5506/8 2830/5507/8 2844/5508/8 2840/5509/8
f 2840/5509/8 2844/5508/8 2845/5510/8 2839/5511/8
f 2839/5511/8 2845/5510/8 2846/5512/8 2838/5513/8
f 2834/5514/5 2846/5515/5 2847/5516/5 2835/5517/5
f 2846/5515/5 2845/5518/5 2848/5519/5 2847/5516/5
f 2845/5518/5 2844/5489/5 2849/5492/5 2848/5519/5
f 2832/5520/7 2840/5521/7 2841/5522/7 2833/5523/7
f 2840/5521/7 2839/5524/7 2842/5525/7 2841/5522/7
f 2839/5524/7 2838/5481/7 2843/5484/7 2842/5525/7
f 2850/5526/6 2851/5527/6 2853/5528/6 2852/5529/6
f 2858/5530/7 2863/5531/7 2857/5532/7 2856/5533/7
f 2856/5534/4 2857/5535/4 2855/5536/4 2854/5537/4
f 2864/5538/5 2869/5539/5 2851/5540/5 2850/5541/5
f 2858/5542/4 2856/5534/4 2854/5537/4 2866/5543/4
f 2861/5544/274 2853/5498/275 2851/5497/275 2869/5545/274
f 2857/5546/276 2863/5547/277 2867/5548/277 2855/5549/276
f 2863/5550/277 2862/5551/278 2868/5552/278 2867/5553/277
f 2862/5551/278 2861/5544/274 2869/5545/274 2868/5552/278
f 2852/5554/8 2860/5555/8 2864/5556/8 2850/5407/8
f 2860/5555/8 2859/5557/8 2865/5558/8 2864/5556/8
f 2859/5557/8 2858/5513/8 2866/5512/8 2865/5558/8
f 2854/5559/5 2855/5560/5 2867/5561/5 2866/5562/5
f 2866/5562/5 2867/5561/5 2868/5563/5 2865/5564/5
f 2865/5564/5 2868/5563/5 2869/5539/5 2864/5538/5
f 2852/5565/7 2853/5566/7 2861/5567/7 2860/5568/7
f 2860/5568/7 2861/5567/7 2862/5569/7 2859/5570/7
f 2859/5570/7 2862/5569/7 2863/5531/7 2858/5530/7
usemtl Material.006
f 316/703/3 345/704/3 422/705/3 420/706/3
f 310/707/107 316/708/107 420/709/107 419/710/107
f 345/713/108 337/714/108 421/715/108 422/716/108
s 0
usemtl Material.004
f 893/1586/4 845/1587/4 847/1588/4 894/1589/4
f 938/1590/5 871/1591/5 851/1592/5 896/1593/5
f 896/1594/6 851/1595/6 849/1596/6 898/1597/6
f 918/1598/7 891/1599/7 845/1600/7 893/1601/7
f 852/1602/8 850/1603/8 848/1604/8 881/1605/8
f 862/1606/3 847/1607/3 845/1603/3 891/1608/3
f 851/1609/3 871/1610/3 882/1611/3 849/1612/3
f 871/1610/3 870/1613/3 883/1614/3 882/1611/3
f 870/1613/3 869/1615/3 884/1616/3 883/1614/3
f 869/1615/3 868/1617/3 885/1618/3 884/1616/3
f 868/1617/3 867/1619/3 886/1620/3 885/1618/3
f 867/1619/3 866/1621/3 887/1622/3 886/1620/3
f 866/1621/3 865/1623/3 888/1624/3 887/1622/3
f 865/1623/3 864/1625/3 889/1626/3 888/1624/3
f 864/1625/3 863/1627/3 890/1628/3 889/1626/3
f 863/1627/3 862/1606/3 891/1608/3 890/1628/3
f 846/1612/8 861/1629/8 872/1630/8 844/1631/8
f 861/1629/8 860/1632/8 873/1633/8 872/1630/8
f 860/1632/8 859/1634/8 874/1635/8 873/1633/8
f 859/1634/8 858/1636/8 875/1637/8 874/1635/8
f 858/1636/8 857/1638/8 876/1639/8 875/1637/8
f 857/1638/8 856/1640/8 877/1641/8 876/1639/8
f 856/1640/8 855/1642/8 878/1643/8 877/1641/8
f 855/1642/8 854/1644/8 879/1645/8 878/1643/8
f 854/1644/8 853/1646/8 880/1647/8 879/1645/8
f 853/1646/8 852/1602/8 881/1605/8 880/1647/8
f 898/1648/7 849/1649/7 882/1650/7 900/1651/7
f 900/1651/7 882/1650/7 883/1652/7 902/1653/7
f 902/1653/7 883/1652/7 884/1654/7 904/1655/7
f 904/1655/7 884/1654/7 885/1656/7 906/1657/7
f 906/1657/7 885/1656/7 886/1658/7 908/1659/7
f 908/1659/7 886/1658/7 887/1660/7 910/1661/7
f 910/1661/7 887/1660/7 888/1662/7 912/1663/7
f 912/1663/7 888/1662/7 889/1664/7 914/1665/7
f 914/1665/7 889/1664/7 890/1666/7 916/1667/7
f 916/1667/7 890/1666/7 891/1599/7 918/1598/7
f 894/1668/5 847/1669/5 862/1670/5 920/1671/5
f 920/1671/5 862/1670/5 863/1672/5 922/1673/5
f 922/1673/5 863/1672/5 864/1674/5 924/1675/5
f 924/1675/5 864/1674/5 865/1676/5 926/1677/5
f 926/1677/5 865/1676/5 866/1678/5 928/1679/5
f 928/1679/5 866/1678/5 867/1680/5 930/1681/5
f 930/1681/5 867/1680/5 868/1682/5 932/1683/5
f 932/1683/5 868/1682/5 869/1684/5 934/1685/5
f 934/1685/5 869/1684/5 870/1686/5 936/1687/5
f 936/1687/5 870/1686/5 871/1591/5 938/1590/5
f 853/1688/5 937/1689/5 939/1690/5 852/1691/5
f 927/1692/8 925/1693/8 945/1694/8 947/1695/8
f 854/1696/5 935/1697/5 937/1689/5 853/1688/5
f 935/1697/5 934/1685/5 936/1687/5 937/1689/5
f 855/1698/5 933/1699/5 935/1697/5 854/1696/5
f 937/1700/4 936/1701/4 956/1702/4 957/1703/4
f 856/1704/5 931/1705/5 933/1699/5 855/1698/5
f 931/1705/5 930/1681/5 932/1683/5 933/1699/5
f 857/1706/5 929/1707/5 931/1705/5 856/1704/5
f 935/1708/8 933/1709/8 953/1710/8 955/1711/8
f 858/1712/5 927/1713/5 929/1707/5 857/1706/5
f 927/1713/5 926/1677/5 928/1679/5 929/1707/5
f 859/1714/5 925/1715/5 927/1713/5 858/1712/5
f 929/1716/4 928/1717/4 948/1718/4 949/1719/4
f 860/1720/5 923/1721/5 925/1715/5 859/1714/5
f 923/1721/5 922/1673/5 924/1675/5 925/1715/5
f 861/1722/5 921/1723/5 923/1721/5 860/1720/5
f 921/1724/4 920/1725/4 940/1726/4 941/1727/4
f 846/1728/5 895/1729/5 921/1723/5 861/1722/5
f 895/1729/5 894/1668/5 920/1671/5 921/1723/5
f 873/1730/7 917/1731/7 919/1732/7 872/1733/7
f 917/1731/7 916/1667/7 918/1598/7 919/1732/7
f 874/1734/7 915/1735/7 917/1731/7 873/1730/7
f 915/1735/7 914/1665/7 916/1667/7 917/1731/7
f 875/1736/7 913/1737/7 915/1735/7 874/1734/7
f 913/1737/7 912/1663/7 914/1665/7 915/1735/7
f 876/1738/7 911/1739/7 913/1737/7 875/1736/7
f 911/1739/7 910/1661/7 912/1663/7 913/1737/7
f 877/1740/7 909/1741/7 911/1739/7 876/1738/7
f 909/1741/7 908/1659/7 910/1661/7 911/1739/7
f 878/1742/7 907/1743/7 909/1741/7 877/1740/7
f 907/1743/7 906/1657/7 908/1659/7 909/1741/7
f 879/1744/7 905/1745/7 907/1743/7 878/1742/7
f 905/1745/7 904/1655/7 906/1657/7 907/1743/7
f 880/1746/7 903/1747/7 905/1745/7 879/1744/7
f 903/1747/7 902/1653/7 904/1655/7 905/1745/7
f 881/1748/7 901/1749/7 903/1747/7 880/1746/7
f 901/1749/7 900/1651/7 902/1653/7 903/1747/7
f 848/1750/7 899/1751/7 901/1749/7 881/1748/7
f 899/1751/7 898/1648/7 900/1651/7 901/1749/7
f 872/1733/7 919/1732/7 892/1752/7 844/1753/7
f 919/1732/7 918/1598/7 893/1601/7 892/1752/7
f 850/1754/6 897/1755/6 899/1756/6 848/1757/6
f 897/1755/6 896/1594/6 898/1597/6 899/1756/6
f 852/1691/5 939/1690/5 897/1758/5 850/1759/5
f 939/1690/5 938/1590/5 896/1593/5 897/1758/5
f 844/1760/4 892/1761/4 895/1762/4 846/1763/4
f 892/1761/4 893/1586/4 894/1589/4 895/1762/4
f 957/1764/5 956/1765/5 958/1766/5 959/1767/5
f 953/1768/5 952/1769/5 954/1770/5 955/1771/5
f 949/1772/5 948/1773/5 950/1774/5 951/1775/5
f 945/1776/5 944/1777/5 946/1778/5 947/1779/5
f 941/1780/5 940/1781/5 942/1782/5 943/1783/5
f 932/1784/3 934/1785/3 954/1786/3 952/1787/3
f 922/1788/6 923/1789/6 943/1790/6 942/1791/6
f 924/1792/3 926/1793/3 946/1794/3 944/1795/3
f 930/1796/6 931/1797/6 951/1798/6 950/1799/6
f 938/1800/6 939/1801/6 959/1802/6 958/1803/6
f 925/1804/4 924/1805/4 944/1806/4 945/1807/4
f 939/1808/8 937/1809/8 957/1810/8 959/1811/8
f 933/1812/4 932/1813/4 952/1814/4 953/1815/4
f 931/1816/8 929/1817/8 949/1818/8 951/1819/8
f 936/1820/3 938/1821/3 958/1822/3 956/1823/3
f 923/1824/8 921/1825/8 941/1826/8 943/1827/8
f 928/1828/3 930/1829/3 950/1830/3 948/1831/3
f 926/1832/6 927/1833/6 947/1834/6 946/1786/6
f 920/1835/3 922/1830/3 942/1836/3 940/1837/3
f 934/1838/6 935/1839/6 955/1840/6 954/1841/6
s 1
f 1008/1962/186 1010/1963/78 1015/1964/78 1013/1965/186
f 1010/1963/78 1011/1966/80 1014/1967/80 1015/1964/78
f 1011/1968/80 1009/1969/187 1012/1970/187 1014/1971/80
f 1020/1972/188 1022/1973/73 1019/1974/73 1017/1975/188
f 1022/1976/73 1023/1977/71 1018/1978/71 1019/1979/73
f 1023/1977/71 1021/1980/189 1016/1981/189 1018/1978/71
f 1036/1982/190 1038/1983/66 1035/1984/66 1033/1985/190
f 1038/1986/66 1039/1987/64 1034/1988/64 1035/1989/66
f 1039/1987/64 1037/1990/191 1032/1991/191 1034/1988/64
f 1028/1992/192 1030/1993/57 1027/1994/57 1025/1995/192
f 1030/1996/57 1031/1997/59 1026/1998/59 1027/1999/57
f 1031/1997/59 1029/2000/193 1024/2001/193 1026/1998/59
f 1016/2002/8 1009/2003/8 1011/2004/8 1010/2005/8 1008/2006/8 1025/2007/8 1027/2008/8 1026/2009/8 1024/2010/8 1033/2011/8 1035/2012/8 1034/2013/8 1032/2014/8 1017/2015/8 1019/2016/8 1018/2017/8
f 1009/1969/187 1016/1981/189 1021/1980/189 1012/1970/187
f 1025/1995/192 1008/1962/186 1013/1965/186 1028/1992/192
f 1036/2018/3 1029/2019/3 1031/2020/3 1030/2021/3 1028/2022/3 1013/2023/3 1015/2024/3 1014/2025/3 1012/2026/3 1021/2027/3 1023/2028/3 1022/2029/3 1020/2030/3 1037/2031/3 1039/2032/3 1038/2033/3
f 1017/1975/188 1032/1991/191 1037/1990/191 1020/1972/188
f 1033/1985/190 1024/2001/193 1029/2000/193 1036/1982/190
f 1042/2050/8 1040/2051/8 1044/2052/8 1046/2053/8
f 1060/2082/186 1062/2083/77 1067/2084/77 1065/2085/186
f 1062/2083/79 1063/2086/80 1066/2087/80 1067/2084/79
f 1063/2088/80 1061/2089/187 1064/2090/187 1066/2091/80
f 1072/2092/188 1074/2093/74 1071/2094/74 1069/2095/188
f 1074/2096/72 1075/2097/71 1070/2098/71 1071/2099/72
f 1075/2097/71 1073/2100/189 1068/2101/189 1070/2098/71
f 1088/2102/190 1090/2103/67 1087/2104/67 1085/2105/190
f 1090/2106/65 1091/2107/64 1086/2108/64 1087/2109/65
f 1091/2107/64 1089/2110/191 1084/2111/191 1086/2108/64
f 1080/2112/192 1082/2113/57 1079/2114/57 1077/2115/192
f 1082/2116/57 1083/2117/58 1078/2118/58 1079/2119/57
f 1083/2117/60 1081/2120/193 1076/2121/193 1078/2118/60
f 1068/2122/8 1061/2123/8 1063/2124/8 1062/2125/8 1060/2126/8 1077/2127/8 1079/2128/8 1078/2129/8 1076/2130/8 1085/2131/8 1087/2132/8 1086/2133/8 1084/2134/8 1069/2135/8 1071/2136/8 1070/2137/8
f 1061/2089/187 1068/2101/189 1073/2100/189 1064/2090/187
f 1077/2115/192 1060/2082/186 1065/2085/186 1080/2112/192
f 1088/2138/3 1081/2139/3 1083/2140/3 1082/2141/3 1080/2142/3 1065/2143/3 1067/2144/3 1066/2145/3 1064/2146/3 1073/2147/3 1075/2148/3 1074/2149/3 1072/2150/3 1089/2151/3 1091/2152/3 1090/2153/3
f 1069/2095/188 1084/2111/191 1089/2110/191 1072/2092/188
f 1085/2105/190 1076/2121/193 1081/2120/193 1088/2102/190
f 1094/2170/8 1092/2171/8 1096/2172/8 1098/2173/8
f 1112/2200/186 1114/2201/77 1119/2202/77 1117/2203/186
f 1114/2201/79 1115/2204/80 1118/2205/80 1119/2202/79
f 1115/2206/80 1113/2207/187 1116/2208/187 1118/2209/80
f 1124/2210/188 1126/2211/74 1123/2212/74 1121/2213/188
f 1126/2214/72 1127/2215/71 1122/2216/71 1123/2217/72
f 1127/2215/71 1125/2218/189 1120/2219/189 1122/2216/71
f 1140/2220/190 1142/2221/66 1139/2222/66 1137/2223/190
f 1142/2224/66 1143/2225/65 1138/2226/65 1139/2227/66
f 1143/2225/63 1141/2228/191 1136/2229/191 1138/2226/63
f 1132/2230/192 1134/2231/56 1131/2232/56 1129/2233/192
f 1134/2234/58 1135/2235/59 1130/2236/59 1131/2237/58
f 1135/2235/59 1133/2238/193 1128/2239/193 1130/2236/59
f 1120/2240/8 1113/2241/8 1115/2242/8 1114/2243/8 1112/2244/8 1129/2245/8 1131/2246/8 1130/2247/8 1128/2248/8 1137/2249/8 1139/2250/8 1138/2251/8 1136/2252/8 1121/2253/8 1123/2254/8 1122/2255/8
f 1113/2207/187 1120/2219/189 1125/2218/189 1116/2208/187
f 1129/2233/192 1112/2200/186 1117/2203/186 1132/2230/192
f 1140/2256/3 1133/2257/3 1135/2258/3 1134/2259/3 1132/2260/3 1117/2261/3 1119/2262/3 1118/2263/3 1116/2264/3 1125/2265/3 1127/2266/3 1126/2267/3 1124/2268/3 1141/2269/3 1143/2270/3 1142/2271/3
f 1121/2213/188 1136/2229/191 1141/2228/191 1124/2210/188
f 1137/2223/190 1128/2239/193 1133/2238/193 1140/2220/190
f 1146/2288/8 1144/2289/8 1148/2290/8 1150/2291/8
f 1164/2320/186 1166/2321/77 1171/2322/77 1169/2323/186
f 1166/2321/79 1167/2324/80 1170/2325/80 1171/2322/79
f 1167/2326/80 1165/2327/187 1168/2328/187 1170/2329/80
f 1176/2330/188 1178/2331/74 1175/2332/74 1173/2333/188
f 1178/2334/72 1179/2335/71 1174/2336/71 1175/2337/72
f 1179/2335/71 1177/2338/189 1172/2339/189 1174/2336/71
f 1192/2340/190 1194/2341/66 1191/2342/66 1189/2343/190
f 1194/2344/66 1195/2345/65 1190/2346/65 1191/2347/66
f 1195/2345/63 1193/2348/191 1188/2349/191 1190/2346/63
f 1184/2350/192 1186/2351/56 1183/2352/56 1181/2353/192
f 1186/2354/58 1187/2355/59 1182/2356/59 1183/2357/58
f 1187/2355/59 1185/2358/193 1180/2359/193 1182/2356/59
f 1172/2360/8 1165/2361/8 1167/2362/8 1166/2363/8 1164/2364/8 1181/2365/8 1183/2366/8 1182/2367/8 1180/2368/8 1189/2369/8 1191/2370/8 1190/2371/8 1188/2372/8 1173/2373/8 1175/2374/8 1174/2375/8
f 1165/2327/187 1172/2339/189 1177/2338/189 1168/2328/187
f 1181/2353/192 1164/2320/186 1169/2323/186 1184/2350/192
f 1192/2376/3 1185/2377/3 1187/2378/3 1186/2379/3 1184/2380/3 1169/2381/3 1171/2382/3 1170/2383/3 1168/2384/3 1177/2244/3 1179/2385/3 1178/2386/3 1176/2387/3 1193/2388/3 1195/2389/3 1194/2390/3
f 1173/2333/188 1188/2349/191 1193/2348/191 1176/2330/188
f 1189/2343/190 1180/2359/193 1185/2358/193 1192/2340/190
f 1198/2407/8 1196/2408/8 1200/2409/8 1202/2410/8
f 1216/2439/186 1218/2440/78 1223/2441/78 1221/2442/186
f 1218/2440/78 1219/2443/79 1222/2444/79 1223/2441/78
f 1219/2445/81 1217/2446/187 1220/2447/187 1222/2448/81
f 1228/2449/188 1230/2450/74 1227/2451/74 1225/2452/188
f 1230/2453/72 1231/2454/71 1226/2455/71 1227/2456/72
f 1231/2454/71 1229/2457/189 1224/2458/189 1226/2455/71
f 1244/2459/190 1246/2460/66 1243/2461/66 1241/2462/190
f 1246/2463/66 1247/2464/65 1242/2465/65 1243/2466/66
f 1247/2464/63 1245/2467/191 1240/2468/191 1242/2465/63
f 1236/2469/192 1238/2470/57 1235/2471/57 1233/2472/192
f 1238/2473/57 1239/2474/58 1234/2475/58 1235/2476/57
f 1239/2474/60 1237/2477/193 1232/2478/193 1234/2475/60
f 1224/2479/8 1217/2480/8 1219/2481/8 1218/2482/8 1216/2483/8 1233/2484/8 1235/2485/8 1234/2486/8 1232/2487/8 1241/2488/8 1243/2489/8 1242/2490/8 1240/2491/8 1225/2492/8 1227/2493/8 1226/2494/8
f 1217/2446/187 1224/2458/189 1229/2457/189 1220/2447/187
f 1233/2472/192 1216/2439/186 1221/2442/186 1236/2469/192
f 1244/2495/3 1237/2496/3 1239/2497/3 1238/2498/3 1236/2499/3 1221/2500/3 1223/2501/3 1222/2502/3 1220/2503/3 1229/2504/3 1231/2505/3 1230/2506/3 1228/2507/3 1245/2508/3 1247/2509/3 1246/2510/3
f 1225/2452/188 1240/2468/191 1245/2467/191 1228/2449/188
f 1241/2462/190 1232/2478/193 1237/2477/193 1244/2459/190
f 1250/2527/8 1248/2528/8 1252/2529/8 1254/2530/8
f 1268/2559/186 1270/2560/77 1275/2561/77 1273/2562/186
f 1270/2560/79 1271/2563/79 1274/2564/79 1275/2561/79
f 1271/2565/81 1269/2566/187 1272/2567/187 1274/2568/81
f 1280/2569/188 1282/2570/74 1279/2571/74 1277/2572/188
f 1282/2573/72 1283/2574/71 1278/2575/71 1279/2576/72
f 1283/2574/71 1281/2577/189 1276/2578/189 1278/2575/71
f 1296/2579/190 1298/2580/67 1295/2581/67 1293/2582/190
f 1298/2583/65 1299/2584/65 1294/2585/65 1295/2586/65
f 1299/2584/63 1297/2587/191 1292/2588/191 1294/2585/63
f 1288/2589/192 1290/2590/57 1287/2591/57 1285/2592/192
f 1290/2593/57 1291/2594/58 1286/2595/58 1287/2596/57
f 1291/2594/60 1289/2597/193 1284/2598/193 1286/2595/60
f 1276/2599/8 1269/2600/8 1271/2601/8 1270/2602/8 1268/2603/8 1285/2604/8 1287/2605/8 1286/2606/8 1284/2607/8 1293/2608/8 1295/2609/8 1294/2610/8 1292/2611/8 1277/2612/8 1279/2613/8 1278/2614/8
f 1269/2566/187 1276/2578/189 1281/2577/189 1272/2567/187
f 1285/2592/192 1268/2559/186 1273/2562/186 1288/2589/192
f 1296/2615/3 1289/2616/3 1291/2617/3 1290/2618/3 1288/2619/3 1273/2620/3 1275/2621/3 1274/2622/3 1272/2623/3 1281/2624/3 1283/2625/3 1282/2626/3 1280/2627/3 1297/2628/3 1299/2629/3 1298/2630/3
f 1277/2572/188 1292/2588/191 1297/2587/191 1280/2569/188
f 1293/2582/190 1284/2598/193 1289/2597/193 1296/2579/190
f 1302/2647/8 1300/2648/8 1304/2649/8 1306/2650/8
f 1320/2679/186 1322/2680/77 1327/2681/77 1325/2682/186
f 1322/2680/79 1323/2683/80 1326/2536/80 1327/2681/79
f 1323/2684/80 1321/2685/187 1324/2686/187 1326/2687/80
f 1332/2688/188 1334/2689/74 1331/2690/74 1329/2691/188
f 1334/2692/72 1335/2693/71 1330/2694/71 1331/2695/72
f 1335/2693/71 1333/2696/189 1328/2697/189 1330/2694/71
f 1348/2698/190 1350/2699/66 1347/2700/66 1345/2701/190
f 1350/2702/66 1351/2703/65 1346/2704/65 1347/2705/66
f 1351/2703/63 1349/2706/191 1344/2707/191 1346/2704/63
f 1340/2708/192 1342/2709/56 1339/2710/56 1337/2711/192
f 1342/2712/58 1343/2713/59 1338/2714/59 1339/2715/58
f 1343/2713/59 1341/2716/193 1336/2717/193 1338/2714/59
f 1328/2718/8 1321/2719/8 1323/2720/8 1322/2721/8 1320/2722/8 1337/2723/8 1339/2724/8 1338/2725/8 1336/2726/8 1345/2727/8 1347/2728/8 1346/2729/8 1344/2730/8 1329/2731/8 1331/2732/8 1330/2733/8
f 1321/2685/187 1328/2697/189 1333/2696/189 1324/2686/187
f 1337/2711/192 1320/2679/186 1325/2682/186 1340/2708/192
f 1348/2734/3 1341/2735/3 1343/2736/3 1342/2737/3 1340/2738/3 1325/2739/3 1327/2740/3 1326/2741/3 1324/2742/3 1333/2743/3 1335/2744/3 1334/2745/3 1332/2746/3 1349/2747/3 1351/2748/3 1350/2749/3
f 1329/2691/188 1344/2707/191 1349/2706/191 1332/2688/188
f 1345/2701/190 1336/2717/193 1341/2716/193 1348/2698/190
f 1354/2766/8 1352/2767/8 1356/2768/8 1358/2769/8
f 1372/2796/186 1374/2797/77 1379/2798/77 1377/2799/186
f 1374/2797/79 1375/2800/80 1378/2801/80 1379/2798/79
f 1375/2802/80 1373/2803/187 1376/2804/187 1378/2805/80
f 1384/2806/188 1386/2807/74 1383/2808/74 1381/2809/188
f 1386/2810/72 1387/2811/71 1382/2812/71 1383/2813/72
f 1387/2811/71 1385/2814/189 1380/2815/189 1382/2812/71
f 1400/2816/190 1402/2817/66 1399/2818/66 1397/2819/190
f 1402/2820/66 1403/2821/65 1398/2822/65 1399/2823/66
f 1403/2821/63 1401/2824/191 1396/2825/191 1398/2822/63
f 1392/2826/192 1394/2827/56 1391/2828/56 1389/2829/192
f 1394/2830/58 1395/2831/59 1390/2832/59 1391/2833/58
f 1395/2831/59 1393/2834/193 1388/2835/193 1390/2832/59
f 1380/2836/8 1373/2837/8 1375/2838/8 1374/2839/8 1372/2840/8 1389/2841/8 1391/2842/8 1390/2843/8 1388/2844/8 1397/2845/8 1399/2846/8 1398/2847/8 1396/2848/8 1381/2849/8 1383/2850/8 1382/2851/8
f 1373/2803/187 1380/2815/189 1385/2814/189 1376/2804/187
f 1389/2829/192 1372/2796/186 1377/2799/186 1392/2826/192
f 1400/2852/3 1393/2853/3 1395/2854/3 1394/2855/3 1392/2856/3 1377/2857/3 1379/2858/3 1378/2859/3 1376/2860/3 1385/2861/3 1387/2862/3 1386/2863/3 1384/2864/3 1401/2865/3 1403/2866/3 1402/2867/3
f 1381/2809/188 1396/2825/191 1401/2824/191 1384/2806/188
f 1397/2819/190 1388/2835/193 1393/2834/193 1400/2816/190
f 1406/2884/8 1404/2885/8 1408/2886/8 1410/2887/8
f 1632/3434/192 1637/3435/192 1639/3436/57 1634/3437/57
f 1634/3438/57 1639/3439/57 1638/3440/59 1635/3441/59
f 1635/3441/59 1638/3440/59 1636/3442/193 1633/3443/193
f 1644/3444/191 1641/3445/191 1643/3446/64 1646/3447/64
f 1646/3447/64 1643/3446/64 1642/3448/66 1647/3449/66
f 1647/3450/66 1642/3451/66 1640/3452/190 1645/3453/190
f 1660/3454/189 1657/3455/189 1659/3456/71 1662/3457/71
f 1662/3457/71 1659/3456/71 1658/3458/73 1663/2775/73
f 1663/3459/73 1658/3460/73 1656/3461/188 1661/3462/188
f 1652/3463/186 1649/3464/186 1651/3465/78 1654/3466/78
f 1654/3466/78 1651/3465/78 1650/3467/80 1655/3468/80
f 1655/3469/80 1650/3470/80 1648/3471/187 1653/3472/187
f 1640/3473/8 1642/3474/8 1643/3475/8 1641/3476/8 1656/3477/8 1658/3478/8 1659/3479/8 1657/3480/8 1648/3481/8 1650/3482/8 1651/3483/8 1649/3484/8 1632/3485/8 1634/3486/8 1635/3487/8 1633/3488/8
f 1633/3443/193 1636/3442/193 1645/3453/190 1640/3452/190
f 1649/3464/186 1652/3463/186 1637/3435/192 1632/3434/192
f 1660/2002/3 1662/3489/3 1663/3490/3 1661/3491/3 1644/3492/3 1646/3493/3 1647/3494/3 1645/3495/3 1636/3496/3 1638/3497/3 1639/3498/3 1637/3499/3 1652/3500/3 1654/3501/3 1655/3502/3 1653/2003/3
f 1641/3445/191 1644/3444/191 1661/3462/188 1656/3461/188
f 1657/3455/189 1660/3454/189 1653/3472/187 1648/3471/187
f 1666/3519/8 1670/3520/8 1668/3257/8 1664/3521/8
f 1684/3549/192 1689/3550/192 1691/3551/56 1686/3552/56
f 1686/3553/58 1691/3554/58 1690/3555/59 1687/3556/59
f 1687/3556/59 1690/3555/59 1688/3557/193 1685/3558/193
f 1696/3559/191 1693/3560/191 1695/3561/63 1698/3562/63
f 1698/3562/65 1695/3561/65 1694/3563/66 1699/3564/66
f 1699/3565/66 1694/3566/66 1692/3567/190 1697/3568/190
f 1712/3569/189 1709/3570/189 1711/3571/70 1714/3572/70
f 1714/3572/72 1711/3571/72 1710/3573/73 1715/3574/73
f 1715/3575/73 1710/3576/73 1708/3577/188 1713/3578/188
f 1704/3579/186 1701/3580/186 1703/3581/78 1706/3582/78
f 1706/3582/78 1703/3581/78 1702/3583/79 1707/3584/79
f 1707/3585/81 1702/3586/81 1700/3587/187 1705/3588/187
f 1692/3589/8 1694/3590/8 1695/3591/8 1693/3592/8 1708/3593/8 1710/3594/8 1711/3595/8 1709/3596/8 1700/3597/8 1702/3598/8 1703/3599/8 1701/3600/8 1684/3601/8 1686/3602/8 1687/3603/8 1685/3604/8
f 1685/3558/193 1688/3557/193 1697/3568/190 1692/3567/190
f 1701/3580/186 1704/3579/186 1689/3550/192 1684/3549/192
f 1712/3605/3 1714/3606/3 1715/3607/3 1713/3608/3 1696/3609/3 1698/3610/3 1699/3611/3 1697/3612/3 1688/3613/3 1690/3614/3 1691/3615/3 1689/3616/3 1704/3617/3 1706/3618/3 1707/3619/3 1705/3620/3
f 1693/3560/191 1696/3559/191 1713/3578/188 1708/3577/188
f 1709/3570/189 1712/3569/189 1705/3588/187 1700/3587/187
f 1718/3637/8 1722/3638/8 1720/3639/8 1716/2172/8
f 1736/3666/192 1741/3667/192 1743/3668/56 1738/3669/56
f 1738/3670/58 1743/3671/58 1742/3672/59 1739/3673/59
f 1739/3673/59 1742/3672/59 1740/3674/193 1737/3675/193
f 1748/3676/191 1745/3677/191 1747/3678/63 1750/3679/63
f 1750/3679/65 1747/3678/65 1746/3680/66 1751/3681/66
f 1751/3682/66 1746/3683/66 1744/3684/190 1749/3685/190
f 1764/3686/189 1761/3687/189 1763/3688/71 1766/3689/71
f 1766/3689/71 1763/3688/71 1762/3690/72 1767/3691/72
f 1767/3692/74 1762/3693/74 1760/3694/188 1765/3695/188
f 1756/3696/186 1753/3697/186 1755/3698/77 1758/3699/77
f 1758/3699/79 1755/3698/79 1754/3700/80 1759/3701/80
f 1759/3702/80 1754/3703/80 1752/3704/187 1757/3705/187
f 1744/3706/8 1746/3707/8 1747/3708/8 1745/3709/8 1760/3710/8 1762/3711/8 1763/3712/8 1761/3473/8 1752/3713/8 1754/3714/8 1755/3715/8 1753/3716/8 1736/3717/8 1738/3718/8 1739/3719/8 1737/3720/8
f 1737/3675/193 1740/3674/193 1749/3685/190 1744/3684/190
f 1753/3697/186 1756/3696/186 1741/3667/192 1736/3666/192
f 1764/3721/3 1766/3722/3 1767/3723/3 1765/3724/3 1748/3725/3 1750/3726/3 1751/3727/3 1749/3728/3 1740/3729/3 1742/3730/3 1743/3731/3 1741/3732/3 1756/3733/3 1758/3734/3 1759/3735/3 1757/3736/3
f 1745/3677/191 1748/3676/191 1765/3695/188 1760/3694/188
f 1761/3687/189 1764/3686/189 1757/3705/187 1752/3704/187
f 1770/3753/8 1774/3754/8 1772/3755/8 1768/3756/8
f 1788/3784/192 1793/3785/192 1795/3786/56 1790/3787/56
f 1790/3788/58 1795/3789/58 1794/3790/59 1791/3791/59
f 1791/3791/59 1794/3790/59 1792/3792/193 1789/3793/193
f 1800/3794/191 1797/3795/191 1799/3796/63 1802/3797/63
f 1802/3797/65 1799/3796/65 1798/3798/66 1803/3799/66
f 1803/3800/66 1798/3801/66 1796/3802/190 1801/3803/190
f 1816/3804/189 1813/3805/189 1815/3806/71 1818/3807/71
f 1818/3807/71 1815/3806/71 1814/3808/72 1819/3809/72
f 1819/3810/74 1814/3811/74 1812/3812/188 1817/3813/188
f 1808/3814/186 1805/3815/186 1807/3816/77 1810/3817/77
f 1810/3817/79 1807/3816/79 1806/3818/80 1811/3819/80
f 1811/3820/80 1806/3821/80 1804/3822/187 1809/3823/187
f 1796/3824/8 1798/3825/8 1799/3826/8 1797/3827/8 1812/3828/8 1814/3829/8 1815/3830/8 1813/3831/8 1804/3832/8 1806/3833/8 1807/3834/8 1805/3835/8 1788/3836/8 1790/3837/8 1791/3838/8 1789/3839/8
f 1789/3793/193 1792/3792/193 1801/3803/190 1796/3802/190
f 1805/3815/186 1808/3814/186 1793/3785/192 1788/3784/192
f 1816/3840/3 1818/3841/3 1819/3842/3 1817/3843/3 1800/3844/3 1802/3845/3 1803/3846/3 1801/3847/3 1792/3848/3 1794/3849/3 1795/3850/3 1793/3851/3 1808/3852/3 1810/3853/3 1811/3854/3 1809/3855/3
f 1797/3795/191 1800/3794/191 1817/3813/188 1812/3812/188
f 1813/3805/189 1816/3804/189 1809/3823/187 1804/3822/187
f 1822/3872/8 1826/3873/8 1824/3874/8 1820/3875/8
f 1840/3903/192 1845/3904/192 1847/3905/57 1842/3906/57
f 1842/3907/57 1847/3908/57 1846/3909/58 1843/3910/58
f 1843/3910/60 1846/3909/60 1844/3911/193 1841/3912/193
f 1852/3913/191 1849/3914/191 1851/3915/63 1854/3916/63
f 1854/3916/65 1851/3915/65 1850/3917/66 1855/3918/66
f 1855/3919/66 1850/3920/66 1848/3921/190 1853/3922/190
f 1868/3923/189 1865/3924/189 1867/3925/71 1870/3926/71
f 1870/3926/71 1867/3925/71 1866/3927/72 1871/3928/72
f 1871/3929/74 1866/3930/74 1864/3931/188 1869/3932/188
f 1860/3933/186 1857/3934/186 1859/3935/78 1862/3936/78
f 1862/3936/78 1859/3935/78 1858/3937/79 1863/3938/79
f 1863/3939/81 1858/3940/81 1856/3941/187 1861/3942/187
f 1848/3943/8 1850/3944/8 1851/3945/8 1849/3946/8 1864/3947/8 1866/3948/8 1867/3949/8 1865/3950/8 1856/3951/8 1858/3952/8 1859/3953/8 1857/3954/8 1840/3955/8 1842/3956/8 1843/3957/8 1841/3958/8
f 1841/3912/193 1844/3911/193 1853/3922/190 1848/3921/190
f 1857/3934/186 1860/3933/186 1845/3904/192 1840/3903/192
f 1868/3959/3 1870/3960/3 1871/3961/3 1869/3962/3 1852/3963/3 1854/3964/3 1855/3965/3 1853/3966/3 1844/3967/3 1846/3968/3 1847/3969/3 1845/3970/3 1860/3971/3 1862/3972/3 1863/3973/3 1861/3974/3
f 1849/3914/191 1852/3913/191 1869/3932/188 1864/3931/188
f 1865/3924/189 1868/3923/189 1861/3942/187 1856/3941/187
f 1874/3991/8 1878/3992/8 1876/3993/8 1872/3994/8
f 1892/4023/192 1897/4024/192 1899/4025/56 1894/4026/56
f 1894/4027/58 1899/4028/58 1898/4029/58 1895/4030/58
f 1895/4030/60 1898/4029/60 1896/4031/193 1893/4032/193
f 1904/4033/191 1901/4034/191 1903/4035/63 1906/4036/63
f 1906/4036/65 1903/4035/65 1902/4037/66 1907/4038/66
f 1907/4039/66 1902/4040/66 1900/4041/190 1905/4042/190
f 1920/4043/189 1917/4044/189 1919/4045/70 1922/4046/70
f 1922/4046/72 1919/4045/72 1918/4047/72 1923/4048/72
f 1923/4049/74 1918/4050/74 1916/4051/188 1921/4052/188
f 1912/4053/186 1909/4054/186 1911/4055/78 1914/4056/78
f 1914/4056/78 1911/4055/78 1910/4057/79 1915/4058/79
f 1915/4059/81 1910/4060/81 1908/4061/187 1913/4062/187
f 1900/4063/8 1902/4064/8 1903/4065/8 1901/4066/8 1916/4067/8 1918/4068/8 1919/4069/8 1917/4070/8 1908/4071/8 1910/4072/8 1911/4073/8 1909/4074/8 1892/4075/8 1894/4076/8 1895/4077/8 1893/4078/8
f 1893/4032/193 1896/4031/193 1905/4042/190 1900/4041/190
f 1909/4054/186 1912/4053/186 1897/4024/192 1892/4023/192
f 1920/4079/3 1922/4080/3 1923/4081/3 1921/4082/3 1904/4083/3 1906/4084/3 1907/4085/3 1905/4086/3 1896/4087/3 1898/4088/3 1899/4089/3 1897/4090/3 1912/4091/3 1914/4092/3 1915/4093/3 1913/4094/3
f 1901/4034/191 1904/4033/191 1921/4052/188 1916/4051/188
f 1917/4044/189 1920/4043/189 1913/4062/187 1908/4061/187
f 1926/4111/8 1930/4112/8 1928/4113/8 1924/4114/8
f 1944/4143/192 1949/4144/192 1951/4145/56 1946/4146/56
f 1946/4147/58 1951/4148/58 1950/4149/59 1947/4150/59
f 1947/4150/59 1950/4149/59 1948/4151/193 1945/4152/193
f 1956/4153/191 1953/4154/191 1955/4155/63 1958/4156/63
f 1958/4156/65 1955/4155/65 1954/4157/66 1959/4158/66
f 1959/4159/66 1954/4160/66 1952/4161/190 1957/4162/190
f 1972/4163/189 1969/4164/189 1971/4165/71 1974/4166/71
f 1974/4166/71 1971/4165/71 1970/4167/72 1975/4168/72
f 1975/4169/74 1970/4170/74 1968/4171/188 1973/4172/188
f 1964/4173/186 1961/4174/186 1963/4175/77 1966/4176/77
f 1966/4176/79 1963/4175/79 1962/4177/80 1967/4178/80
f 1967/4179/80 1962/4180/80 1960/4181/187 1965/4182/187
f 1952/4183/8 1954/4184/8 1955/4185/8 1953/4186/8 1968/4187/8 1970/4188/8 1971/4189/8 1969/4190/8 1960/4191/8 1962/4192/8 1963/4193/8 1961/4194/8 1944/4195/8 1946/4196/8 1947/4197/8 1945/4198/8
f 1945/4152/193 1948/4151/193 1957/4162/190 1952/4161/190
f 1961/4174/186 1964/4173/186 1949/4144/192 1944/4143/192
f 1972/4199/3 1974/4200/3 1975/4201/3 1973/4202/3 1956/4203/3 1958/4204/3 1959/4205/3 1957/4206/3 1948/4207/3 1950/4208/3 1951/4209/3 1949/4210/3 1964/4211/3 1966/4212/3 1967/4213/3 1965/4214/3
f 1953/4154/191 1956/4153/191 1973/4172/188 1968/4171/188
f 1969/4164/189 1972/4163/189 1965/4182/187 1960/4181/187
f 1978/4231/8 1982/4232/8 1980/4233/8 1976/4234/8
f 1996/4261/192 2001/4262/192 2003/4263/56 1998/4264/56
f 1998/4265/58 2003/4266/58 2002/4267/59 1999/4268/59
f 1999/4268/59 2002/4267/59 2000/4269/193 1997/4270/193
f 2008/4271/191 2005/4272/191 2007/4273/63 2010/4274/63
f 2010/4274/65 2007/4273/65 2006/4275/66 2011/4276/66
f 2011/4277/66 2006/4278/66 2004/4279/190 2009/4280/190
f 2024/4281/189 2021/4282/189 2023/4283/71 2026/4284/71
f 2026/4284/71 2023/4283/71 2022/4285/72 2027/4286/72
f 2027/4287/74 2022/4288/74 2020/4289/188 2025/4290/188
f 2016/4291/186 2013/4292/186 2015/4293/77 2018/4294/77
f 2018/4294/79 2015/4293/79 2014/4295/80 2019/4296/80
f 2019/4297/80 2014/4298/80 2012/4299/187 2017/4300/187
f 2004/4301/8 2006/4302/8 2007/4303/8 2005/4304/8 2020/4305/8 2022/4306/8 2023/4307/8 2021/4308/8 2012/4309/8 2014/4310/8 2015/4311/8 2013/4312/8 1996/4313/8 1998/4314/8 1999/4315/8 1997/4316/8
f 1997/4270/193 2000/4269/193 2009/4280/190 2004/4279/190
f 2013/4292/186 2016/4291/186 2001/4262/192 1996/4261/192
f 2024/4317/3 2026/4318/3 2027/4319/3 2025/4320/3 2008/4321/3 2010/4322/3 2011/4323/3 2009/4324/3 2000/4325/3 2002/4326/3 2003/4327/3 2001/2369/3 2016/4328/3 2018/4329/3 2019/4330/3 2017/4331/3
f 2005/4272/191 2008/4271/191 2025/4290/188 2020/4289/188
f 2021/4282/189 2024/4281/189 2017/4300/187 2012/4299/187
f 2030/4348/8 2034/4349/8 2032/4350/8 2028/4351/8
f 2191/4607/257 2190/4608/257 2194/4609/257 2195/4610/257
f 2193/4611/258 2192/4612/258 2196/4613/258 2197/4614/258
f 2196/4615/3 2195/4616/3 2194/4617/3 2197/4618/3
f 2255/4767/257 2254/4768/257 2258/4769/257 2259/4770/257
f 2257/4771/258 2256/4772/258 2260/4773/258 2261/4774/258
f 2260/4775/3 2259/4776/3 2258/4777/3 2261/4778/3
s 0
f 2583/5155/4 2584/5156/4 2586/5157/4 2585/5158/4
f 2585/5159/5 2586/5160/5 2590/5161/5 2589/5162/5
f 2589/5163/6 2590/5164/6 2588/5165/6 2587/5166/6
f 2587/5167/7 2588/5168/7 2584/5169/7 2583/5170/7
f 2585/5171/8 2589/5172/8 2587/5173/8 2583/5174/8
f 2590/5175/3 2586/5176/3 2584/5177/3 2588/5178/3
f 3010/5724/3 3011/4384/3 3013/5725/3 3012/5726/3
usemtl Material
f 992/1842/4 976/1843/4 977/1844/4 993/1845/4
f 999/1846/5 978/1847/5 979/1848/5 994/1849/5
f 994/1850/6 979/1851/6 980/1852/6 995/1853/6
f 997/1854/7 981/1855/7 976/1856/7 992/1857/7
f 968/1858/8 966/1859/8 964/1860/8 973/1861/8
f 970/1862/7 963/1863/7 985/1864/7 990/1865/7
f 971/1866/6 974/1867/6 991/1868/6 986/1869/6
f 978/1870/3 982/1871/3 981/1872/3 983/1873/3
f 962/1874/8 969/1875/8 972/1876/8 960/1877/8
f 969/1875/8 968/1858/8 973/1861/8 972/1876/8
f 995/1878/7 980/1879/7 983/1880/7 996/1881/7
f 996/1881/7 983/1880/7 981/1855/7 997/1854/7
f 993/1882/5 977/1883/5 982/1884/5 998/1885/5
f 998/1885/5 982/1884/5 978/1847/5 999/1846/5
f 961/1886/3 963/1887/3 977/1888/3 976/1889/3
f 971/1890/3 967/1891/3 979/1892/3 978/1870/3
f 967/1891/3 965/1893/3 980/1894/3 979/1892/3
f 975/1895/3 961/1886/3 976/1889/3 981/1872/3
f 963/1887/3 970/1896/3 982/1871/3 977/1888/3
f 965/1893/3 974/1897/3 983/1873/3 980/1894/3
f 974/1897/3 971/1890/3 978/1870/3 983/1873/3
f 970/1896/3 975/1895/3 981/1872/3 982/1871/3
f 990/1898/3 985/1899/3 984/1900/3 989/1901/3
f 987/1902/3 986/1903/3 991/1904/3 988/1905/3
f 965/1906/4 967/1907/4 987/1908/4 988/1909/4
f 963/1910/6 961/1911/6 984/1912/6 985/1913/6
f 975/1914/4 970/1915/4 990/1916/4 989/1917/4
f 974/1918/5 965/1919/5 988/1920/5 991/1921/5
f 961/1922/5 975/1923/5 989/1924/5 984/1925/5
f 967/1926/7 971/1927/7 986/1928/7 987/1929/7
f 969/1930/5 998/1885/5 999/1846/5 968/1931/5
f 962/1932/5 993/1882/5 998/1885/5 969/1930/5
f 960/1877/8 972/1876/8 1004/1933/8 1003/1934/8
f 992/1842/4 960/1935/4 1003/1936/4 1007/1937/4
f 995/1938/3 996/1939/3 1005/1940/3 1000/1941/3
f 966/1942/6 994/1850/6 995/1853/6 964/1943/6
f 968/1931/5 999/1846/5 994/1849/5 966/1944/5
f 960/1935/4 992/1842/4 993/1845/4 962/1945/4
f 1002/1946/7 1005/1947/7 1006/1948/7 1004/1949/7
f 1001/1950/7 1000/1951/7 1005/1947/7 1002/1946/7
f 1004/1949/7 1006/1948/7 1007/1952/7 1003/1953/7
f 973/1861/8 964/1860/8 1001/1954/8 1002/1955/8
f 997/1956/3 992/1957/3 1007/1958/3 1006/1959/3
f 972/1876/8 973/1861/8 1002/1955/8 1004/1933/8
f 996/1939/3 997/1956/3 1006/1959/3 1005/1940/3
f 964/1943/6 995/1853/6 1000/1960/6 1001/1961/6
s 1
f 2076/4403/6 2079/4404/6 2069/4405/6 2068/4406/6
f 2073/4411/8 2076/4412/8 2068/4413/8 2064/4414/8
f 2081/4435/231 2086/4436/232 2088/4437/233 2085/4438/234
f 2085/4438/234 2088/4437/233 2089/4439/235 2084/4440/235
f 2084/4441/235 2089/4442/235 2090/4443/236 2083/4444/236
f 2083/4444/236 2090/4443/236 2091/4445/237 2082/4446/237
f 2082/4446/237 2091/4445/237 2087/4447/238 2080/4448/238
f 2093/4449/239 2098/4450/240 2100/4451/241 2097/4452/242
f 2097/4452/242 2100/4451/241 2101/4453/243 2096/4454/243
f 2096/4455/243 2101/4456/243 2102/4457/244 2095/4458/245
f 2095/4458/245 2102/4457/244 2103/4459/246 2094/4460/246
f 2094/4460/246 2103/4459/246 2099/4461/247 2092/4462/247
f 2086/4436/232 2093/4449/239 2097/4452/242 2088/4437/233
f 2088/4437/233 2097/4452/242 2096/4454/248 2089/4439/248
f 2089/4463/248 2096/4464/248 2095/4465/249 2090/4466/250
f 2090/4466/250 2095/4465/249 2094/4467/251 2091/4468/251
f 2091/4468/251 2094/4467/251 2092/4469/252 2087/4470/252
f 2080/4471/253 2099/4472/253 2103/4473/254 2082/4474/254
f 2082/4474/254 2103/4473/254 2102/4475/255 2083/4476/255
f 2083/4476/255 2102/4475/255 2101/4477/256 2084/4478/256
f 2084/4440/256 2101/4453/256 2100/4451/241 2085/4438/234
f 2085/4438/234 2100/4451/241 2098/4450/240 2081/4435/231
f 2104/4479/4 2105/4480/4 2080/4448/238 2087/4447/238
f 2093/4449/239 2086/4436/232 2081/4435/231 2098/4450/240
f 2105/4481/7 2106/4482/7 2099/4472/253 2080/4471/253
f 2107/4483/5 2104/4484/5 2087/4470/252 2092/4469/252
f 2106/4485/6 2107/4486/6 2092/4462/247 2099/4461/247
s 0
usemtl 
f 2870/5571/3 2871/5572/3 2873/5573/3 2872/5574/3
f 2872/5574/3 2873/5573/3 2875/5575/3 2874/5576/3
f 2874/5576/3 2875/5575/3 2877/5577/3 2876/5578/3
f 2876/5578/3 2877/5577/3 2879/5579/3 2878/5580/3
f 2878/5580/3 2879/5579/3 2881/5581/3 2880/5582/3
f 2880/5582/3 2881/5581/3 2883/5583/3 2882/5584/3
f 2882/5584/3 2883/5583/3 2885/5585/3 2884/5586/3
f 2884/5586/3 2885/5585/3 2887/5587/3 2886/5588/3
f 2886/5588/3 2887/5587/3 2889/5589/3 2888/5590/3
f 2888/5590/3 2889/5589/3 2891/5591/3 2890/5592/3
f 2890/5592/3 2891/5591/3 2893/5593/3 2892/5594/3
f 2892/5594/3 2893/5593/3 2895/5595/3 2894/5596/3
f 2894/5596/3 2895/5595/3 2897/5597/3 2896/5598/3
f 2896/5598/3 2897/5597/3 2899/5599/3 2898/5600/3
f 2898/5600/3 2899/5599/3 2901/5601/3 2900/5602/3
f 2900/5602/3 2901/5601/3 2903/5603/3 2902/5604/3
f 2902/5604/3 2903/5603/3 2905/5605/3 2904/5606/3
f 2904/5606/3 2905/5605/3 2907/5607/3 2906/5608/3
f 2906/5608/3 2907/5607/3 2909/5609/3 2908/5610/3
f 2908/5610/3 2909/5609/3 2911/5611/3 2910/5612/3
f 2910/5612/3 2911/5611/3 2913/5613/3 2912/5614/3
f 2912/5614/3 2913/5613/3 2915/5615/3 2914/5616/3
f 2914/5616/3 2915/5615/3 2917/5617/3 2916/5618/3
f 2916/5618/3 2917/5617/3 2919/5619/3 2918/5620/3
f 2918/5620/3 2919/5619/3 2921/5621/3 2920/5622/3
f 2920/5622/3 2921/5621/3 2923/5623/3 2922/5624/3
f 2922/5624/3 2923/5623/3 2925/5625/3 2924/5626/3
f 2924/5626/3 2925/5625/3 2927/5627/3 2926/5628/3
f 2926/5628/3 2927/5627/3 2929/5629/3 2928/5630/3
f 2928/5630/3 2929/5629/3 2931/5631/3 2930/5632/3
f 2930/5632/3 2931/5631/3 2933/5633/3 2932/5634/3
f 2932/5634/3 2933/5633/3 2871/5572/3 2870/5571/3
usemtl Material.008
f 2934/5635/279 2936/5636/279 2937/5637/279 2935/5638/279
f 2939/5639/280 2940/5640/280 2941/5641/280 2938/5642/280
f 2937/5643/281 2936/5644/281 2938/5645/281 2941/5646/281
f 2934/5647/282 2935/5648/282 2940/5649/282 2939/5650/282
f 2935/5651/283 2937/5643/283 2941/5646/283 2940/5652/283
f 2936/2073/284 2934/5653/284 2939/5654/284 2938/5655/284
s 1
f 3029/5742/8 3030/5743/8 3031/5744/8 3032/5745/8 3033/5746/8 3034/5747/8 3035/5748/8 3036/5749/8 3037/5750/8 3038/5751/8 3039/5752/8 3040/5753/8 3041/5754/8 3042/5755/8 3043/5756/8 3044/5757/8 3045/5758/8 3046/5759/8 3047/5760/8 3048/5761/8 3049/5762/8 3050/5763/8 3051/5764/8 3052/5765/8 3053/5766/8 3054/5767/8 3055/5768/8 3056/5769/8 3057/5770/8 3058/5771/8 3059/5772/8 3060/5773/8
f 3066/5774/286 3062/5775/287 3064/5776/288 3068/5777/289
f 3068/5777/289 3064/5776/288 3063/5778/290 3067/5779/291
f 3067/5780/291 3063/5781/290 3061/5782/292 3065/5783/293
f 3070/5784/294 3066/5774/286 3068/5777/289 3072/5785/295
f 3072/5785/295 3068/5777/289 3067/5779/291 3071/5786/296
f 3071/5787/296 3067/5780/291 3065/5783/293 3069/5788/297
f 3074/5789/298 3070/5784/294 3072/5785/295 3076/5790/299
f 3076/5791/299 3072/5792/295 3071/5787/296 3075/5793/300
f 3075/5793/300 3071/5787/296 3069/5788/297 3073/5794/301
f 3078/5795/302 3074/5789/298 3076/5790/299 3080/5796/303
f 3080/5797/303 3076/5791/299 3075/5793/300 3079/5798/304
f 3079/5798/304 3075/5793/300 3073/5794/301 3077/5799/305
f 3082/5800/306 3078/5801/302 3080/5802/303 3084/5803/307
f 3084/5804/307 3080/5797/303 3079/5798/304 3083/5805/308
f 3083/5805/308 3079/5798/304 3077/5799/305 3081/5806/309
f 3086/5807/310 3082/5800/306 3084/5803/307 3088/5808/311
f 3088/5809/311 3084/5804/307 3083/5805/308 3087/5810/312
f 3087/5810/312 3083/5805/308 3081/5806/309 3085/5811/313
f 3090/5812/314 3086/5807/310 3088/5808/311 3092/5813/315
f 3092/5813/315 3088/5808/311 3087/5814/312 3091/5815/316
f 3091/5816/316 3087/5810/312 3085/5811/313 3089/5817/317
f 3094/5818/318 3090/5812/314 3092/5813/315 3096/5819/319
f 3096/5819/319 3092/5813/315 3091/5815/316 3095/5820/320
f 3095/5821/320 3091/5816/316 3089/5817/317 3093/5822/321
f 3098/5823/322 3094/5818/318 3096/5819/319 3100/5824/323
f 3100/5824/323 3096/5819/319 3095/5820/320 3099/5825/324
f 3099/5826/324 3095/5821/320 3093/5822/321 3097/5827/325
f 3102/5828/326 3098/5823/322 3100/5824/323 3104/5829/327
f 3104/5829/327 3100/5824/323 3099/5825/324 3103/5830/328
f 3103/5831/328 3099/5826/324 3097/5827/325 3101/5832/329
f 3106/5833/330 3102/5828/326 3104/5829/327 3108/5834/331
f 3108/5835/331 3104/5836/327 3103/5831/328 3107/5837/332
f 3107/5837/332 3103/5831/328 3101/5832/329 3105/5838/333
f 3110/5839/334 3106/5833/330 3108/5834/331 3112/5840/335
f 3112/5841/335 3108/5835/331 3107/5837/332 3111/5842/336
f 3111/5842/336 3107/5837/332 3105/5838/333 3109/5843/337
f 3114/5844/338 3110/5845/334 3112/5846/335 3116/5847/339
f 3116/5848/339 3112/5841/335 3111/5842/336 3115/5849/340
f 3115/5849/340 3111/5842/336 3109/5843/337 3113/5850/341
f 3118/5851/342 3114/5844/338 3116/5847/339 3120/5852/343
f 3120/5853/343 3116/5848/339 3115/5849/340 3119/5854/344
f 3119/5854/344 3115/5849/340 3113/5850/341 3117/5855/345
f 3122/5856/346 3118/5851/342 3120/5852/343 3124/5857/347
f 3124/5857/347 3120/5852/343 3119/5858/344 3123/5859/348
f 3123/5860/348 3119/5854/344 3117/5855/345 3121/5861/349
f 3126/5862/350 3122/5856/346 3124/5857/347 3128/5863/351
f 3128/5863/351 3124/5857/347 3123/5859/348 3127/5864/352
f 3127/5865/352 3123/5860/348 3121/5861/349 3125/5866/353
f 3130/5867/354 3126/5862/350 3128/5863/351 3132/5868/355
f 3132/5868/355 3128/5863/351 3127/5864/352 3131/5869/356
f 3131/5870/356 3127/5865/352 3125/5866/353 3129/5871/357
f 3134/5872/358 3130/5867/354 3132/5868/355 3136/5873/359
f 3136/5873/359 3132/5868/355 3131/5869/356 3135/5874/360
f 3135/5875/360 3131/5870/356 3129/5871/357 3133/5876/361
f 3138/5877/362 3134/5872/358 3136/5873/359 3140/5878/363
f 3140/5879/363 3136/5880/359 3135/5875/360 3139/5881/364
f 3139/5881/364 3135/5875/360 3133/5876/361 3137/5882/365
f 3142/5883/366 3138/5884/362 3140/5885/363 3144/5886/367
f 3144/5887/367 3140/5879/363 3139/5881/364 3143/5888/368
f 3143/5888/368 3139/5881/364 3137/5882/365 3141/5889/369
f 3146/5890/370 3142/5883/366 3144/5886/367 3148/5891/371
f 3148/5892/371 3144/5887/367 3143/5888/368 3147/5893/372
f 3147/5893/372 3143/5888/368 3141/5889/369 3145/5894/373
f 3150/5895/374 3146/5890/370 3148/5891/371 3152/5896/375
f 3152/5896/375 3148/5891/371 3147/5897/372 3151/5898/376
f 3151/5899/376 3147/5893/372 3145/5894/373 3149/5900/377
f 3154/5901/378 3150/5895/374 3152/5896/375 3156/5902/379
f 3156/5902/379 3152/5896/375 3151/5898/376 3155/5903/380
f 3155/5904/380 3151/5899/376 3149/5900/377 3153/5905/381
f 3158/5906/382 3154/5901/378 3156/5902/379 3160/5907/383
f 3160/5907/383 3156/5902/379 3155/5903/380 3159/5908/384
f 3159/5909/384 3155/5904/380 3153/5905/381 3157/5910/385
f 3162/5911/386 3158/5906/382 3160/5907/383 3164/5912/387
f 3164/5912/387 3160/5907/383 3159/5908/384 3163/5913/388
f 3163/5914/388 3159/5909/384 3157/5910/385 3161/5915/389
f 3166/5916/390 3162/5911/386 3164/5912/387 3168/5917/391
f 3168/5918/391 3164/5919/387 3163/5914/388 3167/5920/392
f 3167/5920/392 3163/5914/388 3161/5915/389 3165/5921/393
f 3170/5922/394 3166/5916/390 3168/5917/391 3172/5923/395
f 3172/5924/395 3168/5918/391 3167/5920/392 3171/5925/396
f 3171/5925/396 3167/5920/392 3165/5921/393 3169/5926/397
f 3174/5927/398 3170/5928/394 3172/5929/395 3176/5930/399
f 3176/5931/399 3172/5924/395 3171/5925/396 3175/5932/400
f 3175/5932/400 3171/5925/396 3169/5926/397 3173/5933/401
f 3178/5934/402 3174/5927/398 3176/5930/399 3180/5935/403
f 3180/5936/403 3176/5931/399 3175/5932/400 3179/5937/404
f 3179/5937/404 3175/5932/400 3173/5933/401 3177/5938/405
f 3182/5939/406 3178/5934/402 3180/5935/403 3184/5940/407
f 3184/5941/407 3180/5936/403 3179/5937/404 3183/5942/408
f 3183/5942/408 3179/5937/404 3177/5938/405 3181/5943/409
f 3186/5944/410 3182/5939/406 3184/5940/407 3188/5945/411
f 3188/5945/411 3184/5940/407 3183/5946/408 3187/5947/412
f 3187/5948/412 3183/5942/408 3181/5943/409 3185/5949/413
f 3062/5775/287 3186/5944/410 3188/5945/411 3064/5776/288
f 3064/5776/288 3188/5945/411 3187/5947/412 3063/5778/290
f 3063/5781/290 3187/5948/412 3185/5949/413 3061/5782/292
f 3065/5783/293 3061/5782/292 3185/5949/413 3181/5943/409 3177/5938/405 3173/5933/401 3169/5926/397 3165/5921/393 3161/5915/389 3157/5910/385 3153/5905/381 3149/5900/377 3145/5894/373 3141/5889/369 3137/5882/365 3133/5876/361 3129/5871/357 3125/5866/353 3121/5861/349 3117/5855/345 3113/5850/341 3109/5843/337 3105/5838/333 3101/5832/329 3097/5827/325 3093/5822/321 3089/5817/317 3085/5811/313 3081/5806/309 3077/5799/305 3073/5794/301 3069/5788/297
f 3029/5950/5 3062/5775/287 3066/5774/286 3030/5951/95
f 3060/5952/94 3186/5944/410 3062/5775/287 3029/5950/5
f 3030/5951/95 3066/5774/286 3070/5784/294 3031/5953/96
f 3031/5953/96 3070/5784/294 3074/5789/298 3032/5954/97
f 3032/5954/97 3074/5789/298 3078/5795/302 3033/5955/72
f 3033/5956/72 3078/5801/302 3082/5800/306 3034/5957/98
f 3034/5957/98 3082/5800/306 3086/5807/310 3035/5958/99
f 3035/5958/99 3086/5807/310 3090/5812/314 3036/5959/100
f 3036/5959/100 3090/5812/314 3094/5818/318 3037/5960/6
f 3037/5960/6 3094/5818/318 3098/5823/322 3038/5961/101
f 3038/5961/101 3098/5823/322 3102/5828/326 3039/5962/102
f 3039/5962/102 3102/5828/326 3106/5833/330 3040/5963/103
f 3040/5963/103 3106/5833/330 3110/5839/334 3041/5964/79
f 3041/5965/79 3110/5845/334 3114/5844/338 3042/5966/104
f 3042/5966/104 3114/5844/338 3118/5851/342 3043/5967/105
f 3043/5967/105 3118/5851/342 3122/5856/346 3044/5968/106
f 3044/5968/106 3122/5856/346 3126/5862/350 3045/5969/7
f 3045/5969/7 3126/5862/350 3130/5867/354 3046/5970/83
f 3046/5970/83 3130/5867/354 3134/5872/358 3047/5971/84
f 3047/5971/84 3134/5872/358 3138/5877/362 3048/5972/85
f 3048/5973/85 3138/5884/362 3142/5883/366 3049/5974/58
f 3049/5974/58 3142/5883/366 3146/5890/370 3050/5975/86
f 3050/5975/86 3146/5890/370 3150/5895/374 3051/5976/414
f 3051/5976/414 3150/5895/374 3154/5901/378 3052/5977/88
f 3052/5977/88 3154/5901/378 3158/5906/382 3053/5978/4
f 3053/5978/4 3158/5906/382 3162/5911/386 3054/5979/89
f 3054/5979/89 3162/5911/386 3166/5916/390 3055/5980/415
f 3055/5980/415 3166/5916/390 3170/5922/394 3056/5981/91
f 3056/5982/91 3170/5928/394 3174/5927/398 3057/5983/65
f 3057/5983/65 3174/5927/398 3178/5934/402 3058/5984/92
f 3058/5984/92 3178/5934/402 3182/5939/406 3059/5985/93
f 3059/5985/93 3182/5939/406 3186/5944/410 3060/5952/94
f 3189/5986/8 3220/5987/8 3219/5988/8 3218/5989/8 3217/5990/8 3216/5991/8 3215/5992/8 3214/5993/8 3213/5994/8 3212/5995/8 3211/5996/8 3210/5997/8 3209/5998/8 3208/5999/8 3207/6000/8 3206/6001/8 3205/6002/8 3204/6003/8 3203/6004/8 3202/6005/8 3201/6006/8 3200/6007/8 3199/6008/8 3198/6009/8 3197/6010/8 3196/6011/8 3195/6012/8 3194/6013/8 3193/6014/8 3192/6015/8 3191/6016/8 3190/6017/8
f 3226/6018/410 3228/6019/411 3224/6020/288 3222/6021/287
f 3228/6019/411 3227/6022/412 3223/6023/290 3224/6020/288
f 3227/6024/412 3225/6025/413 3221/6026/292 3223/6027/290
f 3230/6028/406 3232/6029/407 3228/6019/411 3226/6018/410
f 3232/6029/407 3231/6030/408 3227/6022/412 3228/6019/411
f 3231/6031/408 3229/6032/409 3225/6025/413 3227/6024/412
f 3234/6033/402 3236/6034/403 3232/6029/407 3230/6028/406
f 3236/6035/403 3235/6036/404 3231/6031/408 3232/6037/407
f 3235/6036/404 3233/6038/405 3229/6032/409 3231/6031/408
f 3238/6039/398 3240/6040/399 3236/6034/403 3234/6033/402
f 3240/6041/399 3239/6042/400 3235/6036/404 3236/6035/403
f 3239/6042/400 3237/6043/401 3233/6038/405 3235/6036/404
f 3242/6044/394 3244/6045/395 3240/6040/399 3238/6039/398
f 3244/6046/395 3243/6047/396 3239/6042/400 3240/6041/399
f 3243/6047/396 3241/6048/397 3237/6043/401 3239/6042/400
f 3246/6049/390 3248/6050/391 3244/6051/395 3242/6052/394
f 3248/6053/391 3247/6054/392 3243/6047/396 3244/6046/395
f 3247/6054/392 3245/6055/393 3241/6048/397 3243/6047/396
f 3250/6056/386 3252/6057/387 3248/6050/391 3246/6049/390
f 3252/6058/387 3251/6059/416 3247/6054/392 3248/6053/391
f 3251/6059/416 3249/6060/389 3245/6055/393 3247/6054/392
f 3254/6061/382 3256/6062/383 3252/6057/387 3250/6056/386
f 3256/6062/383 3255/6063/384 3251/6064/416 3252/6057/387
f 3255/6065/384 3253/6066/385 3249/6060/389 3251/6059/416
f 3258/6067/378 3260/6068/379 3256/6062/383 3254/6061/382
f 3260/6068/379 3259/6069/417 3255/6063/384 3256/6062/383
f 3259/6070/417 3257/6071/381 3253/6066/385 3255/6065/384
f 3262/6072/374 3264/6073/375 3260/6068/379 3258/6067/378
f 3264/6073/375 3263/6074/376 3259/6069/417 3260/6068/379
f 3263/6075/376 3261/6076/377 3257/6071/381 3259/6070/417
f 3266/6077/370 3268/6078/371 3264/6073/375 3262/6072/374
f 3268/6078/371 3267/6079/372 3263/6074/376 3264/6073/375
f 3267/6080/372 3265/6081/373 3261/6076/377 3263/6075/376
f 3270/6082/366 3272/6083/367 3268/6078/371 3266/6077/370
f 3272/6084/367 3271/6085/368 3267/6080/372 3268/6086/371
f 3271/6085/368 3269/6087/369 3265/6081/373 3267/6080/372
f 3274/6088/362 3276/6089/363 3272/6083/367 3270/6082/366
f 3276/6090/363 3275/6091/418 3271/6085/368 3272/6084/367
f 3275/6091/418 3273/6092/365 3269/6087/369 3271/6085/368
f 3278/6093/358 3280/6094/359 3276/6095/363 3274/6096/362
f 3280/6097/359 3279/6098/360 3275/6091/418 3276/6090/363
f 3279/6098/360 3277/6099/361 3273/6092/365 3275/6091/418
f 3282/6100/419 3284/6101/420 3280/6094/359 3278/6093/358
f 3284/6101/420 3283/6102/356 3279/6103/360 3280/6094/359
f 3283/6104/356 3281/6105/421 3277/6099/361 3279/6098/360
f 3286/6106/350 3288/6107/351 3284/6101/420 3282/6100/419
f 3288/6107/351 3287/6108/352 3283/6102/356 3284/6101/420
f 3287/6109/352 3285/6110/353 3281/6105/421 3283/6104/356
f 3290/6111/422 3292/6112/423 3288/6107/351 3286/6106/350
f 3292/6112/423 3291/6113/348 3287/6108/352 3288/6107/351
f 3291/6114/348 3289/6115/424 3285/6110/353 3287/6109/352
f 3294/6116/342 3296/6117/343 3292/6112/423 3290/6111/422
f 3296/6117/343 3295/6118/344 3291/6113/348 3292/6112/423
f 3295/6119/344 3293/6120/345 3289/6115/424 3291/6114/348
f 3298/6121/338 3300/6122/339 3296/6117/343 3294/6116/342
f 3300/6123/339 3299/6124/340 3295/6119/344 3296/6125/343
f 3299/6124/340 3297/6126/425 3293/6120/345 3295/6119/344
f 3302/6127/334 3304/6128/335 3300/6122/339 3298/6121/338
f 3304/6129/335 3303/6130/336 3299/6124/340 3300/6123/339
f 3303/6130/336 3301/6131/337 3297/6126/425 3299/6124/340
f 3306/6132/330 3308/6133/331 3304/6134/335 3302/6135/334
f 3308/6136/331 3307/6137/332 3303/6130/336 3304/6129/335
f 3307/6137/332 3305/6138/333 3301/6131/337 3303/6130/336
f 3310/6139/326 3312/6140/327 3308/6133/331 3306/6132/330
f 3312/6141/327 3311/6142/328 3307/6137/332 3308/6136/331
f 3311/6142/328 3309/6143/329 3305/6138/333 3307/6137/332
f 3314/6144/426 3316/6145/323 3312/6140/327 3310/6139/326
f 3316/6145/323 3315/6146/427 3311/6147/328 3312/6140/327
f 3315/6148/427 3313/6149/428 3309/6143/329 3311/6142/328
f 3318/6150/318 3320/6151/319 3316/6145/323 3314/6144/426
f 3320/6151/319 3319/6152/320 3315/6146/427 3316/6145/323
f 3319/6153/320 3317/6154/321 3313/6149/428 3315/6148/427
f 3322/6155/429 3324/6156/315 3320/6151/319 3318/6150/318
f 3324/6156/315 3323/6157/430 3319/6152/320 3320/6151/319
f 3323/6158/430 3321/6159/431 3317/6154/321 3319/6153/320
f 3326/6160/310 3328/6161/311 3324/6156/315 3322/6155/429
f 3328/6161/311 3327/6162/312 3323/6157/430 3324/6156/315
f 3327/6163/312 3325/6164/313 3321/6159/431 3323/6158/430
f 3330/6165/306 3332/6166/307 3328/6161/311 3326/6160/310
f 3332/6167/307 3331/6168/308 3327/6163/312 3328/6169/311
f 3331/6168/308 3329/6170/309 3325/6164/313 3327/6163/312
f 3334/6171/302 3336/6172/303 3332/6166/307 3330/6165/306
f 3336/6173/303 3335/6174/304 3331/6168/308 3332/6167/307
f 3335/6174/304 3333/6175/305 3329/6170/309 3331/6168/308
f 3338/6176/432 3340/6177/299 3336/6178/303 3334/6179/302
f 3340/6180/299 3339/6181/300 3335/6174/304 3336/6173/303
f 3339/6181/300 3337/6182/433 3333/6175/305 3335/6174/304
f 3342/6183/294 3344/6184/295 3340/6177/299 3338/6176/432
f 3344/6185/295 3343/6186/296 3339/6181/300 3340/6180/299
f 3343/6186/296 3341/6187/297 3337/6182/433 3339/6181/300
f 3346/6188/286 3348/6189/434 3344/6184/295 3342/6183/294
f 3348/6189/434 3347/6190/291 3343/6191/296 3344/6184/295
f 3347/6192/291 3345/6193/293 3341/6187/297 3343/6186/296
f 3222/6021/287 3224/6020/288 3348/6189/434 3346/6188/286
f 3224/6020/288 3223/6023/290 3347/6190/291 3348/6189/434
f 3223/6027/290 3221/6026/292 3345/6193/293 3347/6192/291
f 3225/6025/413 3229/6032/409 3233/6038/405 3237/6043/401 3241/6048/397 3245/6055/393 3249/6060/389 3253/6066/385 3257/6071/381 3261/6076/377 3265/6081/373 3269/6087/369 3273/6092/365 3277/6099/361 3281/6105/421 3285/6110/353 3289/6115/424 3293/6120/345 3297/6126/425 3301/6131/337 3305/6138/333 3309/6143/329 3313/6149/428 3317/6154/321 3321/6159/431 3325/6164/313 3329/6170/309 3333/6175/305 3337/6182/433 3341/6187/297 3345/6193/293 3221/6026/292
f 3189/6194/5 3190/6195/94 3226/6018/410 3222/6021/287
f 3220/6196/95 3189/6194/5 3222/6021/287 3346/6188/286
f 3190/6195/94 3191/6197/93 3230/6028/406 3226/6018/410
f 3191/6197/93 3192/6198/92 3234/6033/402 3230/6028/406
f 3192/6198/92 3193/6199/65 3238/6039/398 3234/6033/402
f 3193/6199/65 3194/6200/91 3242/6044/394 3238/6039/398
f 3194/6201/91 3195/6202/90 3246/6049/390 3242/6052/394
f 3195/6202/90 3196/6203/89 3250/6056/386 3246/6049/390
f 3196/6203/89 3197/6204/4 3254/6061/382 3250/6056/386
f 3197/6204/4 3198/6205/88 3258/6067/378 3254/6061/382
f 3198/6205/88 3199/6206/87 3262/6072/374 3258/6067/378
f 3199/6206/87 3200/6207/86 3266/6077/370 3262/6072/374
f 3200/6207/86 3201/6208/58 3270/6082/366 3266/6077/370
f 3201/6208/58 3202/6209/85 3274/6088/362 3270/6082/366
f 3202/6210/85 3203/6211/84 3278/6093/358 3274/6096/362
f 3203/6211/84 3204/6212/83 3282/6100/419 3278/6093/358
f 3204/6212/83 3205/6213/7 3286/6106/350 3282/6100/419
f 3205/6213/7 3206/6214/106 3290/6111/422 3286/6106/350
f 3206/6214/106 3207/6215/105 3294/6116/342 3290/6111/422
f 3207/6215/105 3208/6216/104 3298/6121/338 3294/6116/342
f 3208/6216/104 3209/6217/79 3302/6127/334 3298/6121/338
f 3209/6218/79 3210/6219/103 3306/6132/330 3302/6135/334
f 3210/6219/103 3211/6220/102 3310/6139/326 3306/6132/330
f 3211/6220/102 3212/6221/101 3314/6144/426 3310/6139/326
f 3212/6221/101 3213/6222/6 3318/6150/318 3314/6144/426
f 3213/6222/6 3214/6223/100 3322/6155/429 3318/6150/318
f 3214/6223/100 3215/6224/99 3326/6160/310 3322/6155/429
f 3215/6224/99 3216/6225/98 3330/6165/306 3326/6160/310
f 3216/6225/98 3217/6226/72 3334/6171/302 3330/6165/306
f 3217/6227/72 3218/6228/97 3338/6176/432 3334/6179/302
f 3218/6228/97 3219/6229/96 3342/6183/294 3338/6176/432
f 3219/6229/96 3220/6196/95 3346/6188/286 3342/6183/294
f 3349/6230/8 3380/6231/8 3379/6232/8 3378/6233/8 3377/6234/8 3376/6235/8 3375/6236/8 3374/6237/8 3373/6238/8 3372/6239/8 3371/6240/8 3370/6241/8 3369/6242/8 3368/6243/8 3367/6244/8 3366/6245/8 3365/6246/8 3364/6247/8 3363/6248/8 3362/6249/8 3361/6250/8 3360/6251/8 3359/6252/8 3358/6253/8 3357/6254/8 3356/6255/8 3355/6256/8 3354/6257/8 3353/6258/8 3352/6259/8 3351/6260/8 3350/6261/8
f 3386/6262/410 3388/6263/435 3384/6264/288 3382/6265/287
f 3388/6263/435 3387/6266/412 3383/6267/290 3384/6264/288
f 3387/6268/412 3385/6269/413 3381/6270/292 3383/6271/290
f 3390/6272/406 3392/6273/407 3388/6263/435 3386/6262/410
f 3392/6273/407 3391/6274/408 3387/6266/412 3388/6263/435
f 3391/6275/408 3389/6276/409 3385/6269/413 3387/6268/412
f 3394/6277/436 3396/6278/403 3392/6273/407 3390/6272/406
f 3396/6279/403 3395/6280/404 3391/6275/408 3392/6281/407
f 3395/6280/404 3393/6282/405 3389/6276/409 3391/6275/408
f 3398/6283/398 3400/6284/399 3396/6278/403 3394/6277/436
f 3400/6285/399 3399/6286/400 3395/6280/404 3396/6279/403
f 3399/6286/400 3397/6287/401 3393/6282/405 3395/6280/404
f 3402/6288/437 3404/6289/395 3400/6284/399 3398/6283/398
f 3404/6290/395 3403/6291/396 3399/6286/400 3400/6285/399
f 3403/6291/396 3401/6292/397 3397/6287/401 3399/6286/400
f 3406/6293/390 3408/6294/391 3404/6295/395 3402/6296/437
f 3408/6297/391 3407/6298/392 3403/6291/396 3404/6290/395
f 3407/6298/392 3405/6299/393 3401/6292/397 3403/6291/396
f 3410/6300/386 3412/6301/438 3408/6294/391 3406/6293/390
f 3412/6302/438 3411/6303/416 3407/6298/392 3408/6297/391
f 3411/6303/416 3409/6304/439 3405/6299/393 3407/6298/392
f 3414/6305/382 3416/6306/383 3412/6301/438 3410/6300/386
f 3416/6306/383 3415/6307/384 3411/6308/416 3412/6301/438
f 3415/6309/384 3413/6310/385 3409/6304/439 3411/6303/416
f 3418/6311/378 3420/6312/379 3416/6306/383 3414/6305/382
f 3420/6312/379 3419/6313/380 3415/6307/384 3416/6306/383
f 3419/6314/380 3417/6315/440 3413/6310/385 3415/6309/384
f 3422/6316/374 3424/6317/375 3420/6312/379 3418/6311/378
f 3424/6317/375 3423/6318/376 3419/6313/380 3420/6312/379
f 3423/6319/376 3421/6320/377 3417/6315/440 3419/6314/380
f 3426/6321/441 3428/6322/371 3424/6317/375 3422/6316/374
f 3428/6322/371 3427/6323/372 3423/6318/376 3424/6317/375
f 3427/6324/372 3425/6325/373 3421/6320/377 3423/6319/376
f 3430/6326/366 3432/6327/367 3428/6322/371 3426/6321/441
f 3432/6328/367 3431/6329/368 3427/6324/372 3428/6330/371
f 3431/6329/368 3429/6331/369 3425/6325/373 3427/6324/372
f 3434/6332/362 3436/6333/363 3432/6327/367 3430/6326/366
f 3436/6334/363 3435/6335/364 3431/6329/368 3432/6328/367
f 3435/6335/364 3433/6336/442 3429/6331/369 3431/6329/368
f 3438/6337/358 3440/6338/359 3436/6339/363 3434/6340/362
f 3440/6341/359 3439/6342/360 3435/6335/364 3436/6334/363
f 3439/6342/360 3437/6343/361 3433/6336/442 3435/6335/364
f 3442/6344/354 3444/6345/355 3440/6338/359 3438/6337/358
f 3444/6345/355 3443/6346/356 3439/6347/360 3440/6338/359
f 3443/6348/356 3441/6349/357 3437/6343/361 3439/6342/360
f 3446/6350/350 3448/6351/351 3444/6345/355 3442/6344/354
f 3448/6351/351 3447/6352/352 3443/6346/356 3444/6345/355
f 3447/6353/352 3445/6354/353 3441/6349/357 3443/6348/356
f 3450/6355/346 3452/6356/347 3448/6351/351 3446/6350/350
f 3452/6356/347 3451/6357/348 3447/6352/352 3448/6351/351
f 3451/6358/348 3449/6359/424 3445/6354/353 3447/6353/352
f 3454/6360/342 3456/6361/343 3452/6356/347 3450/6355/346
f 3456/6361/343 3455/6362/344 3451/6357/348 3452/6356/347
f 3455/6363/344 3453/6364/345 3449/6359/424 3451/6358/348
f 3458/6365/443 3460/6366/339 3456/6361/343 3454/6360/342
f 3460/6367/339 3459/6368/340 3455/6363/344 3456/6369/343
f 3459/6368/340 3457/6370/425 3453/6364/345 3455/6363/344
f 3462/6371/334 3464/6372/335 3460/6366/339 3458/6365/443
f 3464/6373/335 3463/6374/336 3459/6368/340 3460/6367/339
f 3463/6374/336 3461/6375/337 3457/6370/425 3459/6368/340
f 3466/6376/330 3468/6377/331 3464/6378/335 3462/6379/334
f 3468/6380/331 3467/6381/332 3463/6374/336 3464/6373/335
f 3467/6381/332 3465/6382/444 3461/6375/337 3463/6374/336
f 3470/6383/326 3472/6384/327 3468/6377/331 3466/6376/330
f 3472/6385/327 3471/6386/328 3467/6381/332 3468/6380/331
f 3471/6386/328 3469/6387/329 3465/6382/444 3467/6381/332
f 3474/6388/322 3476/6389/323 3472/6384/327 3470/6383/326
f 3476/6389/323 3475/6390/427 3471/6391/328 3472/6384/327
f 3475/6392/427 3473/6393/325 3469/6387/329 3471/6386/328
f 3478/6394/318 3480/6395/319 3476/6389/323 3474/6388/322
f 3480/6395/319 3479/6396/320 3475/6390/427 3476/6389/323
f 3479/6397/320 3477/6398/321 3473/6393/325 3475/6392/427
f 3482/6399/314 3484/6400/315 3480/6395/319 3478/6394/318
f 3484/6400/315 3483/6401/430 3479/6396/320 3480/6395/319
f 3483/6402/430 3481/6403/317 3477/6398/321 3479/6397/320
f 3486/6404/310 3488/6405/311 3484/6400/315 3482/6399/314
f 3488/6405/311 3487/6406/312 3483/6401/430 3484/6400/315
f 3487/6407/312 3485/6408/313 3481/6403/317 3483/6402/430
f 3490/6409/445 3492/6410/307 3488/6405/311 3486/6404/310
f 3492/6411/307 3491/6412/308 3487/6407/312 3488/6413/311
f 3491/6412/308 3489/6414/309 3485/6408/313 3487/6407/312
f 3494/6415/302 3496/6416/303 3492/6410/307 3490/6409/445
f 3496/6417/303 3495/6418/304 3491/6412/308 3492/6411/307
f 3495/6418/304 3493/6419/305 3489/6414/309 3491/6412/308
f 3498/6420/432 3500/6421/299 3496/6422/303 3494/6423/302
f 3500/6424/299 3499/6425/446 3495/6418/304 3496/6417/303
f 3499/6425/446 3497/6426/433 3493/6419/305 3495/6418/304
f 3502/6427/294 3504/6428/295 3500/6421/299 3498/6420/432
f 3504/6429/295 3503/6430/296 3499/6425/446 3500/6424/299
f 3503/6430/296 3501/6431/297 3497/6426/433 3499/6425/446
f 3506/6432/286 3508/6433/434 3504/6428/295 3502/6427/294
f 3508/6433/434 3507/6434/291 3503/6435/296 3504/6428/295
f 3507/6436/291 3505/6437/293 3501/6431/297 3503/6430/296
f 3382/6265/287 3384/6264/288 3508/6433/434 3506/6432/286
f 3384/6264/288 3383/6267/290 3507/6434/291 3508/6433/434
f 3383/6271/290 3381/6270/292 3505/6437/293 3507/6436/291
f 3385/6269/413 3389/6276/409 3393/6282/405 3397/6287/401 3401/6292/397 3405/6299/393 3409/6304/439 3413/6310/385 3417/6315/440 3421/6320/377 3425/6325/373 3429/6331/369 3433/6336/442 3437/6343/361 3441/6349/357 3445/6354/353 3449/6359/424 3453/6364/345 3457/6370/425 3461/6375/337 3465/6382/444 3469/6387/329 3473/6393/325 3477/6398/321 3481/6403/317 3485/6408/313 3489/6414/309 3493/6419/305 3497/6426/433 3501/6431/297 3505/6437/293 3381/6270/292
f 3349/6438/5 3350/6439/94 3386/6262/410 3382/6265/287
f 3380/6440/95 3349/6438/5 3382/6265/287 3506/6432/286
f 3350/6439/94 3351/6441/93 3390/6272/406 3386/6262/410
f 3351/6441/93 3352/6442/92 3394/6277/436 3390/6272/406
f 3352/6442/92 3353/6443/65 3398/6283/398 3394/6277/436
f 3353/6443/65 3354/6444/91 3402/6288/437 3398/6283/398
f 3354/6445/91 3355/6446/90 3406/6293/390 3402/6296/437
f 3355/6446/90 3356/6447/89 3410/6300/386 3406/6293/390
f 3356/6447/89 3357/6448/4 3414/6305/382 3410/6300/386
f 3357/6448/4 3358/6449/88 3418/6311/378 3414/6305/382
f 3358/6449/88 3359/6450/87 3422/6316/374 3418/6311/378
f 3359/6450/87 3360/6451/86 3426/6321/441 3422/6316/374
f 3360/6451/86 3361/6452/58 3430/6326/366 3426/6321/441
f 3361/6452/58 3362/6453/85 3434/6332/362 3430/6326/366
f 3362/6454/85 3363/6455/84 3438/6337/358 3434/6340/362
f 3363/6455/84 3364/6456/83 3442/6344/354 3438/6337/358
f 3364/6456/83 3365/6457/7 3446/6350/350 3442/6344/354
f 3365/6457/7 3366/6458/106 3450/6355/346 3446/6350/350
f 3366/6458/106 3367/6459/105 3454/6360/342 3450/6355/346
f 3367/6459/105 3368/6460/447 3458/6365/443 3454/6360/342
f 3368/6460/447 3369/6461/79 3462/6371/334 3458/6365/443
f 3369/6462/79 3370/6463/103 3466/6376/330 3462/6379/334
f 3370/6463/103 3371/6464/102 3470/6383/326 3466/6376/330
f 3371/6464/102 3372/6465/101 3474/6388/322 3470/6383/326
f 3372/6465/101 3373/6466/6 3478/6394/318 3474/6388/322
f 3373/6466/6 3374/6467/100 3482/6399/314 3478/6394/318
f 3374/6467/100 3375/6468/99 3486/6404/310 3482/6399/314
f 3375/6468/99 3376/6469/98 3490/6409/445 3486/6404/310
f 3376/6469/98 3377/6470/72 3494/6415/302 3490/6409/445
f 3377/6471/72 3378/6472/97 3498/6420/432 3494/6423/302
f 3378/6472/97 3379/6473/96 3502/6427/294 3498/6420/432
f 3379/6473/96 3380/6440/95 3506/6432/286 3502/6427/294
