# Blender 4.5.2 LTS
# www.blender.org
mtllib BMV080.mtl
o Text.010
v -4.108698 0.089293 0.789611
v -4.109075 0.089293 0.768063
v -4.105433 0.089293 0.770981
v -4.102069 0.089293 0.773596
v -4.098952 0.089293 0.775917
v -4.096052 0.089293 0.777954
v -4.093338 0.089293 0.779713
v -4.090779 0.089293 0.781205
v -4.088346 0.089293 0.782437
v -4.086007 0.089293 0.783419
v -4.083731 0.089293 0.784158
v -4.081490 0.089293 0.784664
v -4.079250 0.089293 0.784945
v -4.076983 0.089293 0.785011
v -4.074454 0.089293 0.784822
v -4.072078 0.089293 0.784358
v -4.069869 0.089293 0.783631
v -4.067839 0.089293 0.782655
v -4.066002 0.089293 0.781444
v -4.064373 0.089293 0.780011
v -4.062964 0.089293 0.778370
v -4.061789 0.089293 0.776536
v -4.060861 0.089293 0.774521
v -4.060194 0.089293 0.772339
v -4.059802 0.089293 0.770005
v -4.059698 0.089293 0.767531
v -4.059753 0.089293 0.766403
v -4.059882 0.089293 0.765288
v -4.060084 0.089293 0.764183
v -4.060359 0.089293 0.763086
v -4.060709 0.089293 0.761995
v -4.061134 0.089293 0.760908
v -4.061635 0.089293 0.759822
v -4.062212 0.089293 0.758735
v -4.062866 0.089293 0.757645
v -4.063598 0.089293 0.756550
v -4.064408 0.089293 0.755446
v -4.065296 0.089293 0.754333
v -4.075451 0.089293 0.754510
v -4.074068 0.089293 0.755613
v -4.072843 0.089293 0.756703
v -4.071768 0.089293 0.757780
v -4.070836 0.089293 0.758846
v -4.070040 0.089293 0.759902
v -4.069372 0.089293 0.760949
v -4.068824 0.089293 0.761987
v -4.068390 0.089293 0.763018
v -4.068061 0.089293 0.764043
v -4.067830 0.089293 0.765063
v -4.067690 0.089293 0.766079
v -4.067634 0.089293 0.767092
v -4.067699 0.089293 0.768445
v -4.067940 0.089293 0.769734
v -4.068347 0.089293 0.770948
v -4.068911 0.089293 0.772078
v -4.069623 0.089293 0.773114
v -4.070475 0.089293 0.774047
v -4.071458 0.089293 0.774867
v -4.072563 0.089293 0.775565
v -4.073782 0.089293 0.776130
v -4.075106 0.089293 0.776553
v -4.076525 0.089293 0.776825
v -4.078032 0.089293 0.776936
v -4.079172 0.089293 0.776928
v -4.080246 0.089293 0.776864
v -4.081267 0.089293 0.776744
v -4.082248 0.089293 0.776569
v -4.083201 0.089293 0.776338
v -4.084139 0.089293 0.776051
v -4.085074 0.089293 0.775710
v -4.086020 0.089293 0.775313
v -4.086988 0.089293 0.774862
v -4.087992 0.089293 0.774357
v -4.089043 0.089293 0.773797
v -4.090156 0.089293 0.773183
v -4.092261 0.089293 0.771947
v -4.094439 0.089293 0.770575
v -4.096671 0.089293 0.769089
v -4.098941 0.089293 0.767510
v -4.101232 0.089293 0.765858
v -4.103527 0.089293 0.764157
v -4.105808 0.089293 0.762425
v -4.108059 0.089293 0.760686
v -4.110263 0.089293 0.758959
v -4.112402 0.089293 0.757267
v -4.114461 0.089293 0.755629
v -4.116421 0.089293 0.754069
v -4.116999 0.089293 0.754079
v -4.116376 0.089293 0.789745
v -4.060828 0.089293 0.745335
v -4.060969 0.089293 0.737244
v -4.093746 0.089293 0.737817
v -4.095043 0.089293 0.737825
v -4.096292 0.089293 0.737799
v -4.097493 0.089293 0.737734
v -4.098646 0.089293 0.737624
v -4.099751 0.089293 0.737464
v -4.100807 0.089293 0.737248
v -4.101813 0.089293 0.736972
v -4.102772 0.089293 0.736628
v -4.103680 0.089293 0.736213
v -4.104539 0.089293 0.735721
v -4.105350 0.089293 0.735145
v -4.106109 0.089293 0.734481
v -4.106748 0.089293 0.733813
v -4.107359 0.089293 0.733065
v -4.107938 0.089293 0.732239
v -4.108479 0.089293 0.731335
v -4.108979 0.089293 0.730354
v -4.109431 0.089293 0.729295
v -4.109831 0.089293 0.728160
v -4.110174 0.089293 0.726948
v -4.110456 0.089293 0.725661
v -4.110671 0.089293 0.724299
v -4.110814 0.089293 0.722862
v -4.110881 0.089293 0.721351
v -4.110869 0.089293 0.720150
v -4.110791 0.089293 0.718982
v -4.110646 0.089293 0.717847
v -4.110435 0.089293 0.716746
v -4.110157 0.089293 0.715678
v -4.109811 0.089293 0.714643
v -4.109397 0.089293 0.713641
v -4.108916 0.089293 0.712673
v -4.108366 0.089293 0.711737
v -4.107748 0.089293 0.710835
v -4.107060 0.089293 0.709967
v -4.106304 0.089293 0.709131
v -4.105671 0.089293 0.708515
v -4.105021 0.089293 0.707969
v -4.104341 0.089293 0.707488
v -4.103618 0.089293 0.707068
v -4.102840 0.089293 0.706708
v -4.101995 0.089293 0.706403
v -4.101070 0.089293 0.706149
v -4.100053 0.089293 0.705945
v -4.098930 0.089293 0.705785
v -4.097689 0.089293 0.705668
v -4.096318 0.089293 0.705588
v -4.094805 0.089293 0.705544
v -4.061533 0.089293 0.704963
v -4.061674 0.089293 0.696873
v -4.096680 0.089293 0.697484
v -4.100335 0.089293 0.697782
v -4.103629 0.089293 0.698516
v -4.106568 0.089293 0.699649
v -4.109160 0.089293 0.701139
v -4.111413 0.089293 0.702950
v -4.113333 0.089293 0.705042
v -4.114930 0.089293 0.707376
v -4.116210 0.089293 0.709913
v -4.117181 0.089293 0.712614
v -4.117850 0.089293 0.715441
v -4.118225 0.089293 0.718354
v -4.118314 0.089293 0.721315
v -4.118057 0.089293 0.725325
v -4.117444 0.089293 0.728975
v -4.116488 0.089293 0.732266
v -4.115206 0.089293 0.735200
v -4.113612 0.089293 0.737777
v -4.111722 0.089293 0.739999
v -4.109550 0.089293 0.741867
v -4.107113 0.089293 0.743381
v -4.104425 0.089293 0.744544
v -4.101501 0.089293 0.745356
v -4.098358 0.089293 0.745818
v -4.095008 0.089293 0.745932
v -4.190208 0.039593 1.642141
v -4.189582 0.075923 1.520336
v -4.190208 0.039593 -0.530939
v -4.190208 0.088865 -0.530939
v -3.141753 0.039593 1.642141
v -3.141753 0.039593 -0.530939
v -3.141753 0.088865 -0.530939
v -4.190208 0.039593 -0.295875
v -4.190208 0.039593 0.350130
v -4.190208 0.039593 0.996135
v -4.190208 0.088865 0.996135
v -4.100766 0.075923 1.637112
v -4.190208 0.088865 0.350130
v -4.190208 0.088865 -0.295875
v -3.141753 0.039593 0.996135
v -3.141753 0.039593 0.350130
v -3.141753 0.039593 -0.295875
v -3.141753 0.088865 -0.295875
v -3.141753 0.088865 0.350130
v -3.141753 0.088865 0.996135
v -3.142380 0.075923 1.520336
v -3.227223 0.075923 1.637112
v -3.141753 0.075923 1.520435
v -3.141753 0.088865 1.520435
v -3.141753 0.075923 1.642141
v -3.224661 0.075923 1.642141
v -3.224661 0.088865 1.642141
v -4.100766 0.088865 1.642141
v -4.190208 0.075923 1.642141
v -4.100766 0.075923 1.642141
v -4.190208 0.088865 1.520435
v -4.189582 0.088865 1.520336
v -4.100766 0.088865 1.637112
v -3.227223 0.088865 1.637112
v -3.142380 0.088865 1.520336
v -4.190208 0.075923 1.520435
v -4.154416 0.075923 1.528574
v -4.170438 0.075923 1.523368
v -4.159344 0.075923 1.526459
v -4.165209 0.075923 1.524554
v -4.131116 0.075923 1.543404
v -4.144745 0.075923 1.533502
v -4.135149 0.075923 1.539870
v -4.140138 0.075923 1.536245
v -4.113539 0.075923 1.564708
v -4.123441 0.075923 1.551079
v -4.116282 0.075923 1.560101
v -4.119907 0.075923 1.555112
v -4.103405 0.075923 1.590401
v -4.108611 0.075923 1.574379
v -4.104591 0.075923 1.585171
v -4.106496 0.075923 1.579307
v -4.100495 0.075923 1.618073
v -4.101707 0.075923 1.601121
v -4.100613 0.075923 1.612680
v -4.101057 0.075923 1.606476
v -3.161524 0.075923 1.523368
v -3.177546 0.075923 1.528574
v -3.166754 0.075923 1.524554
v -3.172618 0.075923 1.526459
v -3.187217 0.075923 1.533502
v -3.200846 0.075923 1.543404
v -3.191824 0.075923 1.536245
v -3.196813 0.075923 1.539870
v -3.208521 0.075923 1.551079
v -3.218423 0.075923 1.564708
v -3.212055 0.075923 1.555112
v -3.215680 0.075923 1.560101
v -3.223351 0.075923 1.574379
v -3.228557 0.075923 1.590401
v -3.225466 0.075923 1.579307
v -3.227371 0.075923 1.585171
v -3.230255 0.075923 1.601122
v -3.230255 0.075923 1.617968
v -3.230743 0.075923 1.606462
v -3.230743 0.075923 1.612628
v -4.170438 0.088865 1.523368
v -4.154416 0.088865 1.528574
v -4.165209 0.088865 1.524554
v -4.159344 0.088865 1.526459
v -4.123441 0.088865 1.551079
v -4.113539 0.088865 1.564708
v -4.119907 0.088865 1.555112
v -4.116282 0.088865 1.560101
v -4.108611 0.088865 1.574379
v -4.103405 0.088865 1.590401
v -4.106496 0.088865 1.579307
v -4.104591 0.088865 1.585171
v -4.144745 0.088865 1.533502
v -4.131116 0.088865 1.543404
v -4.140138 0.088865 1.536245
v -4.135149 0.088865 1.539870
v -3.230255 0.088865 1.617968
v -3.230255 0.088865 1.601122
v -3.230743 0.088865 1.612628
v -3.230743 0.088865 1.606462
v -4.101707 0.088865 1.601121
v -4.100495 0.088865 1.618073
v -4.101057 0.088865 1.606476
v -4.100613 0.088865 1.612680
v -3.228557 0.088865 1.590401
v -3.223351 0.088865 1.574379
v -3.227371 0.088865 1.585171
v -3.225466 0.088865 1.579307
v -3.218423 0.088865 1.564708
v -3.208521 0.088865 1.551079
v -3.215680 0.088865 1.560101
v -3.212055 0.088865 1.555112
v -3.177546 0.088865 1.528574
v -3.161524 0.088865 1.523368
v -3.172618 0.088865 1.526459
v -3.166754 0.088865 1.524554
v -3.200846 0.088865 1.543404
v -3.187217 0.088865 1.533502
v -3.196813 0.088865 1.539870
v -3.191824 0.088865 1.536245
v -3.914796 0.082226 1.516265
v -3.829353 0.202346 1.449790
v -3.776401 0.275393 0.967791
v -3.829353 0.202346 1.423859
v -4.040822 0.082226 1.390239
v -3.947414 0.082226 1.511970
v -3.665981 0.275393 0.784664
v -3.502609 0.202346 1.449790
v -3.977809 0.082226 1.499380
v -3.502609 0.202346 1.423859
v -3.555561 0.275393 0.967791
v -4.003910 0.082226 1.479352
v -4.023938 0.082226 1.453252
v -4.036528 0.082226 1.422857
v -4.040822 0.289775 1.390239
v -3.914796 0.289775 1.516265
v -3.529827 0.202346 1.423859
v -4.036528 0.289775 1.422857
v -3.802135 0.202346 1.423859
v -4.023938 0.289775 1.453252
v -4.003910 0.289775 1.479352
v -3.977809 0.289775 1.499380
v -3.947414 0.289775 1.511970
v -3.802135 0.202346 1.449790
v -4.040822 0.082226 0.892608
v -3.529827 0.202346 1.449790
v -3.766338 0.082226 0.766582
v -4.036528 0.082226 0.859991
v -4.023938 0.082226 0.829595
v -4.003910 0.082226 0.803495
v -3.977809 0.082226 0.783467
v -3.947414 0.082226 0.770877
v -3.766257 0.111660 0.766582
v -4.040822 0.289775 0.892608
v -3.947414 0.289775 0.770877
v -3.977809 0.289775 0.783467
v -4.003910 0.289775 0.803495
v -4.023938 0.289775 0.829595
v -4.036528 0.289775 0.859991
v -3.291140 0.082226 1.390239
v -3.417166 0.082226 1.516265
v -3.295434 0.082226 1.422857
v -3.308024 0.082226 1.453252
v -3.328052 0.082226 1.479352
v -3.354153 0.082226 1.499380
v -3.384548 0.082226 1.511970
v -3.417166 0.289775 1.516265
v -3.291140 0.289775 1.390239
v -3.384548 0.289775 1.511970
v -3.354153 0.289775 1.499380
v -3.328052 0.289775 1.479352
v -3.308024 0.289775 1.453252
v -3.295434 0.289775 1.422857
v -3.565624 0.082226 0.766582
v -3.291140 0.082226 0.892608
v -3.384548 0.082226 0.770877
v -3.354153 0.082226 0.783467
v -3.328052 0.082226 0.803495
v -3.308024 0.082226 0.829595
v -3.295434 0.082226 0.859991
v -3.291140 0.289775 0.892608
v -3.565705 0.111660 0.766582
v -3.295434 0.289775 0.859991
v -3.308024 0.289775 0.829595
v -3.328052 0.289775 0.803495
v -3.354153 0.289775 0.783467
v -3.384548 0.289775 0.770877
v -3.781285 0.082226 1.118488
v -3.763731 0.082226 1.076109
v -3.774595 0.082226 1.096434
v -3.731296 0.082226 1.043674
v -3.688916 0.082226 1.026119
v -3.710970 0.082226 1.032809
v -3.749111 0.082226 1.058294
v -3.783544 0.082226 1.141424
v -3.774595 0.082226 1.186413
v -3.781285 0.082226 1.164359
v -3.665981 0.082226 1.023860
v -3.620991 0.082226 1.032809
v -3.643045 0.082226 1.026119
v -3.763731 0.082226 1.206738
v -3.749111 0.082226 1.224553
v -3.710970 0.082226 1.250038
v -3.688916 0.082226 1.256728
v -3.731296 0.082226 1.239174
v -3.643045 0.082226 1.256728
v -3.665981 0.082226 1.258987
v -3.620991 0.082226 1.250038
v -3.582851 0.082226 1.058294
v -3.568231 0.082226 1.206738
v -3.582851 0.082226 1.224553
v -3.568231 0.082226 1.076109
v -3.548418 0.082226 1.141424
v -3.550677 0.082226 1.118488
v -3.557367 0.082226 1.186413
v -3.550677 0.082226 1.164359
v -3.557367 0.082226 1.096434
v -3.600667 0.082226 1.239174
v -3.600667 0.082226 1.043674
v -3.643045 0.289775 1.026119
v -3.600667 0.289775 1.043674
v -3.620991 0.289775 1.032809
v -3.568231 0.289775 1.076109
v -3.550677 0.289775 1.118488
v -3.557367 0.289775 1.096434
v -3.582851 0.289775 1.058294
v -3.710970 0.289775 1.032809
v -3.688916 0.289775 1.026119
v -3.665981 0.289775 1.023860
v -3.550677 0.289775 1.164359
v -3.557367 0.289775 1.186413
v -3.548418 0.289775 1.141424
v -3.568231 0.289775 1.206738
v -3.783544 0.289775 1.141424
v -3.774595 0.289775 1.186413
v -3.781285 0.289775 1.164359
v -3.781285 0.289775 1.118488
v -3.749111 0.289775 1.224553
v -3.749111 0.289775 1.058294
v -3.763731 0.289775 1.206738
v -3.763731 0.289775 1.076109
v -3.774595 0.289775 1.096434
v -3.688916 0.289775 1.256728
v -3.710970 0.289775 1.250038
v -3.620991 0.289775 1.250038
v -3.643045 0.289775 1.256728
v -3.600667 0.289775 1.239174
v -3.582851 0.289775 1.224553
v -3.665981 0.289775 1.258987
v -3.731296 0.289775 1.239174
v -3.731296 0.289775 1.043674
v -3.914796 0.082226 0.766582
v -3.914796 0.289775 0.766582
v -3.417166 0.082226 0.766582
v -3.417166 0.289775 0.766582
v -3.766338 0.082226 0.387362
v -3.766257 0.111660 0.387362
v -3.565624 0.082226 0.387362
v -3.565705 0.111660 0.387362
v -3.776401 0.289775 0.967791
v -3.692937 0.289775 0.967791
v -3.645270 0.289775 0.967791
v -3.665981 0.289775 0.784664
v -3.555561 0.289775 0.967791
v -3.829353 0.289775 1.516265
v -3.802135 0.289775 1.516265
v -3.502609 0.289775 1.516265
v -3.502609 0.202346 1.516265
v -3.529827 0.289775 1.516265
v -3.529827 0.202346 1.516265
v -3.829353 0.202346 1.516265
v -3.802135 0.202346 1.516265
v -3.829353 0.289775 1.449790
v -3.829353 0.289775 1.423859
v -3.802135 0.289775 1.423859
v -3.802135 0.289775 1.449790
v -3.529827 0.289775 1.449790
v -3.529827 0.289775 1.423859
v -3.502609 0.289775 1.423859
v -3.502609 0.289775 1.449790
v -3.945801 0.223246 0.819928
v -3.945801 0.304539 0.819928
v -3.932496 0.223246 0.822035
v -3.932496 0.304539 0.822035
v -3.920492 0.223246 0.828151
v -3.920492 0.304539 0.828151
v -3.910966 0.223246 0.837677
v -3.910966 0.304539 0.837677
v -3.904850 0.223246 0.849681
v -3.904850 0.304539 0.849681
v -3.902743 0.223246 0.862986
v -3.902743 0.304539 0.862986
v -3.904850 0.223246 0.876292
v -3.904850 0.304539 0.876292
v -3.910966 0.223246 0.888296
v -3.910966 0.304539 0.888296
v -3.920492 0.223246 0.897822
v -3.920492 0.304539 0.897822
v -3.932496 0.223246 0.903938
v -3.932496 0.304539 0.903938
v -3.945801 0.223246 0.906045
v -3.945801 0.304539 0.906045
v -3.959107 0.223246 0.903938
v -3.959107 0.304539 0.903938
v -3.971111 0.223246 0.897822
v -3.971111 0.304539 0.897822
v -3.980637 0.223246 0.888296
v -3.980637 0.304539 0.888296
v -3.986753 0.223246 0.876292
v -3.986753 0.304539 0.876292
v -3.988860 0.223246 0.862986
v -3.988860 0.304539 0.862986
v -3.986753 0.223246 0.849681
v -3.986753 0.304539 0.849681
v -3.980637 0.223246 0.837677
v -3.980637 0.304539 0.837677
v -3.971111 0.223246 0.828151
v -3.971111 0.304539 0.828151
v -3.959107 0.223246 0.822035
v -3.959107 0.304539 0.822035
v -3.934519 0.314969 0.828262
v -3.945801 0.314969 0.826475
v -3.924340 0.314969 0.833448
v -3.916263 0.314969 0.841525
v -3.911077 0.314969 0.851704
v -3.909290 0.314969 0.862986
v -3.911077 0.314969 0.874269
v -3.916263 0.314969 0.884447
v -3.924340 0.314969 0.892525
v -3.934519 0.314969 0.897711
v -3.945801 0.314969 0.899498
v -3.957084 0.314969 0.897711
v -3.967263 0.314969 0.892525
v -3.975340 0.314969 0.884447
v -3.980526 0.314969 0.874269
v -3.982313 0.314969 0.862986
v -3.980526 0.314969 0.851704
v -3.975340 0.314969 0.841525
v -3.967263 0.314969 0.833448
v -3.957084 0.314969 0.828262
v -3.939166 0.324288 0.842565
v -3.945801 0.324288 0.841514
v -3.933180 0.324288 0.845615
v -3.928430 0.324288 0.850365
v -3.925380 0.324288 0.856351
v -3.924329 0.324288 0.862986
v -3.925380 0.324288 0.869622
v -3.928430 0.324288 0.875608
v -3.933180 0.324288 0.880358
v -3.939166 0.324288 0.883408
v -3.945801 0.324288 0.884459
v -3.952437 0.324288 0.883408
v -3.958423 0.324288 0.880358
v -3.963173 0.324288 0.875608
v -3.966223 0.324288 0.869622
v -3.967274 0.324288 0.862986
v -3.966223 0.324288 0.856351
v -3.963173 0.324288 0.850365
v -3.958423 0.324288 0.845615
v -3.952437 0.324288 0.842565
v -3.939166 0.317538 0.842565
v -3.945801 0.317538 0.841514
v -3.933180 0.317538 0.845615
v -3.928430 0.317538 0.850365
v -3.925380 0.317538 0.856351
v -3.924329 0.317538 0.862986
v -3.925380 0.317538 0.869622
v -3.928430 0.317538 0.875608
v -3.933180 0.317538 0.880358
v -3.939166 0.317538 0.883408
v -3.945801 0.317538 0.884459
v -3.952437 0.317538 0.883408
v -3.958423 0.317538 0.880358
v -3.963173 0.317538 0.875608
v -3.966223 0.317538 0.869622
v -3.967274 0.317538 0.862986
v -3.966223 0.317538 0.856351
v -3.963173 0.317538 0.850365
v -3.958423 0.317538 0.845615
v -3.952437 0.317538 0.842565
v -3.386160 0.223246 0.819928
v -3.386160 0.304539 0.819928
v -3.399466 0.223246 0.822035
v -3.399466 0.304539 0.822035
v -3.411469 0.223246 0.828151
v -3.411469 0.304539 0.828151
v -3.420995 0.223246 0.837677
v -3.420995 0.304539 0.837677
v -3.427111 0.223246 0.849681
v -3.427111 0.304539 0.849681
v -3.429219 0.223246 0.862986
v -3.429219 0.304539 0.862986
v -3.427111 0.223246 0.876292
v -3.427111 0.304539 0.876292
v -3.420995 0.223246 0.888296
v -3.420995 0.304539 0.888296
v -3.411469 0.223246 0.897822
v -3.411469 0.304539 0.897822
v -3.399466 0.223246 0.903938
v -3.399466 0.304539 0.903938
v -3.386160 0.223246 0.906045
v -3.386160 0.304539 0.906045
v -3.372854 0.223246 0.903938
v -3.372854 0.304539 0.903938
v -3.360851 0.223246 0.897822
v -3.360851 0.304539 0.897822
v -3.351325 0.223246 0.888296
v -3.351325 0.304539 0.888296
v -3.345209 0.223246 0.876292
v -3.345209 0.304539 0.876292
v -3.343102 0.223246 0.862986
v -3.343102 0.304539 0.862986
v -3.345209 0.223246 0.849681
v -3.345209 0.304539 0.849681
v -3.351325 0.223246 0.837677
v -3.351325 0.304539 0.837677
v -3.360851 0.223246 0.828151
v -3.360851 0.304539 0.828151
v -3.372854 0.223246 0.822035
v -3.372854 0.304539 0.822035
v -3.397443 0.314969 0.828262
v -3.386160 0.314969 0.826475
v -3.407621 0.314969 0.833448
v -3.415699 0.314969 0.841525
v -3.420885 0.314969 0.851704
v -3.422672 0.314969 0.862986
v -3.420885 0.314969 0.874269
v -3.415699 0.314969 0.884447
v -3.407621 0.314969 0.892525
v -3.397443 0.314969 0.897711
v -3.386160 0.314969 0.899498
v -3.374877 0.314969 0.897711
v -3.364699 0.314969 0.892525
v -3.356622 0.314969 0.884447
v -3.351435 0.314969 0.874269
v -3.349648 0.314969 0.862986
v -3.351435 0.314969 0.851704
v -3.356622 0.314969 0.841525
v -3.364699 0.314969 0.833448
v -3.374877 0.314969 0.828262
v -3.392796 0.324288 0.842565
v -3.386160 0.324288 0.841514
v -3.398781 0.324288 0.845615
v -3.403532 0.324288 0.850365
v -3.406582 0.324288 0.856351
v -3.407633 0.324288 0.862986
v -3.406582 0.324288 0.869622
v -3.403532 0.324288 0.875608
v -3.398781 0.324288 0.880358
v -3.392796 0.324288 0.883408
v -3.386160 0.324288 0.884459
v -3.379525 0.324288 0.883408
v -3.373539 0.324288 0.880358
v -3.368788 0.324288 0.875608
v -3.365739 0.324288 0.869622
v -3.364688 0.324288 0.862986
v -3.365739 0.324288 0.856351
v -3.368788 0.324288 0.850365
v -3.373539 0.324288 0.845615
v -3.379525 0.324288 0.842565
v -3.392796 0.317538 0.842565
v -3.386160 0.317538 0.841514
v -3.398781 0.317538 0.845615
v -3.403532 0.317538 0.850365
v -3.406582 0.317538 0.856351
v -3.407633 0.317538 0.862986
v -3.406582 0.317538 0.869622
v -3.403532 0.317538 0.875608
v -3.398781 0.317538 0.880358
v -3.392796 0.317538 0.883408
v -3.386160 0.317538 0.884459
v -3.379525 0.317538 0.883408
v -3.373539 0.317538 0.880358
v -3.368788 0.317538 0.875608
v -3.365739 0.317538 0.869622
v -3.364688 0.317538 0.862986
v -3.365739 0.317538 0.856351
v -3.368788 0.317538 0.850365
v -3.373539 0.317538 0.845615
v -3.379525 0.317538 0.842565
v -3.945801 0.223246 1.462919
v -3.945801 0.304539 1.462919
v -3.932496 0.223246 1.460812
v -3.932496 0.304539 1.460812
v -3.920492 0.223246 1.454696
v -3.920492 0.304539 1.454696
v -3.910966 0.223246 1.445170
v -3.910966 0.304539 1.445170
v -3.904850 0.223246 1.433167
v -3.904850 0.304539 1.433167
v -3.902743 0.223246 1.419861
v -3.902743 0.304539 1.419861
v -3.904850 0.223246 1.406555
v -3.904850 0.304539 1.406555
v -3.910966 0.223246 1.394552
v -3.910966 0.304539 1.394552
v -3.920492 0.223246 1.385026
v -3.920492 0.304539 1.385026
v -3.932496 0.223246 1.378910
v -3.932496 0.304539 1.378910
v -3.945801 0.223246 1.376802
v -3.945801 0.304539 1.376802
v -3.959107 0.223246 1.378910
v -3.959107 0.304539 1.378910
v -3.971111 0.223246 1.385026
v -3.971111 0.304539 1.385026
v -3.980637 0.223246 1.394552
v -3.980637 0.304539 1.394552
v -3.986753 0.223246 1.406555
v -3.986753 0.304539 1.406555
v -3.988860 0.223246 1.419861
v -3.988860 0.304539 1.419861
v -3.986753 0.223246 1.433167
v -3.986753 0.304539 1.433167
v -3.980637 0.223246 1.445170
v -3.980637 0.304539 1.445170
v -3.971111 0.223246 1.454696
v -3.971111 0.304539 1.454696
v -3.959107 0.223246 1.460812
v -3.959107 0.304539 1.460812
v -3.934519 0.314969 1.454586
v -3.945801 0.314969 1.456372
v -3.924340 0.314969 1.449399
v -3.916263 0.314969 1.441322
v -3.911077 0.314969 1.431144
v -3.909290 0.314969 1.419861
v -3.911077 0.314969 1.408578
v -3.916263 0.314969 1.398400
v -3.924340 0.314969 1.390322
v -3.934519 0.314969 1.385136
v -3.945801 0.314969 1.383349
v -3.957084 0.314969 1.385136
v -3.967263 0.314969 1.390322
v -3.975340 0.314969 1.398400
v -3.980526 0.314969 1.408578
v -3.982313 0.314969 1.419861
v -3.980526 0.314969 1.431144
v -3.975340 0.314969 1.441322
v -3.967263 0.314969 1.449399
v -3.957084 0.314969 1.454586
v -3.939166 0.324288 1.440282
v -3.945801 0.324288 1.441333
v -3.933180 0.324288 1.437232
v -3.928430 0.324288 1.432482
v -3.925380 0.324288 1.426496
v -3.924329 0.324288 1.419861
v -3.925380 0.324288 1.413225
v -3.928430 0.324288 1.407240
v -3.933180 0.324288 1.402489
v -3.939166 0.324288 1.399439
v -3.945801 0.324288 1.398388
v -3.952437 0.324288 1.399439
v -3.958423 0.324288 1.402489
v -3.963173 0.324288 1.407240
v -3.966223 0.324288 1.413225
v -3.967274 0.324288 1.419861
v -3.966223 0.324288 1.426496
v -3.963173 0.324288 1.432482
v -3.958423 0.324288 1.437232
v -3.952437 0.324288 1.440282
v -3.939166 0.317538 1.440282
v -3.945801 0.317538 1.441333
v -3.933180 0.317538 1.437232
v -3.928430 0.317538 1.432482
v -3.925380 0.317538 1.426496
v -3.924329 0.317538 1.419861
v -3.925380 0.317538 1.413225
v -3.928430 0.317538 1.407240
v -3.933180 0.317538 1.402489
v -3.939166 0.317538 1.399439
v -3.945801 0.317538 1.398388
v -3.952437 0.317538 1.399439
v -3.958423 0.317538 1.402489
v -3.963173 0.317538 1.407240
v -3.966223 0.317538 1.413225
v -3.967274 0.317538 1.419861
v -3.966223 0.317538 1.426496
v -3.963173 0.317538 1.432482
v -3.958423 0.317538 1.437232
v -3.952437 0.317538 1.440282
v -3.386160 0.223246 1.462919
v -3.386160 0.304539 1.462919
v -3.399466 0.223246 1.460812
v -3.399466 0.304539 1.460812
v -3.411469 0.223246 1.454696
v -3.411469 0.304539 1.454696
v -3.420995 0.223246 1.445170
v -3.420995 0.304539 1.445170
v -3.427111 0.223246 1.433167
v -3.427111 0.304539 1.433167
v -3.429219 0.223246 1.419861
v -3.429219 0.304539 1.419861
v -3.427111 0.223246 1.406555
v -3.427111 0.304539 1.406555
v -3.420995 0.223246 1.394552
v -3.420995 0.304539 1.394552
v -3.411469 0.223246 1.385026
v -3.411469 0.304539 1.385026
v -3.399466 0.223246 1.378909
v -3.399466 0.304539 1.378909
v -3.386160 0.223246 1.376802
v -3.386160 0.304539 1.376802
v -3.372854 0.223246 1.378909
v -3.372854 0.304539 1.378909
v -3.360851 0.223246 1.385026
v -3.360851 0.304539 1.385026
v -3.351325 0.223246 1.394552
v -3.351325 0.304539 1.394552
v -3.345209 0.223246 1.406555
v -3.345209 0.304539 1.406555
v -3.343102 0.223246 1.419861
v -3.343102 0.304539 1.419861
v -3.345209 0.223246 1.433167
v -3.345209 0.304539 1.433167
v -3.351325 0.223246 1.445170
v -3.351325 0.304539 1.445170
v -3.360851 0.223246 1.454696
v -3.360851 0.304539 1.454696
v -3.372854 0.223246 1.460812
v -3.372854 0.304539 1.460812
v -3.397443 0.314969 1.454586
v -3.386160 0.314969 1.456372
v -3.407621 0.314969 1.449399
v -3.415699 0.314969 1.441322
v -3.420885 0.314969 1.431144
v -3.422672 0.314969 1.419861
v -3.420885 0.314969 1.408578
v -3.415699 0.314969 1.398400
v -3.407621 0.314969 1.390322
v -3.397443 0.314969 1.385136
v -3.386160 0.314969 1.383349
v -3.374877 0.314969 1.385136
v -3.364699 0.314969 1.390322
v -3.356622 0.314969 1.398400
v -3.351436 0.314969 1.408578
v -3.349648 0.314969 1.419861
v -3.351435 0.314969 1.431144
v -3.356622 0.314969 1.441322
v -3.364699 0.314969 1.449399
v -3.374877 0.314969 1.454586
v -3.392796 0.324288 1.440282
v -3.386160 0.324288 1.441333
v -3.398782 0.324288 1.437232
v -3.403532 0.324288 1.432482
v -3.406582 0.324288 1.426496
v -3.407633 0.324288 1.419861
v -3.406582 0.324288 1.413225
v -3.403532 0.324288 1.407240
v -3.398782 0.324288 1.402489
v -3.392796 0.324288 1.399439
v -3.386160 0.324288 1.398388
v -3.379525 0.324288 1.399439
v -3.373539 0.324288 1.402489
v -3.368788 0.324288 1.407240
v -3.365739 0.324288 1.413225
v -3.364687 0.324288 1.419861
v -3.365739 0.324288 1.426496
v -3.368788 0.324288 1.432482
v -3.373539 0.324288 1.437232
v -3.379525 0.324288 1.440282
v -3.392796 0.317538 1.440282
v -3.386160 0.317538 1.441333
v -3.398782 0.317538 1.437232
v -3.403532 0.317538 1.432482
v -3.406582 0.317538 1.426496
v -3.407633 0.317538 1.419861
v -3.406582 0.317538 1.413225
v -3.403532 0.317538 1.407240
v -3.398782 0.317538 1.402489
v -3.392796 0.317538 1.399439
v -3.386160 0.317538 1.398388
v -3.379525 0.317538 1.399439
v -3.373539 0.317538 1.402489
v -3.368788 0.317538 1.407240
v -3.365739 0.317538 1.413225
v -3.364687 0.317538 1.419861
v -3.365739 0.317538 1.426496
v -3.368788 0.317538 1.432482
v -3.373539 0.317538 1.437232
v -3.379525 0.317538 1.440282
v -3.769409 0.084166 0.414856
v -3.769409 0.139154 0.414856
v -3.769409 0.084166 0.359867
v -3.769409 0.139154 0.359867
v -3.562553 0.084166 0.414856
v -3.562553 0.139154 0.414856
v -3.562553 0.084166 0.359867
v -3.562553 0.139154 0.359867
v -3.581358 0.084166 0.359867
v -3.600163 0.084166 0.359867
v -3.618968 0.084166 0.359867
v -3.637774 0.084166 0.359867
v -3.656579 0.084166 0.359867
v -3.675384 0.084166 0.359867
v -3.694189 0.084166 0.359867
v -3.712994 0.084166 0.359867
v -3.731799 0.084166 0.359867
v -3.750604 0.084166 0.359867
v -3.750604 0.139154 0.359867
v -3.731799 0.139154 0.359867
v -3.712994 0.139154 0.359867
v -3.694189 0.139154 0.359867
v -3.675384 0.139154 0.359867
v -3.656579 0.139154 0.359867
v -3.637774 0.139154 0.359867
v -3.618968 0.139154 0.359867
v -3.600163 0.139154 0.359867
v -3.581358 0.139154 0.359867
v -3.750604 0.084166 0.414856
v -3.731799 0.084166 0.414856
v -3.712994 0.084166 0.414856
v -3.694189 0.084166 0.414856
v -3.675384 0.084166 0.414856
v -3.656579 0.084166 0.414856
v -3.637774 0.084166 0.414856
v -3.618968 0.084166 0.414856
v -3.600163 0.084166 0.414856
v -3.581358 0.084166 0.414856
v -3.581358 0.139154 0.414856
v -3.600163 0.139154 0.414856
v -3.618968 0.139154 0.414856
v -3.637774 0.139154 0.414856
v -3.656579 0.139154 0.414856
v -3.675384 0.139154 0.414856
v -3.694189 0.139154 0.414856
v -3.712994 0.139154 0.414856
v -3.731799 0.139154 0.414856
v -3.750604 0.139154 0.414856
v -3.769409 0.111354 0.414856
v -3.769409 0.129684 0.414856
v -3.769409 0.129684 0.359867
v -3.769409 0.111354 0.359867
v -3.562553 0.129684 0.359867
v -3.562553 0.111354 0.359867
v -3.562553 0.129684 0.414856
v -3.562553 0.111354 0.414856
v -3.581358 0.129684 0.414856
v -3.581358 0.111354 0.414856
v -3.600163 0.129684 0.414856
v -3.600163 0.111354 0.414856
v -3.618968 0.129684 0.414856
v -3.618968 0.111354 0.414856
v -3.637774 0.129684 0.414856
v -3.637774 0.111354 0.414856
v -3.656579 0.129684 0.414856
v -3.656579 0.111354 0.414856
v -3.675384 0.129684 0.414856
v -3.675384 0.111354 0.414856
v -3.694189 0.129684 0.414856
v -3.694189 0.111354 0.414856
v -3.712994 0.129684 0.414856
v -3.712994 0.111354 0.414856
v -3.731799 0.129684 0.414856
v -3.731799 0.111354 0.414856
v -3.750604 0.129684 0.414856
v -3.750604 0.111354 0.414856
v -3.750604 0.129684 0.359867
v -3.750604 0.111354 0.359867
v -3.731799 0.129684 0.359867
v -3.731799 0.111354 0.359867
v -3.712994 0.129684 0.359867
v -3.712994 0.111354 0.359867
v -3.694189 0.129684 0.359867
v -3.694189 0.111354 0.359867
v -3.675384 0.129684 0.359867
v -3.675384 0.111354 0.359867
v -3.656579 0.129684 0.359867
v -3.656579 0.111354 0.359867
v -3.637774 0.129684 0.359867
v -3.637774 0.111354 0.359867
v -3.618968 0.129684 0.359867
v -3.618968 0.111354 0.359867
v -3.600163 0.129684 0.359867
v -3.600163 0.111354 0.359867
v -3.581358 0.129684 0.359867
v -3.581358 0.111354 0.359867
v -3.750604 0.129684 0.327024
v -3.750604 0.111354 0.327024
v -3.731799 0.129684 0.327024
v -3.731799 0.111354 0.327024
v -3.712994 0.129684 0.327024
v -3.712994 0.111354 0.327024
v -3.694189 0.129684 0.327024
v -3.694189 0.111354 0.327024
v -3.675384 0.129684 0.327024
v -3.675384 0.111354 0.327024
v -3.656579 0.129684 0.327024
v -3.656579 0.111354 0.327024
v -3.637774 0.129684 0.327024
v -3.637774 0.111354 0.327024
v -3.618968 0.129684 0.327024
v -3.618968 0.111354 0.327024
v -3.600163 0.129684 0.327024
v -3.600163 0.111354 0.327024
v -3.581358 0.129684 0.327024
v -3.581358 0.111354 0.327024
v -3.775066 0.084242 0.329705
v -3.765953 0.139078 0.325713
v -3.775066 0.084242 0.274870
v -3.765953 0.139078 0.278861
v -3.556896 0.084242 0.329705
v -3.566009 0.139078 0.325713
v -3.556896 0.084242 0.274870
v -3.566009 0.139078 0.278861
v -3.606363 0.084242 0.274870
v -3.725598 0.084242 0.274870
v -3.746962 0.139078 0.278861
v -3.585000 0.139078 0.278861
v -3.725598 0.084242 0.329705
v -3.606363 0.084242 0.329705
v -3.585000 0.139078 0.325713
v -3.746962 0.139078 0.325713
v -3.775066 0.139078 0.329705
v -3.775066 0.139078 0.274870
v -3.606363 0.139078 0.274870
v -3.556896 0.139078 0.274870
v -3.556896 0.139078 0.329705
v -3.725598 0.139078 0.329705
v -3.725598 0.139078 0.274870
v -3.606363 0.139078 0.329705
v -3.765953 0.127015 0.325713
v -3.765953 0.127015 0.278861
v -3.585000 0.127015 0.278861
v -3.566009 0.127015 0.278861
v -3.566009 0.127015 0.325713
v -3.746962 0.127015 0.325713
v -3.746962 0.127015 0.278861
v -3.585000 0.127015 0.325713
v -3.775066 0.099040 0.329705
v -3.775066 0.099040 0.274870
v -3.556896 0.099040 0.274870
v -3.556896 0.099040 0.329705
v -3.606363 0.099040 0.329705
v -3.725598 0.099040 0.329705
v -3.725598 0.099040 0.274870
v -3.606363 0.099040 0.274870
v -3.556896 0.099040 0.359714
v -3.556896 0.084242 0.359714
v -3.606363 0.084242 0.359714
v -3.775066 0.084242 0.359714
v -3.725598 0.084242 0.359714
v -3.606363 0.099040 0.359714
v -3.725598 0.099040 0.359714
v -3.775066 0.099040 0.359714
v -3.766573 0.078644 -0.259110
v -3.748357 0.078644 -0.277327
v -3.757465 0.078644 -0.261551
v -3.750797 0.078644 -0.268219
v -3.748357 0.155628 -0.277327
v -3.766573 0.155628 -0.259110
v -3.750797 0.155628 -0.268219
v -3.757465 0.155628 -0.261551
v -3.748357 0.078644 -0.317878
v -3.766573 0.078644 -0.336095
v -3.750797 0.078644 -0.326986
v -3.757465 0.078644 -0.333654
v -3.766573 0.155628 -0.336095
v -3.748357 0.155628 -0.317878
v -3.757465 0.155628 -0.333654
v -3.750797 0.155628 -0.326986
v -3.825341 0.078644 -0.277327
v -3.807125 0.078644 -0.259110
v -3.822901 0.078644 -0.268219
v -3.816233 0.078644 -0.261551
v -3.807125 0.155628 -0.259110
v -3.825341 0.155628 -0.277327
v -3.816233 0.155628 -0.261551
v -3.822901 0.155628 -0.268219
v -3.807125 0.078644 -0.336095
v -3.825341 0.078644 -0.317878
v -3.816233 0.078644 -0.333654
v -3.822901 0.078644 -0.326986
v -3.825341 0.155628 -0.317878
v -3.807125 0.155628 -0.336095
v -3.822901 0.155628 -0.326986
v -3.816233 0.155628 -0.333654
v -3.773061 0.141841 -0.283815
v -3.774593 0.338666 -0.285347
v -3.773061 0.141841 -0.311390
v -3.774593 0.338666 -0.309859
v -3.800637 0.141841 -0.283815
v -3.799105 0.338666 -0.285346
v -3.800637 0.141841 -0.311390
v -3.799105 0.338666 -0.309859
v -3.773061 0.330910 -0.283815
v -3.773061 0.330910 -0.311390
v -3.800637 0.330910 -0.311390
v -3.800637 0.330910 -0.283815
v -3.779152 0.349919 -0.289906
v -3.779152 0.349919 -0.305300
v -3.794546 0.349919 -0.305300
v -3.794546 0.349919 -0.289905
v -3.784791 0.360325 -0.295544
v -3.784791 0.360325 -0.299661
v -3.788908 0.360325 -0.299661
v -3.788908 0.360325 -0.295544
v -3.874351 0.078644 -0.259110
v -3.856135 0.078644 -0.277327
v -3.865243 0.078644 -0.261551
v -3.858575 0.078644 -0.268219
v -3.856135 0.155628 -0.277327
v -3.874351 0.155628 -0.259110
v -3.858575 0.155628 -0.268219
v -3.865243 0.155628 -0.261551
v -3.856135 0.078644 -0.317878
v -3.874351 0.078644 -0.336095
v -3.858575 0.078644 -0.326987
v -3.865243 0.078644 -0.333654
v -3.874351 0.155628 -0.336095
v -3.856135 0.155628 -0.317878
v -3.865243 0.155628 -0.333654
v -3.858575 0.155628 -0.326987
v -3.933119 0.078644 -0.277327
v -3.914903 0.078644 -0.259110
v -3.930679 0.078644 -0.268219
v -3.924011 0.078644 -0.261551
v -3.914903 0.155628 -0.259110
v -3.933119 0.155628 -0.277327
v -3.924011 0.155628 -0.261551
v -3.930679 0.155628 -0.268219
v -3.914903 0.078644 -0.336095
v -3.933119 0.078644 -0.317878
v -3.924011 0.078644 -0.333654
v -3.930679 0.078644 -0.326986
v -3.933119 0.155628 -0.317878
v -3.914903 0.155628 -0.336095
v -3.930679 0.155628 -0.326986
v -3.924011 0.155628 -0.333654
v -3.880839 0.141841 -0.283815
v -3.882371 0.338666 -0.285347
v -3.880839 0.141841 -0.311390
v -3.882371 0.338666 -0.309859
v -3.908415 0.141841 -0.283815
v -3.906883 0.338666 -0.285347
v -3.908415 0.141841 -0.311390
v -3.906883 0.338666 -0.309859
v -3.880839 0.330910 -0.283815
v -3.880839 0.330910 -0.311390
v -3.908415 0.330910 -0.311390
v -3.908415 0.330910 -0.283815
v -3.886930 0.349919 -0.289905
v -3.886930 0.349919 -0.305300
v -3.902324 0.349919 -0.305300
v -3.902324 0.349919 -0.289905
v -3.892569 0.360325 -0.295544
v -3.892569 0.360325 -0.299661
v -3.896686 0.360325 -0.299661
v -3.896686 0.360325 -0.295544
v -3.982129 0.078644 -0.259110
v -3.963913 0.078644 -0.277327
v -3.973021 0.078644 -0.261551
v -3.966353 0.078644 -0.268219
v -3.963913 0.155628 -0.277327
v -3.982129 0.155628 -0.259110
v -3.966353 0.155628 -0.268219
v -3.973021 0.155628 -0.261551
v -3.963913 0.078644 -0.317878
v -3.982129 0.078644 -0.336095
v -3.966353 0.078644 -0.326986
v -3.973021 0.078644 -0.333654
v -3.982129 0.155628 -0.336095
v -3.963913 0.155628 -0.317878
v -3.973021 0.155628 -0.333654
v -3.966353 0.155628 -0.326986
v -4.040897 0.078644 -0.277327
v -4.022681 0.078644 -0.259110
v -4.038456 0.078644 -0.268219
v -4.031789 0.078644 -0.261551
v -4.022681 0.155628 -0.259110
v -4.040897 0.155628 -0.277327
v -4.031789 0.155628 -0.261551
v -4.038456 0.155628 -0.268219
v -4.022681 0.078644 -0.336095
v -4.040897 0.078644 -0.317878
v -4.031789 0.078644 -0.333654
v -4.038456 0.078644 -0.326987
v -4.040897 0.155628 -0.317878
v -4.022681 0.155628 -0.336095
v -4.038456 0.155628 -0.326987
v -4.031789 0.155628 -0.333654
v -3.988617 0.141841 -0.283815
v -3.990149 0.338666 -0.285347
v -3.988617 0.141841 -0.311390
v -3.990149 0.338666 -0.309859
v -4.016192 0.141841 -0.283815
v -4.014661 0.338666 -0.285347
v -4.016192 0.141841 -0.311390
v -4.014661 0.338666 -0.309859
v -3.988617 0.330910 -0.283815
v -3.988617 0.330910 -0.311390
v -4.016192 0.330910 -0.311390
v -4.016192 0.330910 -0.283815
v -3.994708 0.349919 -0.289906
v -3.994708 0.349919 -0.305300
v -4.010102 0.349919 -0.305300
v -4.010102 0.349919 -0.289906
v -4.000347 0.360325 -0.295544
v -4.000347 0.360325 -0.299661
v -4.004464 0.360325 -0.299661
v -4.004464 0.360325 -0.295544
v -4.089907 0.078644 -0.259110
v -4.071691 0.078644 -0.277327
v -4.080799 0.078644 -0.261551
v -4.074131 0.078644 -0.268219
v -4.071691 0.155628 -0.277327
v -4.089907 0.155628 -0.259110
v -4.074131 0.155628 -0.268219
v -4.080799 0.155628 -0.261551
v -4.071691 0.078644 -0.317878
v -4.089908 0.078644 -0.336095
v -4.074131 0.078644 -0.326986
v -4.080799 0.078644 -0.333654
v -4.089908 0.155628 -0.336095
v -4.071691 0.155628 -0.317878
v -4.080799 0.155628 -0.333654
v -4.074131 0.155628 -0.326986
v -4.148675 0.078644 -0.277327
v -4.130459 0.078644 -0.259111
v -4.146235 0.078644 -0.268219
v -4.139567 0.078644 -0.261551
v -4.130459 0.155628 -0.259111
v -4.148675 0.155628 -0.277327
v -4.139567 0.155628 -0.261551
v -4.146235 0.155628 -0.268219
v -4.130459 0.078644 -0.336095
v -4.148675 0.078644 -0.317878
v -4.139567 0.078644 -0.333654
v -4.146235 0.078644 -0.326986
v -4.148675 0.155628 -0.317878
v -4.130459 0.155628 -0.336095
v -4.146235 0.155628 -0.326986
v -4.139567 0.155628 -0.333654
v -4.096395 0.141841 -0.283815
v -4.097927 0.338666 -0.285346
v -4.096395 0.141841 -0.311390
v -4.097927 0.338666 -0.309859
v -4.123971 0.141841 -0.283815
v -4.122439 0.338666 -0.285347
v -4.123971 0.141841 -0.311390
v -4.122439 0.338666 -0.309859
v -4.096395 0.330910 -0.283815
v -4.096395 0.330910 -0.311390
v -4.123971 0.330910 -0.311390
v -4.123971 0.330910 -0.283815
v -4.102486 0.349919 -0.289906
v -4.102486 0.349919 -0.305300
v -4.117880 0.349919 -0.305300
v -4.117880 0.349919 -0.289906
v -4.108124 0.360325 -0.295544
v -4.108124 0.360325 -0.299661
v -4.112241 0.360325 -0.299661
v -4.112241 0.360325 -0.295544
v -3.766573 0.078644 -0.366889
v -3.748357 0.078644 -0.385105
v -3.757465 0.078644 -0.369329
v -3.750797 0.078644 -0.375997
v -3.748357 0.155628 -0.385105
v -3.766573 0.155628 -0.366889
v -3.750797 0.155628 -0.375997
v -3.757465 0.155628 -0.369329
v -3.748357 0.078644 -0.425656
v -3.766573 0.078644 -0.443873
v -3.750797 0.078644 -0.434765
v -3.757465 0.078644 -0.441432
v -3.766573 0.155628 -0.443873
v -3.748357 0.155628 -0.425656
v -3.757465 0.155628 -0.441432
v -3.750797 0.155628 -0.434765
v -3.825341 0.078644 -0.385105
v -3.807125 0.078644 -0.366888
v -3.822901 0.078644 -0.375997
v -3.816233 0.078644 -0.369329
v -3.807125 0.155628 -0.366888
v -3.825341 0.155628 -0.385105
v -3.816233 0.155628 -0.369329
v -3.822901 0.155628 -0.375997
v -3.807125 0.078644 -0.443873
v -3.825341 0.078644 -0.425656
v -3.816233 0.078644 -0.441432
v -3.822901 0.078644 -0.434764
v -3.825341 0.155628 -0.425656
v -3.807125 0.155628 -0.443873
v -3.822901 0.155628 -0.434764
v -3.816233 0.155628 -0.441432
v -3.773061 0.141841 -0.391593
v -3.774593 0.338666 -0.393124
v -3.773061 0.141841 -0.419168
v -3.774593 0.338666 -0.417637
v -3.800637 0.141841 -0.391593
v -3.799105 0.338666 -0.393124
v -3.800637 0.141841 -0.419168
v -3.799105 0.338666 -0.417637
v -3.773061 0.330910 -0.391593
v -3.773061 0.330910 -0.419168
v -3.800637 0.330910 -0.419168
v -3.800637 0.330910 -0.391593
v -3.779152 0.349919 -0.397684
v -3.779152 0.349919 -0.413078
v -3.794546 0.349919 -0.413078
v -3.794546 0.349919 -0.397684
v -3.784791 0.360325 -0.403322
v -3.784791 0.360325 -0.407439
v -3.788908 0.360325 -0.407439
v -3.788908 0.360325 -0.403322
v -3.874351 0.078644 -0.366888
v -3.856135 0.078644 -0.385105
v -3.865243 0.078644 -0.369329
v -3.858575 0.078644 -0.375997
v -3.856135 0.155628 -0.385105
v -3.874351 0.155628 -0.366888
v -3.858575 0.155628 -0.375997
v -3.865243 0.155628 -0.369329
v -3.856135 0.078644 -0.425656
v -3.874351 0.078644 -0.443873
v -3.858575 0.078644 -0.434765
v -3.865243 0.078644 -0.441432
v -3.874351 0.155628 -0.443873
v -3.856135 0.155628 -0.425656
v -3.865243 0.155628 -0.441432
v -3.858575 0.155628 -0.434765
v -3.933119 0.078644 -0.385105
v -3.914903 0.078644 -0.366888
v -3.930679 0.078644 -0.375997
v -3.924011 0.078644 -0.369329
v -3.914903 0.155628 -0.366888
v -3.933119 0.155628 -0.385105
v -3.924011 0.155628 -0.369329
v -3.930679 0.155628 -0.375997
v -3.914903 0.078644 -0.443873
v -3.933119 0.078644 -0.425656
v -3.924011 0.078644 -0.441432
v -3.930679 0.078644 -0.434765
v -3.933119 0.155628 -0.425656
v -3.914903 0.155628 -0.443873
v -3.930679 0.155628 -0.434765
v -3.924011 0.155628 -0.441432
v -3.880839 0.141841 -0.391593
v -3.882371 0.338666 -0.393124
v -3.880839 0.141841 -0.419168
v -3.882371 0.338666 -0.417637
v -3.908415 0.141841 -0.391593
v -3.906883 0.338666 -0.393124
v -3.908415 0.141841 -0.419168
v -3.906883 0.338666 -0.417637
v -3.880839 0.330910 -0.391593
v -3.880839 0.330910 -0.419168
v -3.908415 0.330910 -0.419168
v -3.908415 0.330910 -0.391593
v -3.886930 0.349919 -0.397684
v -3.886930 0.349919 -0.413078
v -3.902324 0.349919 -0.413078
v -3.902324 0.349919 -0.397683
v -3.892569 0.360325 -0.403322
v -3.892569 0.360325 -0.407439
v -3.896686 0.360325 -0.407439
v -3.896686 0.360325 -0.403322
v -3.982129 0.078644 -0.366888
v -3.963913 0.078644 -0.385105
v -3.973021 0.078644 -0.369329
v -3.966353 0.078644 -0.375997
v -3.963913 0.155628 -0.385105
v -3.982129 0.155628 -0.366888
v -3.966353 0.155628 -0.375997
v -3.973021 0.155628 -0.369329
v -3.963913 0.078644 -0.425656
v -3.982129 0.078644 -0.443873
v -3.966353 0.078644 -0.434765
v -3.973021 0.078644 -0.441432
v -3.982129 0.155628 -0.443873
v -3.963913 0.155628 -0.425656
v -3.973021 0.155628 -0.441432
v -3.966353 0.155628 -0.434765
v -4.040897 0.078644 -0.385105
v -4.022681 0.078644 -0.366889
v -4.038456 0.078644 -0.375997
v -4.031789 0.078644 -0.369329
v -4.022681 0.155628 -0.366889
v -4.040897 0.155628 -0.385105
v -4.031789 0.155628 -0.369329
v -4.038456 0.155628 -0.375997
v -4.022681 0.078644 -0.443873
v -4.040897 0.078644 -0.425656
v -4.031789 0.078644 -0.441432
v -4.038456 0.078644 -0.434765
v -4.040897 0.155628 -0.425656
v -4.022681 0.155628 -0.443873
v -4.038456 0.155628 -0.434765
v -4.031789 0.155628 -0.441432
v -3.988617 0.141841 -0.391593
v -3.990149 0.338666 -0.393124
v -3.988617 0.141841 -0.419168
v -3.990149 0.338666 -0.417637
v -4.016192 0.141841 -0.391593
v -4.014661 0.338666 -0.393124
v -4.016192 0.141841 -0.419168
v -4.014661 0.338666 -0.417637
v -3.988617 0.330910 -0.391593
v -3.988617 0.330910 -0.419168
v -4.016192 0.330910 -0.419168
v -4.016192 0.330910 -0.391593
v -3.994708 0.349919 -0.397684
v -3.994708 0.349919 -0.413078
v -4.010102 0.349919 -0.413078
v -4.010102 0.349919 -0.397684
v -4.000347 0.360325 -0.403322
v -4.000347 0.360325 -0.407439
v -4.004464 0.360325 -0.407439
v -4.004464 0.360325 -0.403322
v -4.089907 0.078644 -0.366888
v -4.071691 0.078644 -0.385105
v -4.080799 0.078644 -0.369329
v -4.074131 0.078644 -0.375997
v -4.071691 0.155628 -0.385105
v -4.089907 0.155628 -0.366888
v -4.074131 0.155628 -0.375997
v -4.080799 0.155628 -0.369329
v -4.071691 0.078644 -0.425656
v -4.089908 0.078644 -0.443873
v -4.074131 0.078644 -0.434764
v -4.080799 0.078644 -0.441432
v -4.089908 0.155628 -0.443873
v -4.071691 0.155628 -0.425656
v -4.080799 0.155628 -0.441432
v -4.074131 0.155628 -0.434764
v -4.148675 0.078644 -0.385105
v -4.130459 0.078644 -0.366889
v -4.146235 0.078644 -0.375997
v -4.139567 0.078644 -0.369329
v -4.130459 0.155628 -0.366889
v -4.148675 0.155628 -0.385105
v -4.139567 0.155628 -0.369329
v -4.146235 0.155628 -0.375997
v -4.130459 0.078644 -0.443873
v -4.148675 0.078644 -0.425656
v -4.139567 0.078644 -0.441432
v -4.146235 0.078644 -0.434765
v -4.148675 0.155628 -0.425656
v -4.130459 0.155628 -0.443873
v -4.146235 0.155628 -0.434765
v -4.139567 0.155628 -0.441432
v -4.096395 0.141841 -0.391593
v -4.097927 0.338666 -0.393125
v -4.096395 0.141841 -0.419168
v -4.097927 0.338666 -0.417637
v -4.123971 0.141841 -0.391593
v -4.122439 0.338666 -0.393125
v -4.123971 0.141841 -0.419168
v -4.122439 0.338666 -0.417637
v -4.096395 0.330910 -0.391593
v -4.096395 0.330910 -0.419168
v -4.123971 0.330910 -0.419168
v -4.123971 0.330910 -0.391593
v -4.102486 0.349919 -0.397684
v -4.102486 0.349919 -0.413078
v -4.117880 0.349919 -0.413078
v -4.117880 0.349919 -0.397684
v -4.108124 0.360325 -0.403322
v -4.108124 0.360325 -0.407439
v -4.112241 0.360325 -0.407439
v -4.112241 0.360325 -0.403322
v -4.109765 0.090917 -0.137020
v -4.141460 0.090917 -0.147319
v -4.141460 0.090917 -0.180644
v -4.109765 0.090917 -0.190943
v -4.090176 0.090917 -0.163982
v -4.118525 0.132555 -0.163982
v -4.090271 0.086982 -0.154801
v -4.090271 0.086982 -0.173162
v -4.118525 0.086982 -0.134274
v -4.101063 0.086982 -0.139948
v -4.146779 0.086982 -0.154802
v -4.135987 0.086982 -0.139948
v -4.135987 0.086982 -0.188016
v -4.146779 0.086982 -0.173162
v -4.101063 0.086982 -0.188016
v -4.118525 0.086982 -0.193689
v -4.097602 0.092099 -0.148780
v -4.126517 0.092099 -0.139385
v -4.144387 0.092099 -0.163982
v -4.126517 0.092099 -0.188578
v -4.097602 0.092099 -0.179183
v -4.112673 0.100043 -0.145970
v -4.099586 0.100042 -0.163982
v -4.133847 0.100043 -0.152850
v -4.133847 0.100043 -0.175113
v -4.112673 0.100043 -0.181993
v -3.202937 0.090917 -0.048715
v -3.234632 0.090917 -0.059013
v -3.234632 0.090917 -0.092339
v -3.202937 0.090917 -0.102638
v -3.183348 0.090917 -0.075676
v -3.211697 0.132555 -0.075676
v -3.183443 0.086982 -0.066496
v -3.183443 0.086982 -0.084856
v -3.211697 0.086982 -0.045969
v -3.194235 0.086982 -0.051642
v -3.239951 0.086982 -0.066496
v -3.229159 0.086982 -0.051642
v -3.229159 0.086982 -0.099710
v -3.239951 0.086982 -0.084857
v -3.194235 0.086982 -0.099710
v -3.211697 0.086982 -0.105384
v -3.190774 0.092099 -0.060475
v -3.219689 0.092099 -0.051080
v -3.237559 0.092099 -0.075676
v -3.219689 0.092099 -0.100273
v -3.190774 0.092099 -0.090878
v -3.205845 0.100043 -0.057665
v -3.192758 0.100042 -0.075676
v -3.227019 0.100043 -0.064545
v -3.227019 0.100043 -0.086808
v -3.205845 0.100043 -0.093688
v -3.202937 0.090917 0.022583
v -3.234632 0.090917 0.012285
v -3.234632 0.090917 -0.021041
v -3.202937 0.090917 -0.031339
v -3.183348 0.090917 -0.004378
v -3.211697 0.132555 -0.004378
v -3.183443 0.086982 0.004802
v -3.183443 0.086982 -0.013558
v -3.211697 0.086982 0.025330
v -3.194235 0.086982 0.019656
v -3.239951 0.086982 0.004802
v -3.229159 0.086982 0.019656
v -3.229159 0.086982 -0.028412
v -3.239951 0.086982 -0.013558
v -3.194235 0.086982 -0.028412
v -3.211697 0.086982 -0.034086
v -3.190774 0.092099 0.010823
v -3.219689 0.092099 0.020218
v -3.237559 0.092099 -0.004378
v -3.219689 0.092099 -0.028974
v -3.190774 0.092099 -0.019579
v -3.205845 0.100043 0.013634
v -3.192758 0.100042 -0.004378
v -3.227019 0.100043 0.006754
v -3.227019 0.100043 -0.015510
v -3.205845 0.100043 -0.022390
v -3.202937 0.090917 0.093882
v -3.234632 0.090917 0.083583
v -3.234632 0.090917 0.050258
v -3.202937 0.090917 0.039959
v -3.183348 0.090917 0.066921
v -3.211697 0.132555 0.066921
v -3.183443 0.086982 0.076101
v -3.183443 0.086982 0.057740
v -3.211697 0.086982 0.096628
v -3.194235 0.086982 0.090955
v -3.239951 0.086982 0.076101
v -3.229159 0.086982 0.090955
v -3.229159 0.086982 0.042886
v -3.239951 0.086982 0.057741
v -3.194235 0.086982 0.042886
v -3.211697 0.086982 0.037213
v -3.190774 0.092099 0.082122
v -3.219689 0.092099 0.091517
v -3.237559 0.092099 0.066920
v -3.219689 0.092099 0.042324
v -3.190774 0.092099 0.051719
v -3.205845 0.100043 0.084932
v -3.192758 0.100042 0.066921
v -3.227019 0.100043 0.078052
v -3.227019 0.100043 0.055789
v -3.205845 0.100043 0.048909
v -3.202937 0.090917 0.165180
v -3.234632 0.090917 0.154882
v -3.234632 0.090917 0.121556
v -3.202937 0.090917 0.111258
v -3.183348 0.090917 0.138219
v -3.211697 0.132555 0.138219
v -3.183443 0.086982 0.147399
v -3.183443 0.086982 0.129039
v -3.211697 0.086982 0.167927
v -3.194235 0.086982 0.162253
v -3.239951 0.086982 0.147399
v -3.229159 0.086982 0.162253
v -3.229159 0.086982 0.114185
v -3.239951 0.086982 0.129039
v -3.194235 0.086982 0.114185
v -3.211697 0.086982 0.108511
v -3.190774 0.092099 0.153420
v -3.219689 0.092099 0.162815
v -3.237559 0.092099 0.138219
v -3.219689 0.092099 0.113623
v -3.190774 0.092099 0.123017
v -3.205845 0.100043 0.156231
v -3.192758 0.100042 0.138219
v -3.227019 0.100043 0.149351
v -3.227019 0.100043 0.127087
v -3.205845 0.100043 0.120207
v -3.202937 0.090917 0.236479
v -3.234632 0.090917 0.226180
v -3.234632 0.090917 0.192855
v -3.202937 0.090917 0.182556
v -3.183348 0.090917 0.209517
v -3.211697 0.132555 0.209517
v -3.183443 0.086982 0.218698
v -3.183443 0.086982 0.200337
v -3.211697 0.086982 0.239225
v -3.194235 0.086982 0.233551
v -3.239951 0.086982 0.218697
v -3.229159 0.086982 0.233551
v -3.229159 0.086982 0.185483
v -3.239951 0.086982 0.200337
v -3.194235 0.086982 0.185483
v -3.211697 0.086982 0.179810
v -3.190774 0.092099 0.224719
v -3.219689 0.092099 0.234114
v -3.237559 0.092099 0.209517
v -3.219689 0.092099 0.184921
v -3.190774 0.092099 0.194316
v -3.205845 0.100043 0.227529
v -3.192758 0.100042 0.209517
v -3.227019 0.100043 0.220649
v -3.227019 0.100043 0.198386
v -3.205845 0.100043 0.191506
v -3.202937 0.090917 0.307777
v -3.234632 0.090917 0.297479
v -3.234632 0.090917 0.264153
v -3.202937 0.090917 0.253855
v -3.183348 0.090917 0.280816
v -3.211697 0.132555 0.280816
v -3.183443 0.086982 0.289996
v -3.183443 0.086982 0.271636
v -3.211697 0.086982 0.310524
v -3.194235 0.086982 0.304850
v -3.239951 0.086982 0.289996
v -3.229159 0.086982 0.304850
v -3.229159 0.086982 0.256782
v -3.239951 0.086982 0.271636
v -3.194235 0.086982 0.256782
v -3.211697 0.086982 0.251108
v -3.190774 0.092099 0.296017
v -3.219689 0.092099 0.305412
v -3.237559 0.092099 0.280816
v -3.219689 0.092099 0.256220
v -3.190774 0.092099 0.265614
v -3.205845 0.100043 0.298828
v -3.192758 0.100042 0.280816
v -3.227019 0.100043 0.291948
v -3.227019 0.100043 0.269684
v -3.205845 0.100043 0.262804
v -3.202937 0.090917 0.379076
v -3.234632 0.090917 0.368777
v -3.234632 0.090917 0.335451
v -3.202937 0.090917 0.325153
v -3.183348 0.090917 0.352114
v -3.211697 0.132555 0.352114
v -3.183443 0.086982 0.361294
v -3.183443 0.086982 0.342934
v -3.211697 0.086982 0.381822
v -3.194235 0.086982 0.376148
v -3.239951 0.086982 0.361294
v -3.229159 0.086982 0.376148
v -3.229159 0.086982 0.328080
v -3.239951 0.086982 0.342934
v -3.194235 0.086982 0.328080
v -3.211697 0.086982 0.322407
v -3.190774 0.092099 0.367316
v -3.219689 0.092099 0.376711
v -3.237559 0.092099 0.352114
v -3.219689 0.092099 0.327518
v -3.190774 0.092099 0.336913
v -3.205845 0.100043 0.370126
v -3.192758 0.100042 0.352114
v -3.227019 0.100043 0.363246
v -3.227019 0.100043 0.340983
v -3.205845 0.100043 0.334103
v -3.574546 0.078644 -0.259110
v -3.592762 0.078644 -0.277327
v -3.583654 0.078644 -0.261551
v -3.590322 0.078644 -0.268219
v -3.592762 0.155628 -0.277327
v -3.574546 0.155628 -0.259110
v -3.590322 0.155628 -0.268219
v -3.583654 0.155628 -0.261551
v -3.592762 0.078644 -0.317878
v -3.574546 0.078644 -0.336095
v -3.590322 0.078644 -0.326986
v -3.583654 0.078644 -0.333654
v -3.574546 0.155628 -0.336095
v -3.592762 0.155628 -0.317878
v -3.583654 0.155628 -0.333654
v -3.590322 0.155628 -0.326986
v -3.515778 0.078644 -0.277327
v -3.533995 0.078644 -0.259110
v -3.518219 0.078644 -0.268219
v -3.524886 0.078644 -0.261551
v -3.533995 0.155628 -0.259110
v -3.515778 0.155628 -0.277327
v -3.524886 0.155628 -0.261551
v -3.518219 0.155628 -0.268219
v -3.533995 0.078644 -0.336095
v -3.515778 0.078644 -0.317878
v -3.524886 0.078644 -0.333654
v -3.518219 0.078644 -0.326986
v -3.515778 0.155628 -0.317878
v -3.533995 0.155628 -0.336095
v -3.518219 0.155628 -0.326986
v -3.524886 0.155628 -0.333654
v -3.568058 0.141841 -0.283815
v -3.566526 0.338666 -0.285347
v -3.568058 0.141841 -0.311390
v -3.566526 0.338666 -0.309859
v -3.540483 0.141841 -0.283815
v -3.542014 0.338666 -0.285346
v -3.540483 0.141841 -0.311390
v -3.542014 0.338666 -0.309859
v -3.568058 0.330910 -0.283815
v -3.568058 0.330910 -0.311390
v -3.540483 0.330910 -0.311390
v -3.540483 0.330910 -0.283815
v -3.561967 0.349919 -0.289906
v -3.561967 0.349919 -0.305300
v -3.546573 0.349919 -0.305300
v -3.546573 0.349919 -0.289905
v -3.556329 0.360325 -0.295544
v -3.556329 0.360325 -0.299661
v -3.552212 0.360325 -0.299661
v -3.552212 0.360325 -0.295544
v -3.466768 0.078644 -0.259110
v -3.484984 0.078644 -0.277327
v -3.475876 0.078644 -0.261551
v -3.482544 0.078644 -0.268219
v -3.484984 0.155628 -0.277327
v -3.466768 0.155628 -0.259110
v -3.482544 0.155628 -0.268219
v -3.475876 0.155628 -0.261551
v -3.484984 0.078644 -0.317878
v -3.466768 0.078644 -0.336095
v -3.482544 0.078644 -0.326987
v -3.475876 0.078644 -0.333654
v -3.466768 0.155628 -0.336095
v -3.484984 0.155628 -0.317878
v -3.475876 0.155628 -0.333654
v -3.482544 0.155628 -0.326987
v -3.408000 0.078644 -0.277327
v -3.426217 0.078644 -0.259110
v -3.410441 0.078644 -0.268219
v -3.417108 0.078644 -0.261551
v -3.426217 0.155628 -0.259110
v -3.408000 0.155628 -0.277327
v -3.417108 0.155628 -0.261551
v -3.410441 0.155628 -0.268219
v -3.426217 0.078644 -0.336095
v -3.408000 0.078644 -0.317878
v -3.417108 0.078644 -0.333654
v -3.410441 0.078644 -0.326986
v -3.408000 0.155628 -0.317878
v -3.426217 0.155628 -0.336095
v -3.410441 0.155628 -0.326986
v -3.417108 0.155628 -0.333654
v -3.460280 0.141841 -0.283815
v -3.458748 0.338666 -0.285347
v -3.460280 0.141841 -0.311390
v -3.458748 0.338666 -0.309859
v -3.432705 0.141841 -0.283815
v -3.434236 0.338666 -0.285347
v -3.432705 0.141841 -0.311390
v -3.434236 0.338666 -0.309859
v -3.460280 0.330910 -0.283815
v -3.460280 0.330910 -0.311390
v -3.432705 0.330910 -0.311390
v -3.432705 0.330910 -0.283815
v -3.454189 0.349919 -0.289906
v -3.454189 0.349919 -0.305300
v -3.438795 0.349919 -0.305300
v -3.438795 0.349919 -0.289906
v -3.448551 0.360325 -0.295544
v -3.448551 0.360325 -0.299661
v -3.444434 0.360325 -0.299661
v -3.444434 0.360325 -0.295544
v -3.358990 0.078644 -0.259110
v -3.377206 0.078644 -0.277327
v -3.368098 0.078644 -0.261551
v -3.374766 0.078644 -0.268219
v -3.377206 0.155628 -0.277327
v -3.358990 0.155628 -0.259110
v -3.374766 0.155628 -0.268219
v -3.368098 0.155628 -0.261551
v -3.377206 0.078644 -0.317878
v -3.358990 0.078644 -0.336095
v -3.374766 0.078644 -0.326986
v -3.368098 0.078644 -0.333654
v -3.358990 0.155628 -0.336095
v -3.377206 0.155628 -0.317878
v -3.368098 0.155628 -0.333654
v -3.374766 0.155628 -0.326986
v -3.300222 0.078644 -0.277327
v -3.318439 0.078644 -0.259110
v -3.302663 0.078644 -0.268219
v -3.309330 0.078644 -0.261551
v -3.318439 0.155628 -0.259110
v -3.300222 0.155628 -0.277327
v -3.309330 0.155628 -0.261551
v -3.302663 0.155628 -0.268219
v -3.318439 0.078644 -0.336095
v -3.300222 0.078644 -0.317878
v -3.309330 0.078644 -0.333654
v -3.302663 0.078644 -0.326987
v -3.300222 0.155628 -0.317878
v -3.318439 0.155628 -0.336095
v -3.302663 0.155628 -0.326987
v -3.309330 0.155628 -0.333654
v -3.352502 0.141841 -0.283815
v -3.350970 0.338666 -0.285347
v -3.352502 0.141841 -0.311390
v -3.350970 0.338666 -0.309859
v -3.324927 0.141841 -0.283815
v -3.326458 0.338666 -0.285347
v -3.324927 0.141841 -0.311390
v -3.326458 0.338666 -0.309859
v -3.352502 0.330910 -0.283815
v -3.352502 0.330910 -0.311390
v -3.324927 0.330910 -0.311390
v -3.324927 0.330910 -0.283815
v -3.346411 0.349919 -0.289905
v -3.346411 0.349919 -0.305300
v -3.331017 0.349919 -0.305300
v -3.331017 0.349919 -0.289906
v -3.340773 0.360325 -0.295544
v -3.340773 0.360325 -0.299661
v -3.336656 0.360325 -0.299661
v -3.336656 0.360325 -0.295544
v -3.251212 0.078644 -0.259110
v -3.269428 0.078644 -0.277327
v -3.260320 0.078644 -0.261551
v -3.266988 0.078644 -0.268219
v -3.269428 0.155628 -0.277327
v -3.251212 0.155628 -0.259110
v -3.266988 0.155628 -0.268219
v -3.260320 0.155628 -0.261551
v -3.269428 0.078644 -0.317878
v -3.251212 0.078644 -0.336095
v -3.266988 0.078644 -0.326986
v -3.260320 0.078644 -0.333654
v -3.251212 0.155628 -0.336095
v -3.269428 0.155628 -0.317878
v -3.260320 0.155628 -0.333654
v -3.266988 0.155628 -0.326986
v -3.192444 0.078644 -0.277327
v -3.210661 0.078644 -0.259110
v -3.194885 0.078644 -0.268219
v -3.201552 0.078644 -0.261551
v -3.210661 0.155628 -0.259110
v -3.192444 0.155628 -0.277327
v -3.201552 0.155628 -0.261551
v -3.194885 0.155628 -0.268219
v -3.210660 0.078644 -0.336095
v -3.192444 0.078644 -0.317878
v -3.201552 0.078644 -0.333654
v -3.194885 0.078644 -0.326987
v -3.192444 0.155628 -0.317878
v -3.210660 0.155628 -0.336095
v -3.194885 0.155628 -0.326987
v -3.201552 0.155628 -0.333654
v -3.244724 0.141841 -0.283815
v -3.243192 0.338666 -0.285346
v -3.244724 0.141841 -0.311390
v -3.243192 0.338666 -0.309859
v -3.217149 0.141841 -0.283815
v -3.218680 0.338666 -0.285346
v -3.217149 0.141841 -0.311390
v -3.218680 0.338666 -0.309859
v -3.244724 0.330910 -0.283815
v -3.244724 0.330910 -0.311390
v -3.217149 0.330910 -0.311390
v -3.217149 0.330910 -0.283815
v -3.238633 0.349919 -0.289905
v -3.238633 0.349919 -0.305300
v -3.223239 0.349919 -0.305300
v -3.223239 0.349919 -0.289906
v -3.232995 0.360325 -0.295544
v -3.232995 0.360325 -0.299661
v -3.228878 0.360325 -0.299661
v -3.228878 0.360325 -0.295544
v -3.574546 0.078644 -0.366889
v -3.592762 0.078644 -0.385105
v -3.583654 0.078644 -0.369329
v -3.590322 0.078644 -0.375997
v -3.592762 0.155628 -0.385105
v -3.574546 0.155628 -0.366889
v -3.590322 0.155628 -0.375997
v -3.583654 0.155628 -0.369329
v -3.592762 0.078644 -0.425656
v -3.574546 0.078644 -0.443873
v -3.590322 0.078644 -0.434765
v -3.583654 0.078644 -0.441432
v -3.574546 0.155628 -0.443873
v -3.592762 0.155628 -0.425656
v -3.583654 0.155628 -0.441432
v -3.590322 0.155628 -0.434765
v -3.515778 0.078644 -0.385105
v -3.533995 0.078644 -0.366888
v -3.518219 0.078644 -0.375997
v -3.524886 0.078644 -0.369329
v -3.533995 0.155628 -0.366888
v -3.515778 0.155628 -0.385105
v -3.524886 0.155628 -0.369329
v -3.518219 0.155628 -0.375997
v -3.533995 0.078644 -0.443873
v -3.515778 0.078644 -0.425656
v -3.524886 0.078644 -0.441432
v -3.518219 0.078644 -0.434764
v -3.515778 0.155628 -0.425656
v -3.533995 0.155628 -0.443873
v -3.518219 0.155628 -0.434764
v -3.524886 0.155628 -0.441432
v -3.568058 0.141841 -0.391593
v -3.566526 0.338666 -0.393124
v -3.568058 0.141841 -0.419168
v -3.566526 0.338666 -0.417637
v -3.540483 0.141841 -0.391593
v -3.542014 0.338666 -0.393125
v -3.540483 0.141841 -0.419168
v -3.542014 0.338666 -0.417637
v -3.568058 0.330910 -0.391593
v -3.568058 0.330910 -0.419168
v -3.540483 0.330910 -0.419168
v -3.540483 0.330910 -0.391593
v -3.561967 0.349919 -0.397684
v -3.561967 0.349919 -0.413078
v -3.546573 0.349919 -0.413078
v -3.546573 0.349919 -0.397684
v -3.556329 0.360325 -0.403322
v -3.556329 0.360325 -0.407439
v -3.552212 0.360325 -0.407439
v -3.552212 0.360325 -0.403322
v -3.466768 0.078644 -0.366889
v -3.484984 0.078644 -0.385105
v -3.475876 0.078644 -0.369329
v -3.482544 0.078644 -0.375997
v -3.484984 0.155628 -0.385105
v -3.466768 0.155628 -0.366889
v -3.482544 0.155628 -0.375997
v -3.475876 0.155628 -0.369329
v -3.484984 0.078644 -0.425656
v -3.466768 0.078644 -0.443873
v -3.482544 0.078644 -0.434765
v -3.475876 0.078644 -0.441432
v -3.466768 0.155628 -0.443873
v -3.484984 0.155628 -0.425656
v -3.475876 0.155628 -0.441432
v -3.482544 0.155628 -0.434765
v -3.408000 0.078644 -0.385105
v -3.426217 0.078644 -0.366889
v -3.410441 0.078644 -0.375997
v -3.417108 0.078644 -0.369329
v -3.426217 0.155628 -0.366889
v -3.408000 0.155628 -0.385105
v -3.417108 0.155628 -0.369329
v -3.410441 0.155628 -0.375997
v -3.426217 0.078644 -0.443873
v -3.408000 0.078644 -0.425656
v -3.417108 0.078644 -0.441432
v -3.410441 0.078644 -0.434765
v -3.408000 0.155628 -0.425656
v -3.426217 0.155628 -0.443873
v -3.410441 0.155628 -0.434765
v -3.417108 0.155628 -0.441432
v -3.460280 0.141841 -0.391593
v -3.458748 0.338666 -0.393124
v -3.460280 0.141841 -0.419168
v -3.458748 0.338666 -0.417637
v -3.432705 0.141841 -0.391593
v -3.434236 0.338666 -0.393124
v -3.432704 0.141841 -0.419168
v -3.434236 0.338666 -0.417637
v -3.460280 0.330910 -0.391593
v -3.460280 0.330910 -0.419168
v -3.432704 0.330910 -0.419168
v -3.432705 0.330910 -0.391593
v -3.454189 0.349919 -0.397684
v -3.454189 0.349919 -0.413078
v -3.438795 0.349919 -0.413078
v -3.438795 0.349919 -0.397684
v -3.448551 0.360325 -0.403322
v -3.448551 0.360325 -0.407439
v -3.444434 0.360325 -0.407439
v -3.444434 0.360325 -0.403322
v -3.358990 0.078644 -0.366888
v -3.377206 0.078644 -0.385105
v -3.368098 0.078644 -0.369329
v -3.374766 0.078644 -0.375997
v -3.377206 0.155628 -0.385105
v -3.358990 0.155628 -0.366888
v -3.374766 0.155628 -0.375997
v -3.368098 0.155628 -0.369329
v -3.377206 0.078644 -0.425656
v -3.358990 0.078644 -0.443873
v -3.374766 0.078644 -0.434765
v -3.368098 0.078644 -0.441432
v -3.358990 0.155628 -0.443873
v -3.377206 0.155628 -0.425656
v -3.368098 0.155628 -0.441432
v -3.374766 0.155628 -0.434765
v -3.300222 0.078644 -0.385105
v -3.318439 0.078644 -0.366888
v -3.302663 0.078644 -0.375997
v -3.309330 0.078644 -0.369329
v -3.318439 0.155628 -0.366888
v -3.300222 0.155628 -0.385105
v -3.309330 0.155628 -0.369329
v -3.302663 0.155628 -0.375997
v -3.318439 0.078644 -0.443873
v -3.300222 0.078644 -0.425656
v -3.309330 0.078644 -0.441432
v -3.302663 0.078644 -0.434765
v -3.300222 0.155628 -0.425656
v -3.318439 0.155628 -0.443873
v -3.302663 0.155628 -0.434765
v -3.309330 0.155628 -0.441432
v -3.352502 0.141841 -0.391593
v -3.350970 0.338666 -0.393124
v -3.352502 0.141841 -0.419168
v -3.350970 0.338666 -0.417637
v -3.324927 0.141841 -0.391593
v -3.326458 0.338666 -0.393124
v -3.324927 0.141841 -0.419168
v -3.326458 0.338666 -0.417637
v -3.352502 0.330910 -0.391593
v -3.352502 0.330910 -0.419168
v -3.324927 0.330910 -0.419168
v -3.324927 0.330910 -0.391593
v -3.346411 0.349919 -0.397683
v -3.346411 0.349919 -0.413078
v -3.331017 0.349919 -0.413078
v -3.331017 0.349919 -0.397684
v -3.340773 0.360325 -0.403322
v -3.340773 0.360325 -0.407439
v -3.336656 0.360325 -0.407439
v -3.336656 0.360325 -0.403322
v -3.251212 0.078644 -0.366888
v -3.269428 0.078644 -0.385105
v -3.260320 0.078644 -0.369329
v -3.266988 0.078644 -0.375997
v -3.269428 0.155628 -0.385105
v -3.251212 0.155628 -0.366888
v -3.266988 0.155628 -0.375997
v -3.260320 0.155628 -0.369329
v -3.269428 0.078644 -0.425656
v -3.251212 0.078644 -0.443873
v -3.266988 0.078644 -0.434765
v -3.260320 0.078644 -0.441432
v -3.251212 0.155628 -0.443873
v -3.269428 0.155628 -0.425656
v -3.260320 0.155628 -0.441432
v -3.266988 0.155628 -0.434765
v -3.192444 0.078644 -0.385105
v -3.210660 0.078644 -0.366889
v -3.194885 0.078644 -0.375997
v -3.201552 0.078644 -0.369329
v -3.210660 0.155628 -0.366889
v -3.192444 0.155628 -0.385105
v -3.201552 0.155628 -0.369329
v -3.194885 0.155628 -0.375997
v -3.210660 0.078644 -0.443873
v -3.192444 0.078644 -0.425656
v -3.201552 0.078644 -0.441432
v -3.194885 0.078644 -0.434765
v -3.192444 0.155628 -0.425656
v -3.210660 0.155628 -0.443873
v -3.194885 0.155628 -0.434765
v -3.201552 0.155628 -0.441432
v -3.244724 0.141841 -0.391593
v -3.243192 0.338666 -0.393124
v -3.244724 0.141841 -0.419168
v -3.243192 0.338666 -0.417637
v -3.217149 0.141841 -0.391593
v -3.218680 0.338666 -0.393124
v -3.217149 0.141841 -0.419168
v -3.218680 0.338666 -0.417637
v -3.244724 0.330910 -0.391593
v -3.244724 0.330910 -0.419168
v -3.217149 0.330910 -0.419168
v -3.217149 0.330910 -0.391593
v -3.238633 0.349919 -0.397684
v -3.238633 0.349919 -0.413078
v -3.223239 0.349919 -0.413078
v -3.223239 0.349919 -0.397684
v -3.232995 0.360325 -0.403322
v -3.232995 0.360325 -0.407439
v -3.228878 0.360325 -0.407439
v -3.228878 0.360325 -0.403322
v -4.169232 0.092508 -0.229465
v -3.727800 0.092508 -0.229465
v -4.169232 0.092508 -0.473518
v -3.727800 0.092508 -0.473518
v -3.744868 0.092508 -0.244756
v -3.744868 0.092508 -0.458228
v -4.152164 0.092508 -0.244756
v -4.152164 0.092508 -0.458228
v -3.611718 0.092508 -0.229465
v -3.170286 0.092508 -0.229465
v -3.611718 0.092508 -0.473518
v -3.170286 0.092508 -0.473518
v -3.187354 0.092508 -0.244756
v -3.187354 0.092508 -0.458228
v -3.594650 0.092508 -0.244756
v -3.594650 0.092508 -0.458228
v -3.384528 0.086049 0.406622
v -3.384528 0.105185 0.406622
v -3.384528 0.086049 0.216224
v -3.384528 0.105185 0.216224
v -3.316009 0.086049 0.406622
v -3.316009 0.105185 0.406622
v -3.316008 0.086049 0.216224
v -3.316008 0.105185 0.216224
v -3.384528 0.086049 0.279690
v -3.384528 0.086049 0.343156
v -3.384528 0.105185 0.343156
v -3.384528 0.105185 0.279690
v -3.316009 0.086049 0.343156
v -3.316009 0.086049 0.279690
v -3.316009 0.105185 0.279690
v -3.316009 0.105185 0.343156
v -3.384528 0.134027 0.343156
v -3.357210 0.161345 0.315838
v -3.383191 0.142468 0.341819
v -3.379310 0.150084 0.337939
v -3.373267 0.156127 0.331895
v -3.365652 0.160008 0.324280
v -3.357210 0.161345 0.307008
v -3.384528 0.134027 0.279690
v -3.365651 0.160008 0.298567
v -3.373267 0.156127 0.290951
v -3.379310 0.150084 0.284908
v -3.383191 0.142468 0.281027
v -3.316009 0.134027 0.279690
v -3.343326 0.161345 0.307008
v -3.317345 0.142468 0.281027
v -3.321226 0.150084 0.284908
v -3.327269 0.156127 0.290951
v -3.334885 0.160008 0.298567
v -3.343326 0.161345 0.315838
v -3.316009 0.134027 0.343156
v -3.334885 0.160008 0.324280
v -3.327269 0.156127 0.331895
v -3.321226 0.150084 0.337939
v -3.317345 0.142468 0.341819
v -3.384528 0.114686 0.279690
v -3.384528 0.114686 0.343156
v -3.316009 0.114686 0.343156
v -3.316009 0.114686 0.279690
v -3.320763 0.089293 0.507359
v -3.320904 0.089293 0.499268
v -3.377211 0.089293 0.500251
v -3.377069 0.089293 0.508342
v -3.378473 0.089293 0.427928
v -3.378089 0.089293 0.449889
v -3.377733 0.089293 0.454375
v -3.376856 0.089293 0.458534
v -3.375504 0.089293 0.462354
v -3.373722 0.089293 0.465822
v -3.371555 0.089293 0.468924
v -3.369049 0.089293 0.471647
v -3.366248 0.089293 0.473978
v -3.363198 0.089293 0.475904
v -3.359945 0.089293 0.477410
v -3.356533 0.089293 0.478485
v -3.353008 0.089293 0.479114
v -3.349415 0.089293 0.479285
v -3.346072 0.089293 0.479034
v -3.342728 0.089293 0.478392
v -3.339439 0.089293 0.477353
v -3.336263 0.089293 0.475908
v -3.333258 0.089293 0.474049
v -3.330479 0.089293 0.471769
v -3.327985 0.089293 0.469061
v -3.325833 0.089293 0.465916
v -3.324080 0.089293 0.462328
v -3.322783 0.089293 0.458288
v -3.321999 0.089293 0.453789
v -3.321785 0.089293 0.448824
v -3.322167 0.089293 0.426945
v -3.329291 0.089293 0.435163
v -3.329073 0.089293 0.447630
v -3.329203 0.089293 0.451397
v -3.329710 0.089293 0.454818
v -3.330568 0.089293 0.457898
v -3.331749 0.089293 0.460639
v -3.333226 0.089293 0.463048
v -3.334972 0.089293 0.465127
v -3.336959 0.089293 0.466882
v -3.339161 0.089293 0.468317
v -3.341549 0.089293 0.469437
v -3.344096 0.089293 0.470245
v -3.346776 0.089293 0.470747
v -3.349560 0.089293 0.470946
v -3.351430 0.089293 0.470885
v -3.353523 0.089293 0.470618
v -3.355766 0.089293 0.470110
v -3.358089 0.089293 0.469324
v -3.360418 0.089293 0.468225
v -3.362682 0.089293 0.466777
v -3.364807 0.089293 0.464945
v -3.366723 0.089293 0.462693
v -3.368357 0.089293 0.459986
v -3.369636 0.089293 0.456787
v -3.370488 0.089293 0.453060
v -3.370842 0.089293 0.448772
v -3.371066 0.089293 0.435892
v -3.890807 0.067795 0.128666
v -3.890807 0.067795 0.213116
v -3.890807 0.105152 0.213116
v -3.890807 0.105152 0.128666
v -3.820946 0.067795 0.213116
v -3.820946 0.067795 0.128666
v -3.820946 0.105152 0.128666
v -3.820946 0.105152 0.213116
v -3.890807 0.146470 0.213116
v -3.890807 0.146470 0.128666
v -3.820946 0.146470 0.128666
v -3.820946 0.146470 0.213116
v -3.890807 0.067795 0.142600
v -3.890807 0.067795 0.199181
v -3.890807 0.105152 0.199181
v -3.890807 0.105152 0.142600
v -3.820946 0.067795 0.199181
v -3.820946 0.067795 0.142600
v -3.820946 0.105152 0.142600
v -3.820946 0.105152 0.199181
v -3.890807 0.146470 0.199181
v -3.890807 0.146470 0.142600
v -3.820946 0.146470 0.142600
v -3.820946 0.146470 0.199181
v -3.883368 0.105152 0.199181
v -3.883368 0.105152 0.142600
v -3.828386 0.105152 0.142600
v -3.828386 0.105152 0.199181
v -3.885547 0.143657 0.199181
v -3.885547 0.143657 0.142600
v -3.826207 0.143657 0.142600
v -3.826207 0.143657 0.199181
v -3.878889 0.067795 0.230141
v -3.890807 0.067795 0.218222
v -3.884848 0.067795 0.228544
v -3.889210 0.067795 0.224181
v -3.890807 0.105152 0.218222
v -3.878889 0.100617 0.230141
v -3.889210 0.103505 0.224181
v -3.884848 0.100617 0.228544
v -3.890807 0.067795 0.123559
v -3.878889 0.067795 0.111641
v -3.889210 0.067795 0.117600
v -3.884848 0.067795 0.113237
v -3.878889 0.100617 0.111641
v -3.890807 0.105152 0.123559
v -3.884848 0.100617 0.113237
v -3.889210 0.103505 0.117600
v -3.820946 0.067795 0.218222
v -3.832865 0.067795 0.230141
v -3.822543 0.067795 0.224182
v -3.826906 0.067795 0.228544
v -3.832865 0.100617 0.230141
v -3.820946 0.105152 0.218222
v -3.826906 0.100617 0.228544
v -3.822543 0.103505 0.224182
v -3.832865 0.067795 0.111641
v -3.820946 0.067795 0.123559
v -3.826906 0.067795 0.113237
v -3.822543 0.067795 0.117600
v -3.820946 0.105152 0.123559
v -3.832865 0.100617 0.111641
v -3.822543 0.103505 0.117600
v -3.826906 0.100617 0.113237
v -3.890807 0.067795 0.367678
v -3.890807 0.067795 0.452127
v -3.890807 0.105152 0.452127
v -3.890807 0.105152 0.367678
v -3.820946 0.067795 0.452127
v -3.820946 0.067795 0.367678
v -3.820946 0.105152 0.367678
v -3.820946 0.105152 0.452127
v -3.890807 0.146470 0.452127
v -3.890807 0.146470 0.367678
v -3.820946 0.146470 0.367678
v -3.820946 0.146470 0.452127
v -3.890807 0.067795 0.381612
v -3.890807 0.067795 0.438193
v -3.890807 0.105152 0.438193
v -3.890807 0.105152 0.381612
v -3.820946 0.067795 0.438193
v -3.820946 0.067795 0.381612
v -3.820946 0.105152 0.381612
v -3.820946 0.105152 0.438193
v -3.890807 0.146470 0.438193
v -3.890807 0.146470 0.381612
v -3.820946 0.146470 0.381612
v -3.820946 0.146470 0.438193
v -3.883368 0.105152 0.438193
v -3.883368 0.105152 0.381612
v -3.828386 0.105152 0.381612
v -3.828386 0.105152 0.438193
v -3.885547 0.143657 0.438193
v -3.885547 0.143657 0.381612
v -3.826207 0.143657 0.381612
v -3.826207 0.143657 0.438193
v -3.878889 0.067795 0.469153
v -3.890807 0.067795 0.457234
v -3.884848 0.067795 0.467556
v -3.889210 0.067795 0.463193
v -3.890807 0.105152 0.457234
v -3.878889 0.100617 0.469153
v -3.889210 0.103505 0.463193
v -3.884848 0.100617 0.467556
v -3.890807 0.067795 0.362571
v -3.878889 0.067795 0.350652
v -3.889210 0.067795 0.356612
v -3.884848 0.067795 0.352249
v -3.878889 0.100617 0.350652
v -3.890807 0.105152 0.362571
v -3.884848 0.100617 0.352249
v -3.889210 0.103505 0.356612
v -3.820946 0.067795 0.457234
v -3.832865 0.067795 0.469153
v -3.822543 0.067795 0.463193
v -3.826906 0.067795 0.467556
v -3.832865 0.100617 0.469153
v -3.820946 0.105152 0.457234
v -3.826906 0.100617 0.467556
v -3.822543 0.103505 0.463193
v -3.832865 0.067795 0.350652
v -3.820946 0.067795 0.362571
v -3.826906 0.067795 0.352249
v -3.822543 0.067795 0.356612
v -3.820946 0.105152 0.362571
v -3.832865 0.100617 0.350652
v -3.822543 0.103505 0.356612
v -3.826906 0.100617 0.352249
v -3.919590 0.089293 0.459066
v -3.919731 0.089293 0.450975
v -3.976037 0.089293 0.451958
v -3.975896 0.089293 0.460049
v -3.923977 0.089293 0.430072
v -3.923243 0.089293 0.428176
v -3.922581 0.089293 0.426351
v -3.921992 0.089293 0.424591
v -3.921472 0.089293 0.422890
v -3.921022 0.089293 0.421241
v -3.920639 0.089293 0.419639
v -3.920323 0.089293 0.418078
v -3.920072 0.089293 0.416552
v -3.919884 0.089293 0.415054
v -3.919759 0.089293 0.413579
v -3.919695 0.089293 0.412121
v -3.919691 0.089293 0.410673
v -3.920024 0.089293 0.406306
v -3.920849 0.089293 0.402182
v -3.922136 0.089293 0.398329
v -3.923859 0.089293 0.394773
v -3.925990 0.089293 0.391541
v -3.928499 0.089293 0.388662
v -3.931360 0.089293 0.386163
v -3.934544 0.089293 0.384070
v -3.938023 0.089293 0.382411
v -3.941769 0.089293 0.381214
v -3.945755 0.089293 0.380506
v -3.949952 0.089293 0.380314
v -3.952981 0.089293 0.380561
v -3.956117 0.089293 0.381204
v -3.959288 0.089293 0.382252
v -3.962421 0.089293 0.383713
v -3.965445 0.089293 0.385593
v -3.968287 0.089293 0.387901
v -3.970876 0.089293 0.390646
v -3.973140 0.089293 0.393834
v -3.975005 0.089293 0.397475
v -3.976400 0.089293 0.401575
v -3.977253 0.089293 0.406143
v -3.977492 0.089293 0.411186
v -3.977412 0.089293 0.413337
v -3.977252 0.089293 0.415377
v -3.977017 0.089293 0.417315
v -3.976711 0.089293 0.419159
v -3.976336 0.089293 0.420916
v -3.975899 0.089293 0.422596
v -3.975403 0.089293 0.424206
v -3.974852 0.089293 0.425754
v -3.974250 0.089293 0.427249
v -3.973602 0.089293 0.428698
v -3.972911 0.089293 0.430110
v -3.972182 0.089293 0.431492
v -3.963348 0.089293 0.431338
v -3.964369 0.089293 0.429754
v -3.965309 0.089293 0.428149
v -3.966168 0.089293 0.426527
v -3.966945 0.089293 0.424891
v -3.967638 0.089293 0.423246
v -3.968246 0.089293 0.421595
v -3.968769 0.089293 0.419943
v -3.969204 0.089293 0.418293
v -3.969551 0.089293 0.416650
v -3.969808 0.089293 0.415017
v -3.969974 0.089293 0.413399
v -3.970049 0.089293 0.411799
v -3.969927 0.089293 0.408503
v -3.969453 0.089293 0.405398
v -3.968646 0.089293 0.402499
v -3.967520 0.089293 0.399826
v -3.966093 0.089293 0.397395
v -3.964381 0.089293 0.395225
v -3.962402 0.089293 0.393331
v -3.960171 0.089293 0.391733
v -3.957704 0.089293 0.390447
v -3.955020 0.089293 0.389491
v -3.952134 0.089293 0.388883
v -3.949063 0.089293 0.388639
v -3.946034 0.089293 0.388782
v -3.943154 0.089293 0.389306
v -3.940442 0.089293 0.390187
v -3.937921 0.089293 0.391406
v -3.935611 0.089293 0.392940
v -3.933533 0.089293 0.394769
v -3.931709 0.089293 0.396870
v -3.930159 0.089293 0.399223
v -3.928905 0.089293 0.401806
v -3.927966 0.089293 0.404597
v -3.927365 0.089293 0.407576
v -3.927123 0.089293 0.410720
v -3.927133 0.089293 0.412340
v -3.927220 0.089293 0.413943
v -3.927386 0.089293 0.415534
v -3.927632 0.089293 0.417118
v -3.927960 0.089293 0.418702
v -3.928370 0.089293 0.420290
v -3.928865 0.089293 0.421889
v -3.929445 0.089293 0.423503
v -3.930111 0.089293 0.425138
v -3.930866 0.089293 0.426799
v -3.931711 0.089293 0.428493
v -3.932646 0.089293 0.430224
v -3.970871 0.089293 0.223177
v -3.971247 0.089293 0.201629
v -3.967605 0.089293 0.204547
v -3.964241 0.089293 0.207162
v -3.961125 0.089293 0.209484
v -3.958225 0.089293 0.211520
v -3.955510 0.089293 0.213280
v -3.952952 0.089293 0.214771
v -3.950518 0.089293 0.216003
v -3.948179 0.089293 0.216985
v -3.945904 0.089293 0.217724
v -3.943662 0.089293 0.218230
v -3.941422 0.089293 0.218512
v -3.939156 0.089293 0.218577
v -3.936627 0.089293 0.218389
v -3.934251 0.089293 0.217924
v -3.932041 0.089293 0.217197
v -3.930011 0.089293 0.216221
v -3.928175 0.089293 0.215010
v -3.926545 0.089293 0.213577
v -3.925136 0.089293 0.211937
v -3.923961 0.089293 0.210102
v -3.923033 0.089293 0.208087
v -3.922366 0.089293 0.205906
v -3.921974 0.089293 0.203571
v -3.921870 0.089293 0.201098
v -3.921926 0.089293 0.199969
v -3.922055 0.089293 0.198854
v -3.922256 0.089293 0.197749
v -3.922532 0.089293 0.196653
v -3.922882 0.089293 0.195562
v -3.923307 0.089293 0.194474
v -3.923808 0.089293 0.193389
v -3.924385 0.089293 0.192302
v -3.925039 0.089293 0.191212
v -3.925770 0.089293 0.190116
v -3.926580 0.089293 0.189013
v -3.927468 0.089293 0.187899
v -3.937623 0.089293 0.188076
v -3.936240 0.089293 0.189179
v -3.935015 0.089293 0.190269
v -3.933940 0.089293 0.191346
v -3.933008 0.089293 0.192412
v -3.932212 0.089293 0.193468
v -3.931544 0.089293 0.194515
v -3.930997 0.089293 0.195553
v -3.930562 0.089293 0.196585
v -3.930233 0.089293 0.197610
v -3.930003 0.089293 0.198630
v -3.929863 0.089293 0.199645
v -3.929806 0.089293 0.200658
v -3.929872 0.089293 0.202012
v -3.930113 0.089293 0.203300
v -3.930519 0.089293 0.204515
v -3.931083 0.089293 0.205645
v -3.931795 0.089293 0.206681
v -3.932647 0.089293 0.207614
v -3.933630 0.089293 0.208434
v -3.934736 0.089293 0.209131
v -3.935954 0.089293 0.209696
v -3.937278 0.089293 0.210119
v -3.938698 0.089293 0.210391
v -3.940205 0.089293 0.210502
v -3.941344 0.089293 0.210494
v -3.942418 0.089293 0.210431
v -3.943439 0.089293 0.210311
v -3.944420 0.089293 0.210135
v -3.945373 0.089293 0.209904
v -3.946311 0.089293 0.209618
v -3.947247 0.089293 0.209276
v -3.948192 0.089293 0.208880
v -3.949160 0.089293 0.208429
v -3.950164 0.089293 0.207923
v -3.951216 0.089293 0.207363
v -3.952328 0.089293 0.206749
v -3.954434 0.089293 0.205513
v -3.956611 0.089293 0.204141
v -3.958844 0.089293 0.202655
v -3.961114 0.089293 0.201076
v -3.963405 0.089293 0.199425
v -3.965699 0.089293 0.197723
v -3.967981 0.089293 0.195992
v -3.970232 0.089293 0.194252
v -3.972435 0.089293 0.192525
v -3.974575 0.089293 0.190833
v -3.976633 0.089293 0.189196
v -3.978593 0.089293 0.187635
v -3.979171 0.089293 0.187645
v -3.978549 0.089293 0.223311
v -3.926869 0.089293 0.179630
v -3.926135 0.089293 0.177734
v -3.925473 0.089293 0.175909
v -3.924884 0.089293 0.174149
v -3.924364 0.089293 0.172447
v -3.923914 0.089293 0.170799
v -3.923532 0.089293 0.169197
v -3.923215 0.089293 0.167636
v -3.922964 0.089293 0.166110
v -3.922776 0.089293 0.164612
v -3.922652 0.089293 0.163137
v -3.922588 0.089293 0.161678
v -3.922583 0.089293 0.160230
v -3.922916 0.089293 0.155864
v -3.923741 0.089293 0.151740
v -3.925029 0.089293 0.147886
v -3.926752 0.089293 0.144330
v -3.928882 0.089293 0.141099
v -3.931391 0.089293 0.138220
v -3.934252 0.089293 0.135721
v -3.937436 0.089293 0.133628
v -3.940915 0.089293 0.131969
v -3.944662 0.089293 0.130772
v -3.948647 0.089293 0.130064
v -3.952844 0.089293 0.129871
v -3.955873 0.089293 0.130119
v -3.959009 0.089293 0.130762
v -3.962180 0.089293 0.131810
v -3.965313 0.089293 0.133270
v -3.968337 0.089293 0.135151
v -3.971180 0.089293 0.137459
v -3.973768 0.089293 0.140204
v -3.976032 0.089293 0.143392
v -3.977897 0.089293 0.147032
v -3.979292 0.089293 0.151132
v -3.980145 0.089293 0.155700
v -3.980384 0.089293 0.160744
v -3.980304 0.089293 0.162894
v -3.980145 0.089293 0.164935
v -3.979909 0.089293 0.166873
v -3.979603 0.089293 0.168716
v -3.979228 0.089293 0.170474
v -3.978791 0.089293 0.172154
v -3.978295 0.089293 0.173764
v -3.977744 0.089293 0.175312
v -3.977142 0.089293 0.176807
v -3.976494 0.089293 0.178256
v -3.975803 0.089293 0.179667
v -3.975075 0.089293 0.181050
v -3.966241 0.089293 0.180895
v -3.967261 0.089293 0.179312
v -3.968201 0.089293 0.177707
v -3.969060 0.089293 0.176085
v -3.969837 0.089293 0.174449
v -3.970530 0.089293 0.172804
v -3.971139 0.089293 0.171153
v -3.971661 0.089293 0.169501
v -3.972096 0.089293 0.167851
v -3.972443 0.089293 0.166208
v -3.972700 0.089293 0.164575
v -3.972867 0.089293 0.162957
v -3.972941 0.089293 0.161357
v -3.972819 0.089293 0.158061
v -3.972346 0.089293 0.154955
v -3.971538 0.089293 0.152057
v -3.970412 0.089293 0.149384
v -3.968985 0.089293 0.146953
v -3.967274 0.089293 0.144782
v -3.965294 0.089293 0.142889
v -3.963063 0.089293 0.141291
v -3.960597 0.089293 0.140005
v -3.957912 0.089293 0.139049
v -3.955026 0.089293 0.138441
v -3.951955 0.089293 0.138197
v -3.948926 0.089293 0.138340
v -3.946046 0.089293 0.138863
v -3.943334 0.089293 0.139745
v -3.940813 0.089293 0.140963
v -3.938503 0.089293 0.142498
v -3.936426 0.089293 0.144326
v -3.934601 0.089293 0.146428
v -3.933051 0.089293 0.148781
v -3.931797 0.089293 0.151363
v -3.930858 0.089293 0.154155
v -3.930258 0.089293 0.157133
v -3.930015 0.089293 0.160277
v -3.930025 0.089293 0.161897
v -3.930112 0.089293 0.163500
v -3.930278 0.089293 0.165091
v -3.930524 0.089293 0.166676
v -3.930852 0.089293 0.168260
v -3.931262 0.089293 0.169848
v -3.931757 0.089293 0.171447
v -3.932337 0.089293 0.173061
v -3.933004 0.089293 0.174696
v -3.933759 0.089293 0.176357
v -3.934603 0.089293 0.178050
v -3.935538 0.089293 0.179781
v -4.127821 0.078535 0.673885
v -4.127821 0.124877 0.673885
v -4.127821 0.078535 0.499783
v -4.127821 0.124877 0.499783
v -4.033447 0.078535 0.673886
v -4.033447 0.124877 0.673886
v -4.033447 0.078535 0.499783
v -4.033447 0.124877 0.499783
v -3.465920 0.089293 0.381506
v -3.468502 0.089293 0.378036
v -3.471241 0.089293 0.374853
v -3.474122 0.089293 0.371959
v -3.477131 0.089293 0.369359
v -3.480254 0.089293 0.367058
v -3.483478 0.089293 0.365058
v -3.486787 0.089293 0.363364
v -3.490168 0.089293 0.361980
v -3.493606 0.089293 0.360910
v -3.497088 0.089293 0.360159
v -3.500599 0.089293 0.359730
v -3.504126 0.089293 0.359627
v -3.507014 0.089293 0.359828
v -3.509723 0.089293 0.360319
v -3.512240 0.089293 0.361086
v -3.514549 0.089293 0.362115
v -3.516636 0.089293 0.363393
v -3.518486 0.089293 0.364905
v -3.520084 0.089293 0.366638
v -3.521416 0.089293 0.368579
v -3.522467 0.089293 0.370713
v -3.523223 0.089293 0.373027
v -3.523668 0.089293 0.375507
v -3.523788 0.089293 0.378139
v -3.523593 0.089293 0.380353
v -3.523101 0.089293 0.382482
v -3.522334 0.089293 0.384505
v -3.521313 0.089293 0.386400
v -3.520061 0.089293 0.388147
v -3.518600 0.089293 0.389724
v -3.516951 0.089293 0.391110
v -3.515136 0.089293 0.392284
v -3.513177 0.089293 0.393225
v -3.511096 0.089293 0.393912
v -3.508915 0.089293 0.394324
v -3.506656 0.089293 0.394439
v -3.504376 0.089293 0.394261
v -3.502209 0.089293 0.393818
v -3.500174 0.089293 0.393128
v -3.498287 0.089293 0.392204
v -3.496564 0.089293 0.391065
v -3.495022 0.089293 0.389725
v -3.493677 0.089293 0.388201
v -3.492547 0.089293 0.386510
v -3.491648 0.089293 0.384666
v -3.490996 0.089293 0.382686
v -3.490609 0.089293 0.380587
v -3.490502 0.089293 0.378384
v -3.490541 0.089293 0.377472
v -3.490624 0.089293 0.376596
v -3.490747 0.089293 0.375753
v -3.490905 0.089293 0.374943
v -3.491094 0.089293 0.374167
v -3.491311 0.089293 0.373422
v -3.491552 0.089293 0.372709
v -3.491812 0.089293 0.372026
v -3.492088 0.089293 0.371373
v -3.492375 0.089293 0.370750
v -3.492670 0.089293 0.370156
v -3.492968 0.089293 0.369590
v -3.490991 0.089293 0.370229
v -3.489010 0.089293 0.371052
v -3.487040 0.089293 0.372044
v -3.485093 0.089293 0.373193
v -3.483184 0.089293 0.374487
v -3.481327 0.089293 0.375911
v -3.479534 0.089293 0.377454
v -3.477820 0.089293 0.379101
v -3.476199 0.089293 0.380841
v -3.474684 0.089293 0.382660
v -3.473289 0.089293 0.384546
v -3.472027 0.089293 0.386485
v -3.501337 0.089293 0.368002
v -3.500778 0.089293 0.368847
v -3.500285 0.089293 0.369636
v -3.499855 0.089293 0.370380
v -3.499484 0.089293 0.371089
v -3.499169 0.089293 0.371776
v -3.498905 0.089293 0.372450
v -3.498690 0.089293 0.373123
v -3.498519 0.089293 0.373807
v -3.498389 0.089293 0.374512
v -3.498297 0.089293 0.375250
v -3.498238 0.089293 0.376031
v -3.498209 0.089293 0.376866
v -3.498262 0.089293 0.378179
v -3.498462 0.089293 0.379426
v -3.498802 0.089293 0.380600
v -3.499272 0.089293 0.381690
v -3.499864 0.089293 0.382689
v -3.500569 0.089293 0.383587
v -3.501380 0.089293 0.384374
v -3.502287 0.089293 0.385043
v -3.503283 0.089293 0.385584
v -3.504358 0.089293 0.385987
v -3.505505 0.089293 0.386245
v -3.506715 0.089293 0.386347
v -3.508060 0.089293 0.386296
v -3.509326 0.089293 0.386099
v -3.510505 0.089293 0.385762
v -3.511591 0.089293 0.385291
v -3.512577 0.089293 0.384694
v -3.513456 0.089293 0.383977
v -3.514222 0.089293 0.383146
v -3.514868 0.089293 0.382207
v -3.515388 0.089293 0.381168
v -3.515774 0.089293 0.380034
v -3.516020 0.089293 0.378812
v -3.516119 0.089293 0.377509
v -3.516027 0.089293 0.376053
v -3.515704 0.089293 0.374632
v -3.515158 0.089293 0.373272
v -3.514395 0.089293 0.371998
v -3.513423 0.089293 0.370837
v -3.512248 0.089293 0.369813
v -3.510877 0.089293 0.368953
v -3.509318 0.089293 0.368282
v -3.507578 0.089293 0.367826
v -3.505662 0.089293 0.367610
v -3.503580 0.089293 0.367660
v -3.467206 0.089293 0.350393
v -3.467347 0.089293 0.342303
v -3.500124 0.089293 0.342875
v -3.501421 0.089293 0.342883
v -3.502670 0.089293 0.342857
v -3.503871 0.089293 0.342792
v -3.505024 0.089293 0.342682
v -3.506129 0.089293 0.342522
v -3.507184 0.089293 0.342306
v -3.508191 0.089293 0.342030
v -3.509149 0.089293 0.341686
v -3.510058 0.089293 0.341271
v -3.510917 0.089293 0.340779
v -3.511727 0.089293 0.340203
v -3.512487 0.089293 0.339539
v -3.513126 0.089293 0.338871
v -3.513737 0.089293 0.338124
v -3.514316 0.089293 0.337298
v -3.514858 0.089293 0.336394
v -3.515357 0.089293 0.335412
v -3.515809 0.089293 0.334353
v -3.516209 0.089293 0.333218
v -3.516552 0.089293 0.332006
v -3.516834 0.089293 0.330719
v -3.517048 0.089293 0.329357
v -3.517192 0.089293 0.327920
v -3.517259 0.089293 0.326409
v -3.517247 0.089293 0.325208
v -3.517169 0.089293 0.324040
v -3.517024 0.089293 0.322905
v -3.516813 0.089293 0.321804
v -3.516534 0.089293 0.320736
v -3.516188 0.089293 0.319701
v -3.515775 0.089293 0.318699
v -3.515293 0.089293 0.317731
v -3.514744 0.089293 0.316795
v -3.514125 0.089293 0.315893
v -3.513438 0.089293 0.315025
v -3.512682 0.089293 0.314189
v -3.512049 0.089293 0.313574
v -3.511398 0.089293 0.313027
v -3.510718 0.089293 0.312546
v -3.509995 0.089293 0.312126
v -3.509218 0.089293 0.311766
v -3.508373 0.089293 0.311461
v -3.507448 0.089293 0.311207
v -3.506430 0.089293 0.311003
v -3.505308 0.089293 0.310843
v -3.504067 0.089293 0.310726
v -3.502696 0.089293 0.310646
v -3.501183 0.089293 0.310602
v -3.467911 0.089293 0.310021
v -3.468052 0.089293 0.301931
v -3.503057 0.089293 0.302542
v -3.506713 0.089293 0.302840
v -3.510006 0.089293 0.303574
v -3.512945 0.089293 0.304707
v -3.515538 0.089293 0.306197
v -3.517790 0.089293 0.308008
v -3.519711 0.089293 0.310100
v -3.521308 0.089293 0.312434
v -3.522588 0.089293 0.314971
v -3.523559 0.089293 0.317672
v -3.524228 0.089293 0.320499
v -3.524603 0.089293 0.323412
v -3.524692 0.089293 0.326373
v -3.524435 0.089293 0.330383
v -3.523821 0.089293 0.334033
v -3.522866 0.089293 0.337324
v -3.521584 0.089293 0.340258
v -3.519989 0.089293 0.342835
v -3.518100 0.089293 0.345057
v -3.515928 0.089293 0.346925
v -3.513491 0.089293 0.348439
v -3.510803 0.089293 0.349602
v -3.507879 0.089293 0.350414
v -3.504735 0.089293 0.350876
v -3.501386 0.089293 0.350990
v -4.166503 0.085245 0.522795
v -4.166503 0.090157 0.522795
v -4.166503 0.085245 0.507262
v -4.166503 0.090157 0.507262
v -4.125331 0.099810 0.522795
v -4.125331 0.118860 0.522795
v -4.125331 0.099810 0.507262
v -4.125331 0.118860 0.507262
v -4.125331 0.085245 0.507262
v -4.146227 0.085245 0.507262
v -4.156365 0.085245 0.507262
v -4.156365 0.092130 0.507262
v -4.146227 0.099005 0.507262
v -4.136089 0.106541 0.507262
v -4.156365 0.085245 0.522795
v -4.146227 0.085245 0.522795
v -4.125331 0.085245 0.522795
v -4.136089 0.106541 0.522795
v -4.146227 0.099005 0.522795
v -4.156365 0.092130 0.522795
v -3.994764 0.085245 0.522795
v -3.994764 0.090157 0.522795
v -3.994764 0.085245 0.507262
v -3.994764 0.090157 0.507262
v -4.035936 0.099810 0.522795
v -4.035936 0.118860 0.522795
v -4.035936 0.099810 0.507262
v -4.035936 0.118860 0.507262
v -4.035936 0.085245 0.507262
v -4.015040 0.085245 0.507262
v -4.004902 0.085245 0.507262
v -4.004902 0.092130 0.507262
v -4.015040 0.099005 0.507262
v -4.025178 0.106541 0.507262
v -4.004902 0.085245 0.522795
v -4.015040 0.085245 0.522795
v -4.035936 0.085245 0.522795
v -4.025178 0.106541 0.522795
v -4.015040 0.099005 0.522795
v -4.004902 0.092130 0.522795
v -4.166503 0.085245 0.650874
v -4.166503 0.090157 0.650874
v -4.166503 0.085245 0.666406
v -4.166503 0.090157 0.666406
v -4.125331 0.099810 0.650874
v -4.125331 0.118860 0.650874
v -4.125331 0.099810 0.666406
v -4.125331 0.118860 0.666406
v -4.125331 0.085245 0.666406
v -4.146227 0.085245 0.666406
v -4.156365 0.085245 0.666406
v -4.156365 0.092130 0.666406
v -4.146227 0.099005 0.666406
v -4.136089 0.106541 0.666406
v -4.156365 0.085245 0.650874
v -4.146227 0.085245 0.650874
v -4.125331 0.085245 0.650874
v -4.136089 0.106541 0.650874
v -4.146227 0.099005 0.650874
v -4.156365 0.092130 0.650874
v -3.994764 0.085245 0.650874
v -3.994764 0.090157 0.650874
v -3.994764 0.085245 0.666406
v -3.994764 0.090157 0.666406
v -4.035936 0.099810 0.650874
v -4.035936 0.118860 0.650874
v -4.035936 0.099810 0.666406
v -4.035936 0.118860 0.666406
v -4.035936 0.085245 0.666406
v -4.015040 0.085245 0.666406
v -4.004902 0.085245 0.666406
v -4.004902 0.092130 0.666406
v -4.015040 0.099005 0.666406
v -4.025178 0.106541 0.666406
v -4.004902 0.085245 0.650874
v -4.015040 0.085245 0.650874
v -4.035936 0.085245 0.650874
v -4.025178 0.106541 0.650874
v -4.015040 0.099005 0.650874
v -4.004902 0.092130 0.650874
v -3.890717 0.089020 -0.180006
v -3.890717 0.089020 -0.186849
v -3.899456 0.089020 -0.179146
v -3.900791 0.089020 -0.185857
v -3.907859 0.089020 -0.176597
v -3.910477 0.089020 -0.182919
v -3.915603 0.089020 -0.172457
v -3.919405 0.089020 -0.178147
v -3.922390 0.089020 -0.166887
v -3.927229 0.089020 -0.171726
v -3.927961 0.089020 -0.160099
v -3.933651 0.089020 -0.163901
v -3.932100 0.089020 -0.152355
v -3.938422 0.089020 -0.154974
v -3.934649 0.089020 -0.143952
v -3.941361 0.089020 -0.145287
v -3.935510 0.089020 -0.135214
v -3.942353 0.089020 -0.135214
v -3.934649 0.089020 -0.126475
v -3.941361 0.089020 -0.125140
v -3.932100 0.089020 -0.118072
v -3.938422 0.089020 -0.115454
v -3.927961 0.089020 -0.110328
v -3.933651 0.089020 -0.106526
v -3.922390 0.089020 -0.103540
v -3.927229 0.089020 -0.098702
v -3.915603 0.089020 -0.097970
v -3.919405 0.089020 -0.092280
v -3.907859 0.089020 -0.093831
v -3.910477 0.089020 -0.087509
v -3.899456 0.089020 -0.091282
v -3.900791 0.089020 -0.084570
v -3.890717 0.089020 -0.090421
v -3.890717 0.089020 -0.083578
v -3.881979 0.089020 -0.091282
v -3.880644 0.089020 -0.084570
v -3.873576 0.089020 -0.093831
v -3.870957 0.089020 -0.087509
v -3.865832 0.089020 -0.097970
v -3.862030 0.089020 -0.092280
v -3.859044 0.089020 -0.103540
v -3.854206 0.089020 -0.098702
v -3.853474 0.089020 -0.110328
v -3.847784 0.089020 -0.106526
v -3.849334 0.089020 -0.118072
v -3.843012 0.089020 -0.115454
v -3.846785 0.089020 -0.126475
v -3.840074 0.089020 -0.125140
v -3.845925 0.089020 -0.135214
v -3.839082 0.089020 -0.135214
v -3.846785 0.089020 -0.143952
v -3.840074 0.089020 -0.145287
v -3.849334 0.089020 -0.152355
v -3.843012 0.089020 -0.154974
v -3.853474 0.089020 -0.160099
v -3.847784 0.089020 -0.163901
v -3.859044 0.089020 -0.166887
v -3.854206 0.089020 -0.171726
v -3.865832 0.089020 -0.172457
v -3.862030 0.089020 -0.178147
v -3.873576 0.089020 -0.176597
v -3.870957 0.089020 -0.182919
v -3.881979 0.089020 -0.179146
v -3.880644 0.089020 -0.185857
v -3.890521 0.087574 -0.093704
v -3.849197 0.088171 -0.135420
v -3.932237 0.088967 -0.135007
v -3.890914 0.089564 -0.176724
v -3.932205 0.092254 -0.134929
v -3.890489 0.090862 -0.093625
v -3.849166 0.091459 -0.135342
v -3.890882 0.092851 -0.176645
v -3.860200 0.089293 0.044071
v -3.860342 0.089293 0.035980
v -3.916648 0.089293 0.036963
v -3.916506 0.089293 0.045054
v -3.861267 0.089293 -0.017024
v -3.917573 0.089293 -0.016041
v -3.917432 0.089293 -0.007950
v -3.893076 0.089293 -0.008375
v -3.892929 0.089293 0.000046
v -3.892733 0.089293 0.003158
v -3.892271 0.089293 0.005972
v -3.891560 0.089293 0.008495
v -3.890617 0.089293 0.010730
v -3.889460 0.089293 0.012681
v -3.888106 0.089293 0.014352
v -3.886574 0.089293 0.015749
v -3.884879 0.089293 0.016875
v -3.883039 0.089293 0.017735
v -3.881073 0.089293 0.018333
v -3.878997 0.089293 0.018673
v -3.876829 0.089293 0.018760
v -3.874640 0.089293 0.018604
v -3.872542 0.089293 0.018212
v -3.870558 0.089293 0.017580
v -3.868704 0.089293 0.016706
v -3.867002 0.089293 0.015586
v -3.865470 0.089293 0.014215
v -3.864129 0.089293 0.012592
v -3.862997 0.089293 0.010712
v -3.862095 0.089293 0.008573
v -3.861442 0.089293 0.006170
v -3.861057 0.089293 0.003501
v -3.860960 0.089293 0.000562
v -3.868391 0.089293 -0.008806
v -3.868225 0.089293 0.000688
v -3.868285 0.089293 0.002422
v -3.868517 0.089293 0.003955
v -3.868906 0.089293 0.005298
v -3.869433 0.089293 0.006460
v -3.870083 0.089293 0.007451
v -3.870839 0.089293 0.008280
v -3.871682 0.089293 0.008958
v -3.872598 0.089293 0.009494
v -3.873569 0.089293 0.009898
v -3.874578 0.089293 0.010180
v -3.875609 0.089293 0.010349
v -3.876644 0.089293 0.010415
v -3.877999 0.089293 0.010359
v -3.879253 0.089293 0.010145
v -3.880405 0.089293 0.009780
v -3.881451 0.089293 0.009270
v -3.882388 0.089293 0.008619
v -3.883214 0.089293 0.007836
v -3.883924 0.089293 0.006924
v -3.884517 0.089293 0.005891
v -3.884989 0.089293 0.004743
v -3.885337 0.089293 0.003484
v -3.885559 0.089293 0.002122
v -3.885651 0.089293 0.000662
v -3.885811 0.089293 -0.008502
v -3.861392 0.089293 -0.024206
v -3.862214 0.089293 -0.071266
v -3.869479 0.089293 -0.071139
v -3.869139 0.089293 -0.051655
v -3.918180 0.089293 -0.050799
v -3.918038 0.089293 -0.042708
v -3.868998 0.089293 -0.043564
v -3.868657 0.089293 -0.024080
v -3.819367 0.255533 1.294809
v -3.512595 0.255533 1.294809
v -3.819367 0.255533 0.988038
v -3.512595 0.255533 0.988038
v -3.148171 0.089351 0.336741
v -3.154305 0.089351 0.333146
v -3.148638 0.089351 0.334313
v -3.149968 0.089351 0.332777
v -3.151958 0.089351 0.332367
v -3.178740 0.089351 0.346824
v -3.178740 0.089351 0.353690
v -3.180620 0.089351 0.348399
v -3.181280 0.089351 0.350257
v -3.180620 0.089351 0.352115
v -3.154305 0.089351 0.367368
v -3.148172 0.089351 0.363772
v -3.151958 0.089351 0.368146
v -3.149968 0.089351 0.367737
v -3.148638 0.089351 0.366201
v -4.144233 0.072580 1.553439
v -4.139738 0.072580 1.553882
v -4.135416 0.072580 1.555193
v -4.131433 0.072580 1.557322
v -4.127941 0.072580 1.560187
v -4.125076 0.072580 1.563679
v -4.122947 0.072580 1.567662
v -4.121635 0.072580 1.571984
v -4.121193 0.072580 1.576479
v -4.121635 0.072580 1.580974
v -4.122947 0.072580 1.585296
v -4.125076 0.072580 1.589280
v -4.127941 0.072580 1.592771
v -4.131433 0.072580 1.595636
v -4.135416 0.072580 1.597766
v -4.139738 0.072580 1.599077
v -4.144233 0.072580 1.599519
v -4.148728 0.072580 1.599077
v -4.153050 0.072580 1.597766
v -4.157033 0.072580 1.595636
v -4.160525 0.072580 1.592771
v -4.163390 0.072580 1.589280
v -4.165519 0.072580 1.585296
v -4.166830 0.072580 1.580974
v -4.167273 0.072580 1.576479
v -4.166830 0.072580 1.571985
v -4.165519 0.072580 1.567662
v -4.163390 0.072580 1.563679
v -4.160525 0.072580 1.560187
v -4.157033 0.072580 1.557322
v -4.153050 0.072580 1.555193
v -4.148728 0.072580 1.553882
v -4.144233 0.090467 1.567186
v -4.144233 0.076787 1.553439
v -4.144233 0.088635 1.560312
v -4.144233 0.083627 1.555281
v -4.142420 0.090467 1.567364
v -4.139738 0.076787 1.553882
v -4.141079 0.088635 1.560623
v -4.140097 0.083627 1.555688
v -4.140676 0.090467 1.567893
v -4.135416 0.076787 1.555193
v -4.138046 0.088635 1.561543
v -4.136120 0.083627 1.556895
v -4.139070 0.090467 1.568752
v -4.131433 0.076787 1.557322
v -4.135251 0.088635 1.563037
v -4.132456 0.083627 1.558853
v -4.137661 0.090467 1.569908
v -4.127941 0.076787 1.560187
v -4.132801 0.088635 1.565048
v -4.129243 0.083627 1.561490
v -4.136505 0.090467 1.571316
v -4.125076 0.076787 1.563679
v -4.130791 0.088635 1.567497
v -4.126607 0.083627 1.564702
v -4.135646 0.090467 1.572923
v -4.122947 0.076787 1.567662
v -4.129296 0.088635 1.570292
v -4.124648 0.083627 1.568367
v -4.135118 0.090467 1.574666
v -4.121635 0.076787 1.571984
v -4.128376 0.088635 1.573325
v -4.123442 0.083627 1.572344
v -4.134939 0.090467 1.576479
v -4.121193 0.076787 1.576479
v -4.128066 0.088635 1.576479
v -4.123034 0.083627 1.576479
v -4.135118 0.090467 1.578292
v -4.121635 0.076787 1.580974
v -4.128376 0.088635 1.579633
v -4.123442 0.083627 1.580615
v -4.135646 0.090467 1.580036
v -4.122947 0.076787 1.585296
v -4.129296 0.088635 1.582666
v -4.124648 0.083627 1.584592
v -4.136505 0.090467 1.581643
v -4.125076 0.076787 1.589280
v -4.130791 0.088635 1.585461
v -4.126607 0.083627 1.588257
v -4.137661 0.090467 1.583051
v -4.127941 0.076787 1.592771
v -4.132801 0.088635 1.587911
v -4.129243 0.083627 1.591469
v -4.139070 0.090467 1.584207
v -4.131433 0.076787 1.595636
v -4.135251 0.088635 1.589922
v -4.132456 0.083627 1.594105
v -4.140676 0.090467 1.585066
v -4.135416 0.076787 1.597766
v -4.138046 0.088635 1.591416
v -4.136120 0.083627 1.596064
v -4.142420 0.090467 1.585595
v -4.139738 0.076787 1.599077
v -4.141079 0.088635 1.592336
v -4.140097 0.083627 1.597270
v -4.144233 0.090467 1.585773
v -4.144233 0.076787 1.599519
v -4.144233 0.088635 1.592646
v -4.144233 0.083627 1.597678
v -4.146046 0.090467 1.585594
v -4.148728 0.076787 1.599077
v -4.147387 0.088635 1.592336
v -4.148368 0.083627 1.597270
v -4.147789 0.090467 1.585066
v -4.153050 0.076787 1.597766
v -4.150420 0.088635 1.591416
v -4.152345 0.083627 1.596064
v -4.149396 0.090467 1.584207
v -4.157033 0.076787 1.595636
v -4.153215 0.088635 1.589922
v -4.156010 0.083627 1.594105
v -4.150805 0.090467 1.583051
v -4.160525 0.076787 1.592771
v -4.155664 0.088635 1.587911
v -4.159223 0.083627 1.591469
v -4.151960 0.090467 1.581643
v -4.163390 0.076787 1.589280
v -4.157675 0.088635 1.585461
v -4.161859 0.083627 1.588257
v -4.152819 0.090467 1.580036
v -4.165519 0.076787 1.585296
v -4.159169 0.088635 1.582666
v -4.163818 0.083627 1.584592
v -4.153348 0.090467 1.578292
v -4.166830 0.076787 1.580974
v -4.160089 0.088635 1.579633
v -4.165024 0.083627 1.580615
v -4.153527 0.090467 1.576479
v -4.167273 0.076787 1.576479
v -4.160400 0.088635 1.576479
v -4.165431 0.083627 1.576479
v -4.153348 0.090467 1.574666
v -4.166830 0.076787 1.571985
v -4.160089 0.088635 1.573325
v -4.165024 0.083627 1.572344
v -4.152819 0.090467 1.572923
v -4.165519 0.076787 1.567662
v -4.159169 0.088635 1.570292
v -4.163818 0.083627 1.568367
v -4.151960 0.090467 1.571316
v -4.163390 0.076787 1.563679
v -4.157675 0.088635 1.567497
v -4.161859 0.083627 1.564702
v -4.150805 0.090467 1.569907
v -4.160525 0.076787 1.560187
v -4.155664 0.088635 1.565048
v -4.159223 0.083627 1.561490
v -4.149396 0.090467 1.568752
v -4.157033 0.076787 1.557322
v -4.153215 0.088635 1.563037
v -4.156010 0.083627 1.558853
v -4.147789 0.090467 1.567893
v -4.153050 0.076787 1.555193
v -4.150420 0.088635 1.561543
v -4.152345 0.083627 1.556895
v -4.146046 0.090467 1.567364
v -4.148728 0.076787 1.553882
v -4.147387 0.088635 1.560623
v -4.148368 0.083627 1.555688
v -3.187728 0.072580 1.553439
v -3.192224 0.072580 1.553882
v -3.196546 0.072580 1.555193
v -3.200529 0.072580 1.557322
v -3.204021 0.072580 1.560187
v -3.206886 0.072580 1.563679
v -3.209015 0.072580 1.567662
v -3.210326 0.072580 1.571985
v -3.210769 0.072580 1.576479
v -3.210326 0.072580 1.580974
v -3.209015 0.072580 1.585296
v -3.206886 0.072580 1.589280
v -3.204021 0.072580 1.592771
v -3.200529 0.072580 1.595636
v -3.196546 0.072580 1.597766
v -3.192224 0.072580 1.599077
v -3.187728 0.072580 1.599519
v -3.183234 0.072580 1.599077
v -3.178911 0.072580 1.597766
v -3.174928 0.072580 1.595636
v -3.171437 0.072580 1.592771
v -3.168571 0.072580 1.589280
v -3.166442 0.072580 1.585296
v -3.165131 0.072580 1.580974
v -3.164688 0.072580 1.576479
v -3.165131 0.072580 1.571985
v -3.166442 0.072580 1.567662
v -3.168571 0.072580 1.563679
v -3.171437 0.072580 1.560187
v -3.174928 0.072580 1.557322
v -3.178911 0.072580 1.555193
v -3.183234 0.072580 1.553882
v -3.187728 0.090467 1.567186
v -3.187728 0.076787 1.553439
v -3.187728 0.088635 1.560312
v -3.187728 0.083627 1.555281
v -3.189542 0.090467 1.567364
v -3.192224 0.076787 1.553882
v -3.190883 0.088635 1.560623
v -3.191864 0.083627 1.555688
v -3.191285 0.090467 1.567893
v -3.196546 0.076787 1.555193
v -3.193915 0.088635 1.561543
v -3.195841 0.083627 1.556895
v -3.192892 0.090467 1.568752
v -3.200529 0.076787 1.557322
v -3.196710 0.088635 1.563037
v -3.199506 0.083627 1.558854
v -3.194300 0.090467 1.569908
v -3.204021 0.076787 1.560187
v -3.199160 0.088635 1.565048
v -3.202718 0.083627 1.561490
v -3.195456 0.090467 1.571316
v -3.206886 0.076787 1.563679
v -3.201171 0.088635 1.567497
v -3.205354 0.083627 1.564702
v -3.196315 0.090467 1.572923
v -3.209015 0.076787 1.567662
v -3.202665 0.088635 1.570292
v -3.207314 0.083627 1.568367
v -3.196844 0.090467 1.574666
v -3.210326 0.076787 1.571985
v -3.203585 0.088635 1.573325
v -3.208520 0.083627 1.572344
v -3.197022 0.090467 1.576479
v -3.210769 0.076787 1.576479
v -3.203896 0.088635 1.576479
v -3.208927 0.083627 1.576479
v -3.196844 0.090467 1.578292
v -3.210326 0.076787 1.580974
v -3.203585 0.088635 1.579633
v -3.208520 0.083627 1.580615
v -3.196315 0.090467 1.580036
v -3.209015 0.076787 1.585296
v -3.202665 0.088635 1.582666
v -3.207314 0.083627 1.584592
v -3.195456 0.090467 1.581643
v -3.206886 0.076787 1.589280
v -3.201171 0.088635 1.585461
v -3.205354 0.083627 1.588257
v -3.194300 0.090467 1.583051
v -3.204021 0.076787 1.592771
v -3.199160 0.088635 1.587911
v -3.202718 0.083627 1.591469
v -3.192892 0.090467 1.584207
v -3.200529 0.076787 1.595636
v -3.196711 0.088635 1.589922
v -3.199506 0.083627 1.594105
v -3.191285 0.090467 1.585066
v -3.196546 0.076787 1.597766
v -3.193915 0.088635 1.591416
v -3.195841 0.083627 1.596064
v -3.189542 0.090467 1.585595
v -3.192224 0.076787 1.599077
v -3.190883 0.088635 1.592336
v -3.191864 0.083627 1.597270
v -3.187728 0.090467 1.585773
v -3.187728 0.076787 1.599519
v -3.187728 0.088635 1.592646
v -3.187728 0.083627 1.597678
v -3.185915 0.090467 1.585594
v -3.183234 0.076787 1.599077
v -3.184574 0.088635 1.592336
v -3.183593 0.083627 1.597270
v -3.184172 0.090467 1.585066
v -3.178911 0.076787 1.597766
v -3.181542 0.088635 1.591416
v -3.179616 0.083627 1.596064
v -3.182565 0.090467 1.584207
v -3.174928 0.076787 1.595636
v -3.178747 0.088635 1.589922
v -3.175951 0.083627 1.594105
v -3.181157 0.090467 1.583051
v -3.171437 0.076787 1.592771
v -3.176297 0.088635 1.587911
v -3.172739 0.083627 1.591469
v -3.180001 0.090467 1.581643
v -3.168571 0.076787 1.589280
v -3.174286 0.088635 1.585461
v -3.170103 0.083627 1.588257
v -3.179142 0.090467 1.580036
v -3.166442 0.076787 1.585296
v -3.172792 0.088635 1.582666
v -3.168144 0.083627 1.584592
v -3.178613 0.090467 1.578292
v -3.165131 0.076787 1.580974
v -3.171872 0.088635 1.579633
v -3.166937 0.083627 1.580615
v -3.178435 0.090467 1.576479
v -3.164688 0.076787 1.576479
v -3.171562 0.088635 1.576479
v -3.166530 0.083627 1.576479
v -3.178613 0.090467 1.574666
v -3.165131 0.076787 1.571985
v -3.171872 0.088635 1.573325
v -3.166937 0.083627 1.572344
v -3.179142 0.090467 1.572923
v -3.166442 0.076787 1.567662
v -3.172792 0.088635 1.570292
v -3.168144 0.083627 1.568367
v -3.180001 0.090467 1.571316
v -3.168571 0.076787 1.563679
v -3.174286 0.088635 1.567497
v -3.170103 0.083627 1.564702
v -3.181157 0.090467 1.569908
v -3.171437 0.076787 1.560187
v -3.176297 0.088635 1.565048
v -3.172739 0.083627 1.561490
v -3.182565 0.090467 1.568752
v -3.174928 0.076787 1.557322
v -3.178747 0.088635 1.563037
v -3.175951 0.083627 1.558853
v -3.184172 0.090467 1.567893
v -3.178911 0.076787 1.555193
v -3.181542 0.088635 1.561543
v -3.179616 0.083627 1.556895
v -3.185915 0.090467 1.567364
v -3.183234 0.076787 1.553882
v -3.184575 0.088635 1.560623
v -3.183593 0.083627 1.555688
v -3.195004 0.086679 -0.200659
v -3.199499 0.086679 -0.200216
v -3.203821 0.086679 -0.198905
v -3.207804 0.086679 -0.196776
v -3.211296 0.086679 -0.193910
v -3.214161 0.086679 -0.190419
v -3.216290 0.086679 -0.186436
v -3.217601 0.086679 -0.182113
v -3.218044 0.086679 -0.177618
v -3.217601 0.086679 -0.173124
v -3.216290 0.086679 -0.168801
v -3.214161 0.086679 -0.164818
v -3.211296 0.086679 -0.161327
v -3.207804 0.086679 -0.158461
v -3.203821 0.086679 -0.156332
v -3.199499 0.086679 -0.155021
v -3.195004 0.086679 -0.154578
v -3.190509 0.086679 -0.155021
v -3.186187 0.086679 -0.156332
v -3.182204 0.086679 -0.158461
v -3.178712 0.086679 -0.161327
v -3.175847 0.086679 -0.164818
v -3.173717 0.086679 -0.168801
v -3.172406 0.086679 -0.173124
v -3.171964 0.086679 -0.177619
v -3.172406 0.086679 -0.182113
v -3.173717 0.086679 -0.186436
v -3.175847 0.086679 -0.190419
v -3.178712 0.086679 -0.193910
v -3.182203 0.086679 -0.196776
v -3.186187 0.086679 -0.198905
v -3.190509 0.086679 -0.200216
v -3.195004 0.104566 -0.186912
v -3.195004 0.090886 -0.200659
v -3.195004 0.102734 -0.193785
v -3.195004 0.097726 -0.198817
v -3.196817 0.104566 -0.186734
v -3.199499 0.090886 -0.200216
v -3.198158 0.102734 -0.193475
v -3.199139 0.097726 -0.198409
v -3.198560 0.104566 -0.186205
v -3.203821 0.090886 -0.198905
v -3.201191 0.102734 -0.192555
v -3.203116 0.097726 -0.197203
v -3.200167 0.104566 -0.185346
v -3.207804 0.090886 -0.196776
v -3.203986 0.102734 -0.191061
v -3.206781 0.097726 -0.195244
v -3.201576 0.104566 -0.184190
v -3.211296 0.090886 -0.193910
v -3.206436 0.102734 -0.189050
v -3.209993 0.097726 -0.192608
v -3.202731 0.104566 -0.182782
v -3.214161 0.090886 -0.190419
v -3.208446 0.102734 -0.186600
v -3.212630 0.097726 -0.189396
v -3.203590 0.104566 -0.181175
v -3.216290 0.090886 -0.186436
v -3.209940 0.102734 -0.183805
v -3.214589 0.097726 -0.185731
v -3.204119 0.104566 -0.179431
v -3.217601 0.090886 -0.182113
v -3.210860 0.102734 -0.180772
v -3.215795 0.097726 -0.181754
v -3.204298 0.104566 -0.177619
v -3.218044 0.090886 -0.177618
v -3.211171 0.102734 -0.177618
v -3.216202 0.097726 -0.177618
v -3.204119 0.104566 -0.175805
v -3.217601 0.090886 -0.173124
v -3.210860 0.102734 -0.174464
v -3.215795 0.097726 -0.173483
v -3.203590 0.104566 -0.174062
v -3.216290 0.090886 -0.168801
v -3.209940 0.102734 -0.171432
v -3.214589 0.097726 -0.169506
v -3.202731 0.104566 -0.172455
v -3.214161 0.090886 -0.164818
v -3.208446 0.102734 -0.168637
v -3.212630 0.097726 -0.165841
v -3.201576 0.104566 -0.171047
v -3.211296 0.090886 -0.161327
v -3.206436 0.102734 -0.166187
v -3.209993 0.097726 -0.162629
v -3.200167 0.104566 -0.169891
v -3.207804 0.090886 -0.158461
v -3.203986 0.102734 -0.164176
v -3.206781 0.097726 -0.159993
v -3.198560 0.104566 -0.169032
v -3.203821 0.090886 -0.156332
v -3.201191 0.102734 -0.162682
v -3.203116 0.097726 -0.158034
v -3.196817 0.104566 -0.168503
v -3.199499 0.090886 -0.155021
v -3.198158 0.102734 -0.161762
v -3.199140 0.097726 -0.156827
v -3.195004 0.104566 -0.168325
v -3.195004 0.090886 -0.154578
v -3.195004 0.102734 -0.161452
v -3.195004 0.097726 -0.156420
v -3.193191 0.104566 -0.168503
v -3.190509 0.090886 -0.155021
v -3.191850 0.102734 -0.161762
v -3.190868 0.097726 -0.156827
v -3.191447 0.104566 -0.169032
v -3.186187 0.090886 -0.156332
v -3.188817 0.102734 -0.162682
v -3.186892 0.097726 -0.158034
v -3.189841 0.104566 -0.169891
v -3.182204 0.090886 -0.158461
v -3.186022 0.102734 -0.164176
v -3.183227 0.097726 -0.159993
v -3.188432 0.104566 -0.171047
v -3.178712 0.090886 -0.161327
v -3.183572 0.102734 -0.166187
v -3.180014 0.097726 -0.162629
v -3.187276 0.104566 -0.172455
v -3.175847 0.090886 -0.164818
v -3.181561 0.102734 -0.168637
v -3.177378 0.097726 -0.165841
v -3.186417 0.104566 -0.174062
v -3.173717 0.090886 -0.168801
v -3.180068 0.102734 -0.171432
v -3.175419 0.097726 -0.169506
v -3.185889 0.104566 -0.175805
v -3.172406 0.090886 -0.173124
v -3.179147 0.102734 -0.174464
v -3.174213 0.097726 -0.173483
v -3.185710 0.104566 -0.177618
v -3.171964 0.090886 -0.177619
v -3.178837 0.102734 -0.177618
v -3.173805 0.097726 -0.177619
v -3.185889 0.104566 -0.179432
v -3.172406 0.090886 -0.182113
v -3.179147 0.102734 -0.180772
v -3.174213 0.097726 -0.181754
v -3.186418 0.104566 -0.181175
v -3.173717 0.090886 -0.186436
v -3.180068 0.102734 -0.183805
v -3.175419 0.097726 -0.185731
v -3.187276 0.104566 -0.182782
v -3.175847 0.090886 -0.190419
v -3.181561 0.102734 -0.186600
v -3.177378 0.097726 -0.189396
v -3.188432 0.104566 -0.184190
v -3.178712 0.090886 -0.193910
v -3.183572 0.102734 -0.189050
v -3.180014 0.097726 -0.192608
v -3.189841 0.104566 -0.185346
v -3.182203 0.090886 -0.196776
v -3.186022 0.102734 -0.191061
v -3.183227 0.097726 -0.195244
v -3.191447 0.104566 -0.186205
v -3.186187 0.090886 -0.198905
v -3.188817 0.102734 -0.192555
v -3.186892 0.097726 -0.197203
v -3.193191 0.104566 -0.186734
v -3.190509 0.090886 -0.200216
v -3.191850 0.102734 -0.193475
v -3.190868 0.097726 -0.198410
vn -0.0001 1.0000 -0.0000
vn -0.0000 1.0000 -0.0000
vn 0.0001 1.0000 -0.0000
vn -1.0000 -0.0000 -0.0000
vn -0.0000 -0.0000 -1.0000
vn 1.0000 -0.0000 -0.0000
vn -0.0000 -0.0000 1.0000
vn -0.0000 -1.0000 -0.0000
vn -1.0000 -0.0000 -0.0071
vn 0.1565 -0.0000 0.9877
vn 0.8910 -0.0000 -0.4540
vn 0.9511 -0.0000 -0.3090
vn 0.0001 -0.0000 1.0000
vn -0.1563 -0.0000 0.9877
vn -0.4244 -0.0000 0.9055
vn -0.3520 -0.0000 0.9360
vn -0.2653 -0.0000 0.9642
vn -0.1889 -0.0000 0.9820
vn -0.6835 -0.0000 0.7300
vn -0.6241 -0.0000 0.7814
vn -0.5503 -0.0000 0.8350
vn -0.4831 -0.0000 0.8756
vn -0.8756 -0.0000 0.4831
vn -0.8350 -0.0000 0.5503
vn -0.7814 -0.0000 0.6241
vn -0.7300 -0.0000 0.6835
vn -0.9820 -0.0000 0.1889
vn -0.9642 -0.0000 0.2653
vn -0.9360 -0.0000 0.3520
vn -0.9055 -0.0000 0.4244
vn -1.0000 -0.0000 0.0038
vn -0.9989 -0.0000 0.0466
vn -0.9954 -0.0000 0.0960
vn -0.9904 -0.0000 0.1386
vn 0.1889 -0.0000 0.9820
vn 0.2653 -0.0000 0.9642
vn 0.3520 -0.0000 0.9360
vn 0.4244 -0.0000 0.9055
vn 0.4831 -0.0000 0.8756
vn 0.5503 -0.0000 0.8350
vn 0.6241 -0.0000 0.7814
vn 0.6834 -0.0000 0.7300
vn 0.7300 -0.0000 0.6834
vn 0.7814 -0.0000 0.6241
vn 0.8350 -0.0000 0.5503
vn 0.8756 -0.0000 0.4831
vn 0.9055 -0.0000 0.4244
vn 0.9360 -0.0000 0.3521
vn 0.9642 -0.0000 0.2653
vn 0.9820 -0.0000 0.1889
vn 0.9923 -0.0000 0.1238
vn 0.9990 -0.0000 0.0456
vn 0.9990 -0.0000 -0.0455
vn 0.9923 -0.0000 -0.1238
vn -0.0654 -0.0000 0.9979
vn -0.2588 -0.0000 0.9659
vn -0.5000 -0.0000 0.8660
vn -0.7071 -0.0000 0.7071
vn -0.8660 -0.0000 0.5000
vn -0.9659 -0.0000 0.2588
vn -0.9979 -0.0000 0.0654
vn -0.0654 -0.0000 -0.9979
vn -0.2588 -0.0000 -0.9659
vn -0.5000 -0.0000 -0.8660
vn -0.7071 -0.0000 -0.7071
vn -0.8660 -0.0000 -0.5000
vn -0.9659 -0.0000 -0.2588
vn -0.9979 -0.0000 -0.0654
vn 0.9979 -0.0000 -0.0654
vn 0.9659 -0.0000 -0.2588
vn 0.8660 -0.0000 -0.5000
vn 0.7071 -0.0000 -0.7071
vn 0.5000 -0.0000 -0.8660
vn 0.2588 -0.0000 -0.9659
vn 0.0654 -0.0000 -0.9979
vn 0.0654 -0.0000 0.9979
vn 0.2588 -0.0000 0.9659
vn 0.5000 -0.0000 0.8660
vn 0.7071 -0.0000 0.7071
vn 0.8660 -0.0000 0.5000
vn 0.9659 -0.0000 0.2588
vn 0.9979 -0.0000 0.0654
vn -0.1951 -0.0000 0.9808
vn -0.3827 -0.0000 0.9239
vn -0.5556 -0.0000 0.8315
vn -0.8315 -0.0000 0.5556
vn -0.9239 -0.0000 0.3827
vn -0.9808 -0.0000 0.1951
vn -0.9808 -0.0000 -0.1951
vn -0.9239 -0.0000 -0.3827
vn -0.8315 -0.0000 -0.5556
vn -0.5556 -0.0000 -0.8315
vn -0.3827 -0.0000 -0.9239
vn -0.1951 -0.0000 -0.9808
vn 0.1951 -0.0000 -0.9808
vn 0.3827 -0.0000 -0.9239
vn 0.5556 -0.0000 -0.8315
vn 0.8315 -0.0000 -0.5556
vn 0.9239 -0.0000 -0.3827
vn 0.9808 -0.0000 -0.1951
vn 0.9808 -0.0000 0.1951
vn 0.9239 -0.0000 0.3827
vn 0.8315 -0.0000 0.5556
vn 0.5556 -0.0000 0.8315
vn 0.3827 -0.0000 0.9239
vn 0.1951 -0.0000 0.9808
vn -1.0000 0.0028 -0.0000
vn 1.0000 0.0027 -0.0000
vn -0.8564 -0.0000 0.5164
vn 0.8564 -0.0000 0.5164
vn 0.3090 -0.0000 -0.9511
vn 0.5878 -0.0000 -0.8090
vn 0.8090 -0.0000 -0.5878
vn 0.9511 -0.0000 0.3090
vn 0.8090 -0.0000 0.5878
vn 0.5878 -0.0000 0.8090
vn 0.3090 -0.0000 0.9511
vn -0.3090 -0.0000 0.9511
vn -0.5878 -0.0000 0.8090
vn -0.8090 -0.0000 0.5878
vn -0.9511 -0.0000 0.3090
vn -0.9511 -0.0000 -0.3090
vn -0.8090 -0.0000 -0.5878
vn -0.5878 -0.0000 -0.8090
vn 0.2617 0.5316 -0.8055
vn -0.0000 0.5316 -0.8470
vn -0.0000 0.6981 -0.7160
vn 0.2213 0.6981 -0.6810
vn -0.3090 -0.0000 -0.9511
vn -0.6810 0.6981 -0.2213
vn -0.7160 0.6981 -0.0000
vn -0.5267 0.8500 -0.0000
vn -0.5009 0.8500 -0.1628
vn -0.6852 0.5316 0.4978
vn -0.4978 0.5316 0.6852
vn -0.4209 0.6981 0.5793
vn -0.5793 0.6981 0.4209
vn -0.4978 0.5316 -0.6852
vn -0.6852 0.5316 -0.4978
vn -0.5793 0.6981 -0.4209
vn -0.4209 0.6981 -0.5793
vn 0.8055 0.5316 0.2617
vn 0.8470 0.5316 -0.0000
vn 0.7160 0.6981 -0.0000
vn 0.6810 0.6981 0.2213
vn -0.2617 0.5316 0.8055
vn -0.0000 0.5316 0.8470
vn -0.0000 0.6981 0.7160
vn -0.2213 0.6981 0.6810
vn -0.8055 0.5316 -0.2617
vn -0.8470 0.5316 -0.0000
vn 0.8055 0.5316 -0.2617
vn 0.6852 0.5316 -0.4978
vn 0.5793 0.6981 -0.4209
vn 0.6810 0.6981 -0.2213
vn 0.2617 0.5316 0.8055
vn 0.4978 0.5316 0.6852
vn 0.4209 0.6981 0.5793
vn 0.2213 0.6981 0.6810
vn -0.8055 0.5316 0.2617
vn -0.6810 0.6981 0.2213
vn -0.2617 0.5316 -0.8055
vn -0.2213 0.6981 -0.6810
vn 0.4978 0.5316 -0.6852
vn 0.4209 0.6981 -0.5793
vn 0.6852 0.5316 0.4978
vn 0.5793 0.6981 0.4209
vn 0.3096 0.8500 0.4261
vn 0.1628 0.8500 0.5009
vn 0.1628 0.8500 -0.5009
vn 0.3096 0.8500 -0.4261
vn -0.4261 0.8500 -0.3096
vn -0.0000 0.8500 0.5267
vn 0.4261 0.8500 -0.3096
vn -0.3096 0.8500 -0.4261
vn -0.1628 0.8500 0.5009
vn 0.5009 0.8500 -0.1628
vn -0.1628 0.8500 -0.5009
vn -0.3096 0.8500 0.4261
vn 0.5267 0.8500 -0.0000
vn -0.0000 0.8500 -0.5267
vn -0.4261 0.8500 0.3096
vn 0.5009 0.8500 0.1628
vn -0.5009 0.8500 0.1628
vn 0.4261 0.8500 0.3096
vn 0.1305 -0.0000 0.9914
vn 0.9914 -0.0000 0.1305
vn 0.1305 -0.0000 -0.9914
vn 0.9914 -0.0000 -0.1305
vn -0.9914 -0.0000 -0.1305
vn -0.1305 -0.0000 -0.9914
vn -0.1305 -0.0000 0.9914
vn -0.9914 -0.0000 0.1305
vn 0.9811 0.1937 -0.0000
vn -0.0000 0.1937 -0.9811
vn -0.9811 0.1937 -0.0000
vn -0.0000 0.1937 0.9811
vn 0.9268 0.3755 -0.0000
vn -0.8792 0.4764 -0.0000
vn -0.0000 0.3755 0.9268
vn -0.0000 0.3755 -0.9268
vn -0.9268 0.3755 -0.0000
vn 0.8792 0.4764 -0.0000
vn -0.0000 0.4764 0.8792
vn -0.0000 0.4764 -0.8792
vn 0.9914 -0.0000 0.1306
vn 0.9914 -0.0000 -0.1306
vn 0.2757 0.4515 0.8486
vn 0.6241 0.6363 0.4534
vn 0.2233 0.6912 0.6873
vn -0.7219 0.4515 0.5245
vn -0.2384 0.6363 0.7337
vn -0.5847 0.6912 0.4248
vn -0.7219 0.4515 -0.5245
vn -0.7714 0.6363 -0.0000
vn -0.5847 0.6912 -0.4248
vn 0.2757 0.4515 -0.8486
vn -0.2384 0.6363 -0.7337
vn 0.2233 0.6912 -0.6873
vn 0.8923 0.4515 -0.0000
vn 0.6241 0.6363 -0.4534
vn 0.7227 0.6912 -0.0000
vn 0.7821 0.5410 -0.3092
vn 0.5358 0.5410 -0.6483
vn -0.0524 0.5410 -0.8394
vn -0.4510 0.5410 -0.7099
vn -0.8145 0.5410 -0.2096
vn -0.8145 0.5410 0.2096
vn -0.4510 0.5410 0.7099
vn -0.0524 0.5410 0.8394
vn 0.5358 0.5410 0.6483
vn 0.7821 0.5410 0.3092
vn -0.8145 0.5410 -0.2095
vn -0.8145 0.5410 0.2095
vn -0.0590 0.9965 0.0590
vn -0.0590 0.9965 -0.0590
vn -0.1980 0.9600 -0.1980
vn -0.1980 0.9600 0.1980
vn -0.6430 0.7658 -0.0000
vn -0.8406 0.5417 -0.0000
vn -0.9605 0.2784 -0.0000
vn -0.9972 0.0744 -0.0000
vn 0.0590 0.9965 -0.0590
vn 0.0590 0.9965 0.0590
vn 0.1980 0.9600 0.1980
vn 0.1980 0.9600 -0.1980
vn 0.6430 0.7659 -0.0000
vn 0.8405 0.5417 -0.0000
vn 0.8406 0.5417 -0.0000
vn 0.9605 0.2784 -0.0000
vn 0.9972 0.0744 -0.0000
vn -0.0000 0.7658 -0.6430
vn -0.0000 0.5417 -0.8406
vn -0.0000 0.2784 -0.9605
vn -0.0000 0.0744 -0.9972
vn -0.0000 0.0744 0.9972
vn -0.0000 0.2784 0.9605
vn -0.0000 0.5417 0.8406
vn -0.0000 0.7659 0.6430
vn -0.9984 -0.0565 -0.0000
vn 0.9984 -0.0565 -0.0000
vn -0.9659 -0.0000 0.2589
vn -0.9929 -0.0000 0.1187
vn -0.9914 -0.0000 0.1306
vn -0.9659 -0.0000 -0.2589
vn -0.9914 -0.0000 -0.1306
vn -0.9929 -0.0000 -0.1187
vn 0.9929 -0.0000 -0.1187
vn 0.9659 -0.0000 -0.2589
vn 0.9659 -0.0000 0.2589
vn 0.9929 -0.0000 0.1187
vn -0.0000 0.9925 0.1226
vn -0.0000 0.9925 -0.1226
vn -0.0000 0.9446 -0.3281
vn -0.0000 0.8918 -0.4524
vn -0.0000 0.9446 0.3281
vn -0.0000 0.8918 0.4524
vn 0.0002 1.0000 -0.0000
vn -0.0002 1.0000 -0.0000
vn 0.0006 1.0000 -0.0000
vn -0.0003 1.0000 -0.0000
vn -0.0004 1.0000 -0.0000
vn -0.3839 0.9234 -0.0000
vn -0.1910 0.9816 -0.0000
vn -0.7532 0.6578 -0.0000
vn -0.6788 0.7343 -0.0000
vn -0.5791 0.8153 -0.0000
vn 0.3839 0.9234 -0.0000
vn 0.1910 0.9816 -0.0000
vn 0.7532 0.6578 -0.0000
vn 0.6788 0.7343 -0.0000
vn 0.5791 0.8153 -0.0000
vn -0.0097 -0.9997 -0.0239
vn 0.0097 0.9997 0.0239
vn -0.7104 0.0237 -0.7034
vn 0.7104 -0.0237 0.7034
vn 0.7037 0.0102 -0.7104
vn -0.7037 -0.0101 0.7104
vn -0.1736 0.9848 -0.0000
vn 0.1934 0.1301 -0.9725
vn -0.0000 0.1301 -0.9915
vn -0.0000 0.4947 -0.8691
vn 0.1695 0.4947 -0.8524
vn -0.0000 0.8600 -0.5104
vn 0.0996 0.8600 -0.5006
vn -0.0000 0.9904 -0.1379
vn 0.0269 0.9904 -0.1352
vn 0.3794 0.1301 -0.9160
vn 0.3326 0.4947 -0.8029
vn 0.1953 0.8600 -0.4715
vn 0.0528 0.9904 -0.1274
vn 0.5509 0.1301 -0.8244
vn 0.4828 0.4947 -0.7226
vn 0.2835 0.8600 -0.4243
vn 0.0766 0.9904 -0.1147
vn 0.7011 0.1301 -0.7011
vn 0.6145 0.4947 -0.6145
vn 0.3609 0.8600 -0.3609
vn 0.0975 0.9904 -0.0975
vn 0.8244 0.1301 -0.5508
vn 0.7226 0.4947 -0.4828
vn 0.4243 0.8600 -0.2836
vn 0.1147 0.9904 -0.0766
vn 0.9160 0.1301 -0.3794
vn 0.8029 0.4947 -0.3326
vn 0.4715 0.8599 -0.1953
vn 0.1274 0.9904 -0.0528
vn 0.9725 0.1301 -0.1934
vn 0.8524 0.4947 -0.1695
vn 0.5006 0.8600 -0.0995
vn 0.1352 0.9904 -0.0269
vn 0.9915 0.1301 -0.0000
vn 0.8691 0.4947 -0.0000
vn 0.5103 0.8600 -0.0000
vn 0.1379 0.9904 -0.0000
vn 0.9725 0.1301 0.1934
vn 0.8524 0.4947 0.1695
vn 0.5006 0.8600 0.0995
vn 0.1352 0.9904 0.0269
vn 0.9160 0.1301 0.3794
vn 0.8029 0.4947 0.3326
vn 0.4715 0.8599 0.1953
vn 0.1274 0.9904 0.0528
vn 0.8244 0.1301 0.5508
vn 0.7226 0.4947 0.4828
vn 0.4243 0.8600 0.2836
vn 0.1147 0.9904 0.0766
vn 0.7011 0.1301 0.7011
vn 0.6145 0.4947 0.6145
vn 0.3609 0.8600 0.3609
vn 0.0975 0.9904 0.0975
vn 0.5509 0.1301 0.8244
vn 0.4828 0.4947 0.7226
vn 0.2835 0.8600 0.4243
vn 0.0766 0.9904 0.1147
vn 0.3794 0.1301 0.9160
vn 0.3326 0.4947 0.8029
vn 0.1953 0.8600 0.4715
vn 0.0528 0.9904 0.1274
vn 0.1934 0.1301 0.9725
vn 0.1695 0.4947 0.8524
vn 0.0996 0.8600 0.5006
vn 0.0269 0.9904 0.1352
vn -0.0000 0.1301 0.9915
vn -0.0000 0.4947 0.8691
vn -0.0000 0.8600 0.5104
vn -0.0000 0.9904 0.1379
vn -0.1934 0.1301 0.9725
vn -0.1695 0.4947 0.8524
vn -0.0996 0.8600 0.5005
vn -0.0269 0.9904 0.1352
vn -0.3794 0.1301 0.9160
vn -0.3326 0.4947 0.8029
vn -0.1953 0.8600 0.4715
vn -0.0528 0.9904 0.1274
vn -0.5508 0.1301 0.8244
vn -0.4828 0.4947 0.7226
vn -0.2835 0.8600 0.4244
vn -0.0766 0.9904 0.1147
vn -0.7011 0.1301 0.7011
vn -0.6145 0.4947 0.6145
vn -0.3609 0.8600 0.3609
vn -0.0975 0.9904 0.0975
vn -0.8244 0.1301 0.5508
vn -0.7226 0.4947 0.4828
vn -0.4244 0.8600 0.2835
vn -0.1147 0.9904 0.0766
vn -0.9160 0.1301 0.3794
vn -0.8029 0.4947 0.3326
vn -0.4715 0.8600 0.1953
vn -0.1274 0.9904 0.0528
vn -0.9725 0.1301 0.1934
vn -0.8524 0.4947 0.1695
vn -0.5005 0.8600 0.0996
vn -0.1352 0.9904 0.0269
vn -0.9915 0.1301 -0.0000
vn -0.8691 0.4947 -0.0000
vn -0.5104 0.8600 -0.0000
vn -0.1379 0.9904 -0.0000
vn -0.9725 0.1301 -0.1934
vn -0.8524 0.4947 -0.1695
vn -0.5005 0.8600 -0.0996
vn -0.1352 0.9904 -0.0269
vn -0.9160 0.1301 -0.3794
vn -0.8029 0.4947 -0.3326
vn -0.4715 0.8600 -0.1953
vn -0.1274 0.9904 -0.0528
vn -0.8244 0.1301 -0.5508
vn -0.7226 0.4947 -0.4828
vn -0.4243 0.8600 -0.2835
vn -0.1147 0.9904 -0.0766
vn -0.7011 0.1301 -0.7011
vn -0.6145 0.4947 -0.6145
vn -0.3609 0.8600 -0.3609
vn -0.0975 0.9904 -0.0975
vn -0.5508 0.1301 -0.8244
vn -0.4828 0.4947 -0.7226
vn -0.2835 0.8600 -0.4244
vn -0.0766 0.9904 -0.1147
vn -0.3794 0.1301 -0.9160
vn -0.3326 0.4947 -0.8029
vn -0.1953 0.8600 -0.4715
vn -0.0528 0.9904 -0.1274
vn -0.1934 0.1301 -0.9725
vn -0.1695 0.4947 -0.8524
vn -0.0996 0.8600 -0.5006
vn -0.0269 0.9904 -0.1352
vn -0.5555 -0.0000 -0.8315
vn -0.0000 0.8600 -0.5103
vn -0.0269 0.9904 0.1353
vn 0.1696 0.4947 0.8524
vn 0.8244 0.1301 0.5509
vn 0.4715 0.8600 0.1953
vn 0.5006 0.8600 0.0996
vn 0.1353 0.9904 0.0269
vn 0.5006 0.8600 -0.0996
vn 0.4715 0.8600 -0.1953
vn 0.8244 0.1301 -0.5509
vn 0.4243 0.8600 -0.2835
vn 0.2835 0.8600 -0.4244
vn -0.5509 0.1301 -0.8244
vn -0.8244 0.1301 -0.5509
vn -0.4244 0.8600 -0.2835
vn -0.5006 0.8600 -0.0996
vn -0.5006 0.8600 0.0996
vn -0.1353 0.9904 0.0269
vn -0.8244 0.1301 0.5509
vn -0.4243 0.8600 0.2835
vn -0.0996 0.8600 0.5006
vn -0.0000 0.8600 0.5103
vn 0.5508 0.1301 0.8244
vn 0.0766 0.9904 0.1146
vn 0.4243 0.8600 0.2835
vn 0.1146 0.9904 0.0766
vn 0.5104 0.8600 -0.0000
vn 0.0996 0.8600 -0.5005
vt 0.295455 0.000000
vt 0.272727 0.000000
vt 0.284091 0.000000
vt 0.306818 0.000000
vt 0.318182 0.000000
vt 0.261364 0.000000
vt 0.329545 0.000000
vt 0.250000 0.000000
vt 0.340909 0.000000
vt 0.352273 0.000000
vt 0.238636 0.000000
vt 0.363636 0.000000
vt 0.375000 0.000000
vt 0.227273 0.000000
vt 0.386364 0.000000
vt 0.397727 0.000000
vt 0.215909 0.000000
vt 0.409091 0.000000
vt 0.420455 0.000000
vt 0.204545 0.000000
vt 0.431818 0.000000
vt 0.443182 0.000000
vt 0.454545 0.000000
vt 0.465909 0.000000
vt 0.477273 0.000000
vt 0.488636 0.000000
vt 0.500000 0.000000
vt 0.511364 0.000000
vt 0.522727 0.000000
vt 0.534091 0.000000
vt 0.545455 0.000000
vt 0.556818 0.000000
vt 0.568182 0.000000
vt 0.193182 0.000000
vt 0.579545 0.000000
vt 0.590909 0.000000
vt 0.602273 0.000000
vt 0.181818 0.000000
vt 0.613636 0.000000
vt 0.625000 0.000000
vt 0.636364 0.000000
vt 0.170455 0.000000
vt 0.647727 0.000000
vt 0.659091 0.000000
vt 0.159091 0.000000
vt 0.670455 0.000000
vt 0.681818 0.000000
vt 0.147727 0.000000
vt 0.693182 0.000000
vt 0.704545 0.000000
vt 0.136364 0.000000
vt 0.715909 0.000000
vt 0.727273 0.000000
vt 0.125000 0.000000
vt 0.738636 0.000000
vt 0.750000 0.000000
vt 0.113636 0.000000
vt 0.761364 0.000000
vt 0.772727 0.000000
vt 0.102273 0.000000
vt 0.784091 0.000000
vt 0.795455 0.000000
vt 0.806818 0.000000
vt 0.090909 0.000000
vt 0.818182 0.000000
vt 0.829545 0.000000
vt 0.079545 0.000000
vt 0.840909 0.000000
vt 0.852273 0.000000
vt 0.068182 0.000000
vt 0.863636 0.000000
vt 0.056818 0.000000
vt 0.875000 0.000000
vt 0.045455 0.000000
vt 0.886364 0.000000
vt 0.897727 0.000000
vt 0.034091 0.000000
vt 0.909091 0.000000
vt 0.022727 0.000000
vt 0.920455 0.000000
vt 0.011364 0.000000
vt 0.931818 0.000000
vt 0.943182 0.000000
vt 0.000000 0.000000
vt 1.000000 0.000000
vt 0.954545 0.000000
vt 0.965909 0.000000
vt 0.977273 0.000000
vt 0.988636 0.000000
vt 0.688312 0.000000
vt 0.662338 0.000000
vt 0.675325 0.000000
vt 0.649351 0.000000
vt 0.025974 0.000000
vt 0.012987 0.000000
vt 0.038961 0.000000
vt 0.051948 0.000000
vt 0.987013 0.000000
vt 0.623377 0.000000
vt 0.701299 0.000000
vt 0.064935 0.000000
vt 0.610390 0.000000
vt 0.077922 0.000000
vt 0.597403 0.000000
vt 0.974026 0.000000
vt 0.584416 0.000000
vt 0.714286 0.000000
vt 0.103896 0.000000
vt 0.571429 0.000000
vt 0.116883 0.000000
vt 0.558442 0.000000
vt 0.961039 0.000000
vt 0.129870 0.000000
vt 0.142857 0.000000
vt 0.532468 0.000000
vt 0.155844 0.000000
vt 0.519481 0.000000
vt 0.506494 0.000000
vt 0.168831 0.000000
vt 0.948052 0.000000
vt 0.493506 0.000000
vt 0.480519 0.000000
vt 0.740260 0.000000
vt 0.194805 0.000000
vt 0.467532 0.000000
vt 0.207792 0.000000
vt 0.935065 0.000000
vt 0.220779 0.000000
vt 0.233766 0.000000
vt 0.441558 0.000000
vt 0.246753 0.000000
vt 0.428571 0.000000
vt 0.753247 0.000000
vt 0.259740 0.000000
vt 0.415584 0.000000
vt 0.402597 0.000000
vt 0.922078 0.000000
vt 0.285714 0.000000
vt 0.389610 0.000000
vt 0.298701 0.000000
vt 0.376623 0.000000
vt 0.311688 0.000000
vt 0.324675 0.000000
vt 0.350649 0.000000
vt 0.337662 0.000000
vt 0.766234 0.000000
vt 0.779221 0.000000
vt 0.896104 0.000000
vt 0.792208 0.000000
vt 0.883117 0.000000
vt 0.805195 0.000000
vt 0.870130 0.000000
vt 0.857143 0.000000
vt 0.831169 0.000000
vt 0.844156 0.000000
vt 0.750000 1.000000
vt 1.000000 1.000000
vt 0.000000 1.000000
vt 0.000000 0.860483
vt 0.250000 1.000000
vt 0.047099 1.000000
vt 0.047099 0.860483
vt 0.000000 0.860482
vt 1.000000 0.860483
vt 0.920924 0.860483
vt 0.920924 1.000000
vt 0.079075 1.000000
vt 0.079075 0.860482
vt 0.000000 0.250000
vt 1.000000 0.250000
vt 0.000000 0.750000
vt 1.000000 0.750000
vt 0.000000 0.500000
vt 1.000000 0.500000
vt 0.500000 1.000000
vt 0.047099 1.000000
vt 0.047099 0.860482
vt 0.700000 0.500000
vt 0.689890 0.500000
vt 0.689890 0.536269
vt 0.700000 0.536269
vt 0.001136 0.536269
vt 0.001136 0.500000
vt -0.000000 0.500000
vt -0.000000 0.536269
vt 0.689890 0.536269
vt 0.689890 0.500000
vt 0.700000 0.536269
vt -0.000000 0.536269
vt 0.001136 0.500000
vt 0.001136 0.536269
vt 0.934722 0.500000
vt 0.934722 0.536269
vt 0.944307 0.536269
vt 0.944307 0.500000
vt 0.955692 0.536269
vt 0.955692 0.500000
vt 0.965278 0.536269
vt 0.965278 0.500000
vt 0.884722 0.500000
vt 0.884722 0.536269
vt 0.894308 0.536269
vt 0.894308 0.500000
vt 0.905692 0.536269
vt 0.905692 0.500000
vt 0.915278 0.536269
vt 0.915278 0.500000
vt 0.834722 0.500000
vt 0.834722 0.536269
vt 0.844308 0.536269
vt 0.844308 0.500000
vt 0.855692 0.536269
vt 0.855692 0.500000
vt 0.865278 0.536269
vt 0.865278 0.500000
vt 0.784722 0.500000
vt 0.784722 0.536269
vt 0.794308 0.536269
vt 0.794308 0.500000
vt 0.805693 0.536269
vt 0.805693 0.500000
vt 0.815278 0.536269
vt 0.815278 0.500000
vt 0.734533 0.500000
vt 0.734533 0.536269
vt 0.744309 0.536269
vt 0.744309 0.500000
vt 0.755623 0.536269
vt 0.755623 0.500000
vt 0.765278 0.536269
vt 0.765278 0.500000
vt 0.965278 0.536269
vt 0.955692 0.536269
vt 0.955692 0.500000
vt 0.944308 0.536269
vt 0.944308 0.500000
vt 0.934722 0.536269
vt 0.934722 0.500000
vt 0.915278 0.500000
vt 0.915278 0.536269
vt 0.905692 0.536269
vt 0.905693 0.500000
vt 0.894308 0.536269
vt 0.894308 0.500000
vt 0.884722 0.536269
vt 0.884722 0.500000
vt 0.865278 0.500000
vt 0.865278 0.536269
vt 0.855692 0.536269
vt 0.855693 0.500000
vt 0.844308 0.536269
vt 0.844308 0.500000
vt 0.834722 0.536269
vt 0.815278 0.500000
vt 0.815278 0.536269
vt 0.805692 0.536269
vt 0.805692 0.500000
vt 0.794308 0.536269
vt 0.794308 0.500000
vt 0.784722 0.536269
vt 0.784722 0.500000
vt 0.765278 0.500000
vt 0.765278 0.536269
vt 0.755692 0.536269
vt 0.755692 0.500000
vt 0.744307 0.536269
vt 0.744307 0.500000
vt 0.734722 0.536269
vt 0.734722 0.500000
vt 0.971361 0.162308
vt 0.978254 0.175836
vt 0.986366 0.227058
vt 0.988106 0.241566
vt 0.988125 0.258258
vt 0.986411 0.272662
vt 0.981843 0.301502
vt 0.978620 0.315573
vt 0.973497 0.331350
vt 0.967837 0.344607
vt 0.954580 0.370625
vt 0.947179 0.383020
vt 0.937429 0.396442
vt 0.927940 0.407292
vt 0.907292 0.427940
vt 0.896428 0.437447
vt 0.883008 0.447199
vt 0.870625 0.454580
vt 0.844607 0.467837
vt 0.831339 0.473526
vt 0.815563 0.478653
vt 0.801503 0.481843
vt 0.750000 0.490000
vt 0.748315 0.489733
vt 0.748315 0.162308
vt 1.000000 0.536269
vt 1.000000 0.536269
vt 0.748314 0.489733
vt 0.801503 0.481843
vt 0.815572 0.478653
vt 0.831350 0.473526
vt 0.870625 0.454581
vt 0.883020 0.447199
vt 0.896442 0.437448
vt 0.907292 0.427940
vt 0.927940 0.407292
vt 0.937448 0.396442
vt 0.947199 0.383021
vt 0.954581 0.370625
vt 0.973526 0.331350
vt 0.978653 0.315573
vt 0.981843 0.301502
vt 0.987725 0.258295
vt 0.987724 0.241705
vt 0.986411 0.227339
vt 0.971361 0.162308
vt 0.748314 0.162308
vt 1.000000 0.047099
vt 0.000000 0.047099
vt 0.000597 0.047138
vt 0.018856 0.045964
vt 0.023848 0.045505
vt 0.029442 0.044768
vt 0.034138 0.043950
vt 0.043362 0.042043
vt 0.047762 0.040981
vt 0.052521 0.039578
vt 0.056362 0.038210
vt 0.063682 0.035240
vt 0.067061 0.033680
vt 0.070519 0.031749
vt 0.073126 0.029966
vt 0.077826 0.026223
vt 0.079857 0.024316
vt 0.081677 0.022047
vt 0.082792 0.020023
vt 0.084411 0.015874
vt 0.085047 0.013802
vt 0.085043 0.011401
vt 0.084395 0.009314
vt 0.081519 0.001946
vt 0.079075 0.000000
vt 0.920924 0.000000
vt 0.918481 0.001946
vt 0.915589 0.009354
vt 0.915125 0.011421
vt 0.915124 0.013807
vt 0.915589 0.015874
vt 0.917208 0.020023
vt 0.918340 0.022047
vt 0.920158 0.024316
vt 0.922174 0.026223
vt 0.926873 0.029966
vt 0.929491 0.031749
vt 0.932948 0.033680
vt 0.936318 0.035240
vt 0.943638 0.038210
vt 0.947486 0.039578
vt 0.952244 0.040981
vt 0.956638 0.042043
vt 0.965862 0.043950
vt 0.970562 0.044768
vt 0.976156 0.045505
vt 0.981143 0.045964
vt 0.999402 0.047138
vt 0.375000 0.957974
vt 0.625000 0.957974
vt 0.625000 0.968851
vt 0.375000 0.968851
vt 0.625000 0.978987
vt 0.375000 0.978987
vt 0.625000 1.000000
vt 0.375000 1.000000
vt 0.625000 0.021013
vt 0.375000 0.021013
vt 0.625000 0.031149
vt 0.375000 0.031149
vt 0.625000 0.042026
vt 0.375000 0.042026
vt 0.625000 0.292026
vt 0.375000 0.292026
vt 0.375000 0.281149
vt 0.625000 0.281149
vt 0.375000 0.271013
vt 0.625000 0.271013
vt 0.375000 0.250000
vt 0.625000 0.250000
vt 0.375000 0.228987
vt 0.625000 0.228987
vt 0.375000 0.218851
vt 0.625000 0.218851
vt 0.375000 0.207974
vt 0.625000 0.207974
vt 0.625000 0.542027
vt 0.375000 0.542027
vt 0.373686 0.531149
vt 0.626314 0.531149
vt 0.369835 0.521013
vt 0.630165 0.521013
vt 0.363708 0.511293
vt 0.636292 0.511292
vt 0.355723 0.503430
vt 0.644277 0.503429
vt 0.346424 0.498741
vt 0.653576 0.498741
vt 0.350651 0.482322
vt 0.649349 0.482322
vt 0.649349 0.767678
vt 0.350651 0.767678
vt 0.346424 0.751260
vt 0.653576 0.751259
vt 0.355723 0.746570
vt 0.644277 0.746570
vt 0.363708 0.738708
vt 0.636292 0.738707
vt 0.369835 0.728987
vt 0.630165 0.728987
vt 0.373686 0.718851
vt 0.626314 0.718851
vt 0.375000 0.707973
vt 0.625000 0.707973
vt 0.130630 0.728987
vt 0.126432 0.718851
vt 0.125000 0.707973
vt 0.220422 0.647518
vt 0.225502 0.653740
vt 0.231688 0.658909
vt 0.238731 0.662818
vt 0.246340 0.665300
vt 0.254199 0.666231
vt 0.261980 0.665549
vt 0.269372 0.663262
vt 0.276094 0.659458
vt 0.281910 0.654295
vt 0.286632 0.647997
vt 0.290111 0.640824
vt 0.292243 0.633061
vt 0.292961 0.625000
vt 0.292243 0.616939
vt 0.290111 0.609176
vt 0.286632 0.602003
vt 0.281910 0.595705
vt 0.276094 0.590542
vt 0.167026 0.750000
vt 0.156149 0.748568
vt 0.146013 0.744370
vt 0.137309 0.737691
vt 0.146013 0.505630
vt 0.156149 0.501432
vt 0.167026 0.500000
vt 0.212933 0.495581
vt 0.304745 0.486742
vt 0.269372 0.586738
vt 0.261980 0.584451
vt 0.254199 0.583769
vt 0.246340 0.584700
vt 0.238731 0.587182
vt 0.231688 0.591091
vt 0.225502 0.596260
vt 0.220422 0.602482
vt 0.216647 0.609521
vt 0.214324 0.617119
vt 0.213539 0.625000
vt 0.214324 0.632881
vt 0.216647 0.640479
vt 0.125000 0.542026
vt 0.126432 0.531149
vt 0.130630 0.521013
vt 0.137309 0.512309
vt 0.645168 0.800351
vt 0.523015 0.800352
vt 0.522810 0.810760
vt 0.643836 0.810760
vt 0.630513 0.914891
vt 0.520404 0.914891
vt 0.520199 0.925300
vt 0.629181 0.925300
vt 0.713368 0.647997
vt 0.718089 0.654295
vt 0.723906 0.659458
vt 0.730628 0.663262
vt 0.738020 0.665549
vt 0.745802 0.666231
vt 0.753660 0.665300
vt 0.761269 0.662819
vt 0.768312 0.658909
vt 0.774498 0.653740
vt 0.779578 0.647518
vt 0.783353 0.640479
vt 0.785676 0.632881
vt 0.786461 0.625000
vt 0.785677 0.617119
vt 0.783353 0.609521
vt 0.779578 0.602482
vt 0.774498 0.596260
vt 0.768312 0.591091
vt 0.832974 0.500000
vt 0.843851 0.501432
vt 0.853987 0.505630
vt 0.862691 0.512309
vt 0.869370 0.521013
vt 0.873568 0.531149
vt 0.875000 0.542026
vt 0.875000 0.707973
vt 0.873568 0.718851
vt 0.869370 0.728987
vt 0.862691 0.737691
vt 0.853987 0.744370
vt 0.843851 0.748568
vt 0.832974 0.750000
vt 0.801445 0.753035
vt 0.801753 0.730322
vt 0.801861 0.707241
vt 0.792289 0.707686
vt 0.698664 0.710254
vt 0.689894 0.709973
vt 0.686092 0.736943
vt 0.680877 0.764642
vt 0.791968 0.731012
vt 0.791402 0.754002
vt 0.690921 0.763676
vt 0.695259 0.736838
vt 0.755070 0.564637
vt 0.761269 0.587181
vt 0.738685 0.564138
vt 0.708395 0.563608
vt 0.753660 0.584700
vt 0.745802 0.583769
vt 0.738020 0.584451
vt 0.730628 0.586738
vt 0.723906 0.590542
vt 0.718090 0.595704
vt 0.713368 0.602003
vt 0.709889 0.609176
vt 0.707757 0.616939
vt 0.707039 0.625000
vt 0.707757 0.633061
vt 0.709889 0.640824
vt 0.784212 0.566042
vt 0.741824 0.497960
vt 1.000000 0.805696
vt 1.000000 0.595873
vt 0.968750 0.595873
vt 0.968750 0.805696
vt 0.937500 0.595873
vt 0.937500 0.805696
vt 0.906250 0.595873
vt 0.906250 0.805696
vt 0.875000 0.595873
vt 0.875000 0.805696
vt 0.843750 0.595873
vt 0.843750 0.805696
vt 0.812500 0.595873
vt 0.812500 0.805696
vt 0.781250 0.595873
vt 0.781250 0.805696
vt 0.750000 0.595873
vt 0.750000 0.805696
vt 0.718750 0.595873
vt 0.718750 0.805696
vt 0.687500 0.595873
vt 0.687500 0.805696
vt 0.656250 0.595873
vt 0.656250 0.805696
vt 0.625000 0.595873
vt 0.625000 0.805696
vt 0.593750 0.595873
vt 0.593750 0.805696
vt 0.562500 0.595873
vt 0.562500 0.805696
vt 0.531250 0.595873
vt 0.531250 0.805696
vt 0.500000 0.595873
vt 0.500000 0.805696
vt 0.468750 0.595873
vt 0.468750 0.805696
vt 0.437500 0.595873
vt 0.437500 0.805696
vt 0.406250 0.595873
vt 0.406250 0.805696
vt 0.375000 0.595873
vt 0.375000 0.805696
vt 0.343750 0.595873
vt 0.343750 0.805696
vt 0.312500 0.595873
vt 0.312500 0.805696
vt 0.281250 0.595873
vt 0.281250 0.805696
vt 0.250000 0.595873
vt 0.250000 0.805696
vt 0.218750 0.595873
vt 0.218750 0.805696
vt 0.187500 0.595873
vt 0.187500 0.805696
vt 0.156250 0.595873
vt 0.156250 0.805696
vt 0.125000 0.595873
vt 0.125000 0.805696
vt 0.093750 0.595873
vt 0.093750 0.805696
vt 0.062500 0.595873
vt 0.062500 0.805696
vt 0.031250 0.595873
vt 0.031250 0.805696
vt 0.000000 0.595873
vt 0.000000 0.805696
vt 0.594695 0.330235
vt 0.405305 0.330235
vt 0.393475 0.444114
vt 0.606525 0.444114
vt 0.291667 0.500000
vt 0.291667 0.750000
vt 0.375000 0.750000
vt 0.375000 0.500000
vt 0.395847 0.750000
vt 0.395847 0.500000
vt 0.395847 0.416667
vt 0.375000 0.416667
vt 0.395847 0.000000
vt 0.375000 0.250000
vt 0.395847 0.250000
vt 0.375000 0.333333
vt 0.395847 0.333333
vt 0.395847 0.750000
vt 0.375000 0.833333
vt 0.375000 0.916667
vt 0.395847 0.916667
vt 0.395847 0.833333
vt 0.125000 0.500000
vt 0.125000 0.750000
vt 0.208333 0.750000
vt 0.208333 0.500000
vt 0.395847 0.833333
vt 0.395847 0.000000
vt 0.395847 0.916667
vt 0.950000 1.000000
vt 0.950000 0.500000
vt 0.900000 1.000000
vt 0.900000 0.500000
vt 0.850000 1.000000
vt 0.850000 0.500000
vt 0.800000 1.000000
vt 0.800000 0.500000
vt 0.750000 1.000000
vt 0.750000 0.500000
vt 0.700000 1.000000
vt 0.650000 1.000000
vt 0.650000 0.500000
vt 0.600000 1.000000
vt 0.600000 0.500000
vt 0.550000 1.000000
vt 0.550000 0.500000
vt 0.500000 1.000000
vt 0.500000 0.500000
vt 0.450000 1.000000
vt 0.450000 0.500000
vt 0.400000 1.000000
vt 0.400000 0.500000
vt 0.350000 1.000000
vt 0.350000 0.500000
vt 0.300000 1.000000
vt 0.300000 0.500000
vt 0.250000 1.000000
vt 0.250000 0.500000
vt 0.200000 1.000000
vt 0.200000 0.500000
vt 0.150000 1.000000
vt 0.150000 0.500000
vt 0.100000 1.000000
vt 0.100000 0.500000
vt 0.050000 1.000000
vt 0.050000 0.500000
vt -0.000000 1.000000
vt 0.824164 0.478254
vt 0.891068 0.444164
vt 0.944164 0.391068
vt 0.978254 0.324164
vt 0.990000 0.250000
vt 0.944164 0.108932
vt 0.891068 0.055836
vt 0.824164 0.021746
vt 0.750000 0.010000
vt 0.675836 0.021746
vt 0.608932 0.055836
vt 0.555836 0.108932
vt 0.521746 0.175836
vt 0.510000 0.250000
vt 0.521746 0.324164
vt 0.555836 0.391068
vt 0.608932 0.444164
vt 0.675836 0.478254
vt 0.324164 0.478254
vt 0.250000 0.490000
vt 0.175836 0.478254
vt 0.108932 0.444164
vt 0.055836 0.391068
vt 0.021746 0.324164
vt 0.010000 0.250000
vt 0.021746 0.175836
vt 0.055836 0.108932
vt 0.108932 0.055836
vt 0.175836 0.021746
vt 0.250000 0.010000
vt 0.324164 0.021746
vt 0.391068 0.055836
vt 0.444164 0.108932
vt 0.478254 0.175836
vt 0.490000 0.250000
vt 0.478254 0.324164
vt 0.444164 0.391068
vt 0.391068 0.444164
vt 0.541667 0.000000
vt 0.541667 0.250000
vt 0.541667 0.477273
vt 0.625000 0.477273
vt 0.625000 0.500000
vt 0.541667 0.500000
vt 0.625000 0.750000
vt 0.541667 0.750000
vt 0.541667 0.977273
vt 0.625000 0.977273
vt 0.541667 1.000000
vt 0.352273 0.500000
vt 0.352273 0.750000
vt 0.852273 0.500000
vt 0.875000 0.500000
vt 0.875000 0.750000
vt 0.852273 0.750000
vt 0.647727 0.500000
vt 0.647727 0.750000
vt 0.670455 0.500000
vt 0.670455 0.750000
vt 0.693182 0.500000
vt 0.693182 0.750000
vt 0.715909 0.500000
vt 0.715909 0.750000
vt 0.738636 0.500000
vt 0.738636 0.750000
vt 0.761364 0.500000
vt 0.761364 0.750000
vt 0.784091 0.500000
vt 0.784091 0.750000
vt 0.806818 0.500000
vt 0.806818 0.750000
vt 0.829545 0.500000
vt 0.829545 0.750000
vt 0.147727 0.500000
vt 0.147727 0.750000
vt 0.170455 0.500000
vt 0.170455 0.750000
vt 0.193182 0.500000
vt 0.193182 0.750000
vt 0.215909 0.500000
vt 0.215909 0.750000
vt 0.238636 0.500000
vt 0.238636 0.750000
vt 0.261364 0.500000
vt 0.261364 0.750000
vt 0.284091 0.500000
vt 0.284091 0.750000
vt 0.306818 0.500000
vt 0.306818 0.750000
vt 0.329545 0.500000
vt 0.329545 0.750000
vt 0.625000 0.772727
vt 0.541667 0.772727
vt 0.625000 0.795455
vt 0.541667 0.795455
vt 0.625000 0.818182
vt 0.541667 0.818182
vt 0.625000 0.840909
vt 0.541667 0.840909
vt 0.625000 0.863636
vt 0.541667 0.863636
vt 0.625000 0.886364
vt 0.541667 0.886364
vt 0.625000 0.909091
vt 0.541667 0.909091
vt 0.625000 0.931818
vt 0.541667 0.931818
vt 0.625000 0.954545
vt 0.541667 0.954545
vt 0.625000 0.272727
vt 0.541667 0.272727
vt 0.625000 0.295455
vt 0.541667 0.295455
vt 0.625000 0.318182
vt 0.541667 0.318182
vt 0.625000 0.340909
vt 0.541667 0.340909
vt 0.625000 0.363636
vt 0.541667 0.363636
vt 0.625000 0.386364
vt 0.541667 0.386364
vt 0.625000 0.409091
vt 0.541667 0.409091
vt 0.625000 0.431818
vt 0.541667 0.431818
vt 0.625000 0.454545
vt 0.541667 0.454545
vt 0.375000 0.454545
vt 0.458333 0.454545
vt 0.458333 0.477273
vt 0.375000 0.477273
vt 0.458333 0.340909
vt 0.458333 0.318182
vt 0.375000 0.431818
vt 0.458333 0.431818
vt 0.375000 0.409091
vt 0.458333 0.409091
vt 0.375000 0.386364
vt 0.458333 0.386364
vt 0.375000 0.363636
vt 0.458333 0.363636
vt 0.375000 0.340909
vt 0.375000 0.318182
vt 0.375000 0.295455
vt 0.458333 0.295455
vt 0.375000 0.272727
vt 0.458333 0.272727
vt 0.458333 0.250000
vt 0.375000 0.954545
vt 0.458333 0.954545
vt 0.458333 0.977273
vt 0.375000 0.977273
vt 0.375000 0.931818
vt 0.458333 0.931818
vt 0.375000 0.909091
vt 0.458333 0.909091
vt 0.375000 0.886364
vt 0.458333 0.886364
vt 0.375000 0.863636
vt 0.458333 0.863636
vt 0.375000 0.840909
vt 0.458333 0.840909
vt 0.375000 0.818182
vt 0.458333 0.818182
vt 0.375000 0.795455
vt 0.458333 0.795455
vt 0.375000 0.772727
vt 0.458333 0.772727
vt 0.458333 0.750000
vt 0.458333 1.000000
vt 0.458333 0.500000
vt 0.458333 0.000000
vt 0.442464 0.000000
vt 0.442463 0.250000
vt 0.442464 0.416667
vt 0.625000 0.416667
vt 0.442463 0.500000
vt 0.442463 0.750000
vt 0.442464 0.916667
vt 0.625000 0.916667
vt 0.442464 1.000000
vt 0.818420 0.518198
vt 0.848247 0.518198
vt 0.681580 0.518198
vt 0.681580 0.731802
vt 0.708333 0.500000
vt 0.791667 0.500000
vt 0.791667 0.750000
vt 0.708333 0.750000
vt 0.625000 0.833333
vt 0.442464 0.833333
vt 0.625000 0.333333
vt 0.442464 0.333333
vt 0.848247 0.731802
vt 0.651753 0.518198
vt 0.651753 0.731802
vt 0.818420 0.731802
vt 0.375000 0.940843
vt 0.625000 0.940843
vt 0.375000 0.029578
vt 0.625000 0.029578
vt 0.375000 0.059157
vt 0.625000 0.059157
vt 0.625000 0.309157
vt 0.625000 0.279578
vt 0.375000 0.279578
vt 0.375000 0.309157
vt 0.625000 0.220422
vt 0.375000 0.220422
vt 0.625000 0.190843
vt 0.375000 0.190843
vt 0.625000 0.559157
vt 0.631293 0.529578
vt 0.368707 0.529578
vt 0.375000 0.559157
vt 0.648484 0.500198
vt 0.351516 0.500198
vt 0.660051 0.475894
vt 0.339949 0.475894
vt 0.660051 0.774106
vt 0.648484 0.749802
vt 0.351516 0.749802
vt 0.339949 0.774106
vt 0.631293 0.720422
vt 0.368707 0.720422
vt 0.625000 0.690843
vt 0.375000 0.690843
vt 0.125000 0.559157
vt 0.125000 0.690843
vt 0.132925 0.720422
vt 0.154578 0.742074
vt 0.184157 0.750000
vt 0.184157 0.500000
vt 0.154578 0.507925
vt 0.132925 0.529578
vt 0.815843 0.750000
vt 0.845422 0.742074
vt 0.867074 0.720422
vt 0.875000 0.690843
vt 0.875000 0.559157
vt 0.867074 0.529578
vt 0.845422 0.507925
vt 0.815843 0.500000
vt 0.592278 0.000000
vt 0.592278 0.250000
vt 0.592278 0.500000
vt 0.592278 0.750000
vt 0.592278 1.000000
vt 0.181819 0.314921
vt 0.272728 0.314921
vt 0.227273 0.393651
vt 0.000000 0.314921
vt 0.090910 0.314921
vt 0.045455 0.393651
vt 0.727273 0.314921
vt 0.818182 0.314921
vt 0.772727 0.393651
vt 0.545455 0.314921
vt 0.636364 0.314921
vt 0.590909 0.393651
vt 0.363637 0.314921
vt 0.454546 0.314921
vt 0.409092 0.393651
vt 0.500000 0.393651
vt 0.454546 0.472382
vt 0.681818 0.393651
vt 0.636364 0.472382
vt 0.863636 0.393651
vt 0.818182 0.472382
vt 0.909091 0.314921
vt 0.136365 0.393651
vt 0.090910 0.472382
vt 0.318182 0.393651
vt 0.272728 0.472382
vt 0.409092 0.236191
vt 0.500000 0.236191
vt 0.590909 0.236191
vt 0.681818 0.236191
vt 0.772727 0.236191
vt 0.863636 0.236191
vt 0.045455 0.236191
vt 0.136365 0.236191
vt 0.227273 0.236191
vt 0.318182 0.236191
vt 0.954545 0.236191
vt 0.038665 0.062652
vt 0.038665 0.937348
vt 0.961335 0.937348
vt 0.961335 0.062652
vt 0.375000 0.166667
vt 0.625000 0.166667
vt 0.375000 0.666667
vt 0.625000 0.666667
vt 0.125000 0.666667
vt 0.875000 0.666667
vt 0.875000 0.583333
vt 0.625000 0.583333
vt 0.375000 0.583333
vt 0.125000 0.583333
vt 0.625000 0.083333
vt 0.375000 0.083333
vt 0.775328 0.630797
vt 0.775328 0.619203
vt 0.806128 0.608118
vt 0.806128 0.641881
vt 0.833914 0.598119
vt 0.833914 0.651881
vt 0.861520 0.585333
vt 0.861520 0.664667
vt 0.625000 0.090184
vt 0.625000 0.159816
vt 0.625000 0.164911
vt 0.625000 0.085089
vt 0.625000 0.166667
vt 0.625000 0.083333
vt 0.724672 0.619203
vt 0.724672 0.630797
vt 0.693872 0.641881
vt 0.693872 0.608119
vt 0.666086 0.651881
vt 0.666086 0.598119
vt 0.634959 0.663400
vt 0.634959 0.586600
vt 0.627538 0.665825
vt 0.627538 0.584175
vt 0.625000 0.666667
vt 0.870122 0.583333
vt 0.870122 0.666667
vt 0.625000 0.166667
vt 0.625000 0.083333
vt 0.666667 0.000000
vt 0.333333 0.000000
vt 0.509434 0.000000
vt 0.490566 0.000000
vt 0.471698 0.000000
vt 0.452830 0.000000
vt 0.433962 0.000000
vt 0.415094 0.000000
vt 0.396226 0.000000
vt 0.377358 0.000000
vt 0.528302 0.000000
vt 0.547170 0.000000
vt 0.358491 0.000000
vt 0.566038 0.000000
vt 0.584906 0.000000
vt 0.603774 0.000000
vt 0.339623 0.000000
vt 0.622642 0.000000
vt 0.641509 0.000000
vt 0.320755 0.000000
vt 0.660377 0.000000
vt 0.301887 0.000000
vt 0.679245 0.000000
vt 0.698113 0.000000
vt 0.283019 0.000000
vt 0.716981 0.000000
vt 0.264151 0.000000
vt 0.735849 0.000000
vt 0.245283 0.000000
vt 0.754717 0.000000
vt 0.773585 0.000000
vt 0.226415 0.000000
vt 0.792453 0.000000
vt 0.207547 0.000000
vt 0.811321 0.000000
vt 0.830189 0.000000
vt 0.188679 0.000000
vt 0.849057 0.000000
vt 0.169811 0.000000
vt 0.867925 0.000000
vt 0.886792 0.000000
vt 0.150943 0.000000
vt 0.905660 0.000000
vt 0.132075 0.000000
vt 0.924528 0.000000
vt 0.943396 0.000000
vt 0.113208 0.000000
vt 0.962264 0.000000
vt 0.981132 0.000000
vt 0.094340 0.000000
vt 0.075472 0.000000
vt 0.056604 0.000000
vt 0.037736 0.000000
vt 0.018868 0.000000
vt 0.125000 0.638889
vt 0.375000 0.638889
vt 0.625000 0.638889
vt 0.375000 0.138889
vt 0.625000 0.138889
vt 0.875000 0.638889
vt 0.625000 0.611111
vt 0.625000 0.111111
vt 0.875000 0.611111
vt 0.375000 0.111111
vt 0.375000 0.611111
vt 0.125000 0.611111
vt 0.375000 0.957349
vt 0.625000 0.957349
vt 0.625000 0.029169
vt 0.375000 0.029169
vt 0.625000 0.058338
vt 0.375000 0.058338
vt 0.625000 0.292651
vt 0.375000 0.292651
vt 0.375000 0.271326
vt 0.625000 0.271326
vt 0.375000 0.220831
vt 0.625000 0.220831
vt 0.375000 0.191662
vt 0.625000 0.191662
vt 0.625000 0.558338
vt 0.375000 0.558338
vt 0.370954 0.529169
vt 0.629046 0.529169
vt 0.359899 0.499310
vt 0.640101 0.499310
vt 0.359453 0.472896
vt 0.640547 0.472896
vt 0.640547 0.777104
vt 0.359453 0.777104
vt 0.359899 0.750690
vt 0.640101 0.750690
vt 0.370954 0.720831
vt 0.629046 0.720831
vt 0.375000 0.691662
vt 0.625000 0.691662
vt 0.167651 0.750000
vt 0.146326 0.742184
vt 0.130714 0.720831
vt 0.125000 0.691662
vt 0.875000 0.691662
vt 0.125000 0.558338
vt 0.130714 0.529169
vt 0.146326 0.507816
vt 0.167651 0.500000
vt 0.875000 0.558338
vt 0.869286 0.529169
vt 0.832349 0.500000
vt 0.853674 0.507816
vt 0.869286 0.720831
vt 0.853674 0.742184
vt 0.832349 0.750000
vt 0.134021 0.000000
vt 0.113402 0.000000
vt 0.123711 0.000000
vt 0.103093 0.000000
vt 0.092784 0.000000
vt 0.144330 0.000000
vt 0.082474 0.000000
vt 0.072165 0.000000
vt 0.061856 0.000000
vt 0.154639 0.000000
vt 0.051546 0.000000
vt 0.041237 0.000000
vt 0.030928 0.000000
vt 0.164948 0.000000
vt 0.020619 0.000000
vt 0.010309 0.000000
vt 0.175258 0.000000
vt 0.896907 0.000000
vt 0.907216 0.000000
vt 0.917526 0.000000
vt 0.927835 0.000000
vt 0.938144 0.000000
vt 0.948454 0.000000
vt 0.958763 0.000000
vt 0.969072 0.000000
vt 0.979381 0.000000
vt 0.989691 0.000000
vt 0.185567 0.000000
vt 0.876289 0.000000
vt 0.886598 0.000000
vt 0.865979 0.000000
vt 0.855670 0.000000
vt 0.845361 0.000000
vt 0.195876 0.000000
vt 0.835052 0.000000
vt 0.824742 0.000000
vt 0.206186 0.000000
vt 0.814433 0.000000
vt 0.804124 0.000000
vt 0.216495 0.000000
vt 0.793814 0.000000
vt 0.226804 0.000000
vt 0.783505 0.000000
vt 0.773196 0.000000
vt 0.237113 0.000000
vt 0.762887 0.000000
vt 0.247423 0.000000
vt 0.752577 0.000000
vt 0.742268 0.000000
vt 0.257732 0.000000
vt 0.731959 0.000000
vt 0.268041 0.000000
vt 0.721649 0.000000
vt 0.278351 0.000000
vt 0.711340 0.000000
vt 0.288660 0.000000
vt 0.701031 0.000000
vt 0.298969 0.000000
vt 0.690722 0.000000
vt 0.515464 0.000000
vt 0.494845 0.000000
vt 0.505155 0.000000
vt 0.680412 0.000000
vt 0.525773 0.000000
vt 0.309278 0.000000
vt 0.536082 0.000000
vt 0.670103 0.000000
vt 0.546392 0.000000
vt 0.556701 0.000000
vt 0.659794 0.000000
vt 0.567010 0.000000
vt 0.319588 0.000000
vt 0.577320 0.000000
vt 0.649485 0.000000
vt 0.587629 0.000000
vt 0.597938 0.000000
vt 0.639175 0.000000
vt 0.608247 0.000000
vt 0.618557 0.000000
vt 0.628866 0.000000
vt 0.329897 0.000000
vt 0.484536 0.000000
vt 0.340206 0.000000
vt 0.474227 0.000000
vt 0.463918 0.000000
vt 0.453608 0.000000
vt 0.350515 0.000000
vt 0.443299 0.000000
vt 0.432990 0.000000
vt 0.422680 0.000000
vt 0.360825 0.000000
vt 0.412371 0.000000
vt 0.402062 0.000000
vt 0.391753 0.000000
vt 0.371134 0.000000
vt 0.381443 0.000000
vt 0.008333 0.000000
vt 0.600000 0.000000
vt 0.016667 0.000000
vt 0.025000 0.000000
vt 0.591667 0.000000
vt 0.583333 0.000000
vt 0.033333 0.000000
vt 0.575000 0.000000
vt 0.566667 0.000000
vt 0.041667 0.000000
vt 0.558333 0.000000
vt 0.550000 0.000000
vt 0.050000 0.000000
vt 0.541667 0.000000
vt 0.533333 0.000000
vt 0.058333 0.000000
vt 0.525000 0.000000
vt 0.066667 0.000000
vt 0.516667 0.000000
vt 0.508333 0.000000
vt 0.075000 0.000000
vt 0.408333 0.000000
vt 0.391667 0.000000
vt 0.400000 0.000000
vt 0.416667 0.000000
vt 0.425000 0.000000
vt 0.383333 0.000000
vt 0.433333 0.000000
vt 0.441667 0.000000
vt 0.450000 0.000000
vt 0.458333 0.000000
vt 0.466667 0.000000
vt 0.475000 0.000000
vt 0.366667 0.000000
vt 0.483333 0.000000
vt 0.491667 0.000000
vt 0.358333 0.000000
vt 0.083333 0.000000
vt 0.350000 0.000000
vt 0.341667 0.000000
vt 0.091667 0.000000
vt 0.683333 0.000000
vt 0.691667 0.000000
vt 0.700000 0.000000
vt 0.708333 0.000000
vt 0.716667 0.000000
vt 0.725000 0.000000
vt 0.675000 0.000000
vt 0.733333 0.000000
vt 0.325000 0.000000
vt 0.658333 0.000000
vt 0.650000 0.000000
vt 0.741667 0.000000
vt 0.641667 0.000000
vt 0.633333 0.000000
vt 0.758333 0.000000
vt 0.616667 0.000000
vt 0.100000 0.000000
vt 0.316667 0.000000
vt 0.608333 0.000000
vt 0.766667 0.000000
vt 0.775000 0.000000
vt 0.783333 0.000000
vt 0.308333 0.000000
vt 0.991667 0.000000
vt 0.791667 0.000000
vt 0.108333 0.000000
vt 0.800000 0.000000
vt 0.300000 0.000000
vt 0.983333 0.000000
vt 0.808333 0.000000
vt 0.116667 0.000000
vt 0.816667 0.000000
vt 0.291667 0.000000
vt 0.975000 0.000000
vt 0.825000 0.000000
vt 0.966667 0.000000
vt 0.283333 0.000000
vt 0.833333 0.000000
vt 0.841667 0.000000
vt 0.958333 0.000000
vt 0.275000 0.000000
vt 0.850000 0.000000
vt 0.133333 0.000000
vt 0.950000 0.000000
vt 0.858333 0.000000
vt 0.941667 0.000000
vt 0.266667 0.000000
vt 0.866667 0.000000
vt 0.141667 0.000000
vt 0.933333 0.000000
vt 0.883333 0.000000
vt 0.925000 0.000000
vt 0.258333 0.000000
vt 0.891667 0.000000
vt 0.916667 0.000000
vt 0.900000 0.000000
vt 0.908333 0.000000
vt 0.150000 0.000000
vt 0.158333 0.000000
vt 0.241667 0.000000
vt 0.166667 0.000000
vt 0.233333 0.000000
vt 0.175000 0.000000
vt 0.225000 0.000000
vt 0.183333 0.000000
vt 0.216667 0.000000
vt 0.191667 0.000000
vt 0.208333 0.000000
vt 0.200000 0.000000
vt 0.375000 0.437500
vt 0.625000 0.437500
vt 0.375000 0.937500
vt 0.625000 0.937500
vt 0.312500 0.500000
vt 0.312500 0.750000
vt 0.812500 0.500000
vt 0.812500 0.750000
vt 0.687500 0.500000
vt 0.687500 0.750000
vt 0.750000 0.500000
vt 0.750000 0.750000
vt 0.187500 0.500000
vt 0.187500 0.750000
vt 0.250000 0.500000
vt 0.250000 0.750000
vt 0.625000 0.812500
vt 0.375000 0.812500
vt 0.625000 0.875000
vt 0.375000 0.875000
vt 0.625000 0.312500
vt 0.375000 0.312500
vt 0.625000 0.375000
vt 0.375000 0.375000
vt 0.018182 0.000000
vt 0.527273 0.000000
vt 0.509091 0.000000
vt 0.490909 0.000000
vt 0.472727 0.000000
vt 0.436364 0.000000
vt 0.418182 0.000000
vt 0.381818 0.000000
vt 0.563636 0.000000
vt 0.581818 0.000000
vt 0.345455 0.000000
vt 0.618182 0.000000
vt 0.654545 0.000000
vt 0.327273 0.000000
vt 0.672727 0.000000
vt 0.690909 0.000000
vt 0.709091 0.000000
vt 0.309091 0.000000
vt 0.745455 0.000000
vt 0.290909 0.000000
vt 0.763636 0.000000
vt 0.781818 0.000000
vt 0.254545 0.000000
vt 0.836364 0.000000
vt 0.236364 0.000000
vt 0.854545 0.000000
vt 0.872727 0.000000
vt 0.218182 0.000000
vt 0.890909 0.000000
vt 0.927273 0.000000
vt 0.945455 0.000000
vt 0.963636 0.000000
vt 0.981818 0.000000
vt 0.054545 0.000000
vt 0.163636 0.000000
vt 0.145455 0.000000
vt 0.127273 0.000000
vt 0.109091 0.000000
vt 0.072727 0.000000
vt 0.036364 0.000000
vt 0.796822 0.485388
vt 0.841844 0.471731
vt 0.883337 0.449553
vt 0.919706 0.419706
vt 0.949553 0.383337
vt 0.971731 0.341844
vt 0.985388 0.296822
vt 0.985388 0.203178
vt 0.971731 0.158156
vt 0.949553 0.116663
vt 0.919706 0.080294
vt 0.883337 0.050447
vt 0.841844 0.028269
vt 0.796822 0.014612
vt 0.703178 0.014612
vt 0.658156 0.028269
vt 0.616663 0.050447
vt 0.580294 0.080294
vt 0.550447 0.116663
vt 0.528269 0.158156
vt 0.514612 0.203178
vt 0.514612 0.296822
vt 0.528269 0.341844
vt 0.550447 0.383337
vt 0.580294 0.419706
vt 0.616663 0.449553
vt 0.658156 0.471731
vt 0.703178 0.485388
vt 0.968750 0.617609
vt 1.000000 0.617609
vt 0.998751 1.000000
vt 0.968750 1.000000
vt 0.296786 0.485208
vt 0.250000 0.489816
vt 0.250000 0.418405
vt 0.282854 0.415169
vt 0.250000 0.346810
vt 0.268887 0.344949
vt 0.937500 0.617609
vt 0.937500 1.000000
vt 0.341774 0.471561
vt 0.314446 0.405586
vt 0.287048 0.339440
vt 0.906250 0.617609
vt 0.906250 1.000000
vt 0.383234 0.449399
vt 0.343561 0.390023
vt 0.303785 0.330494
vt 0.875000 0.617609
vt 0.875000 1.000000
vt 0.419575 0.419575
vt 0.369080 0.369081
vt 0.318455 0.318455
vt 0.843750 0.617609
vt 0.843750 1.000000
vt 0.449399 0.383234
vt 0.390024 0.343561
vt 0.330494 0.303785
vt 0.812500 0.617609
vt 0.812500 1.000000
vt 0.471561 0.341773
vt 0.405586 0.314446
vt 0.339441 0.287048
vt 0.781250 0.617609
vt 0.781250 1.000000
vt 0.485208 0.296786
vt 0.415169 0.282854
vt 0.344950 0.268886
vt 0.750000 0.617609
vt 0.489816 0.250000
vt 0.418405 0.250000
vt 0.346810 0.250000
vt 0.718750 0.617609
vt 0.718750 1.000000
vt 0.485208 0.203214
vt 0.415169 0.217146
vt 0.344950 0.231114
vt 0.687500 0.617609
vt 0.687500 1.000000
vt 0.471561 0.158227
vt 0.405586 0.185554
vt 0.339441 0.212952
vt 0.656250 0.617609
vt 0.656250 1.000000
vt 0.449399 0.116766
vt 0.390024 0.156439
vt 0.330495 0.196215
vt 0.625000 0.617609
vt 0.625000 1.000000
vt 0.419575 0.080425
vt 0.369080 0.130919
vt 0.318455 0.181544
vt 0.593750 0.617609
vt 0.593750 1.000000
vt 0.383234 0.050601
vt 0.343561 0.109977
vt 0.303785 0.169506
vt 0.562500 0.617609
vt 0.562500 1.000000
vt 0.341774 0.028439
vt 0.314446 0.094414
vt 0.287048 0.160560
vt 0.531250 0.617609
vt 0.531250 1.000000
vt 0.296786 0.014792
vt 0.282854 0.084831
vt 0.268887 0.155051
vt 0.500000 0.617609
vt 0.250000 0.010184
vt 0.250000 0.081595
vt 0.250000 0.153190
vt 0.468750 0.617609
vt 0.468750 1.000000
vt 0.203214 0.014792
vt 0.217146 0.084831
vt 0.231113 0.155051
vt 0.437500 0.617609
vt 0.437500 1.000000
vt 0.158226 0.028439
vt 0.185554 0.094414
vt 0.212952 0.160560
vt 0.406250 0.617609
vt 0.406250 1.000000
vt 0.116766 0.050601
vt 0.156439 0.109977
vt 0.196215 0.169506
vt 0.375000 0.617609
vt 0.375000 1.000000
vt 0.080425 0.080425
vt 0.130920 0.130919
vt 0.181545 0.181545
vt 0.343750 0.617609
vt 0.343750 1.000000
vt 0.050601 0.116766
vt 0.109976 0.156439
vt 0.169505 0.196215
vt 0.312500 0.617609
vt 0.312500 1.000000
vt 0.028439 0.158227
vt 0.094414 0.185554
vt 0.160559 0.212952
vt 0.281250 0.617609
vt 0.281250 1.000000
vt 0.014792 0.203214
vt 0.084831 0.217146
vt 0.155050 0.231114
vt 0.250000 0.617609
vt 0.010184 0.250000
vt 0.081595 0.250000
vt 0.153190 0.250000
vt 0.218750 0.617609
vt 0.218750 1.000000
vt 0.014792 0.296786
vt 0.084831 0.282854
vt 0.155050 0.268886
vt 0.187500 0.617609
vt 0.187500 1.000000
vt 0.028439 0.341773
vt 0.094414 0.314446
vt 0.160559 0.287048
vt 0.156250 0.617609
vt 0.156250 1.000000
vt 0.050601 0.383234
vt 0.109976 0.343561
vt 0.169505 0.303785
vt 0.125000 0.617609
vt 0.125000 1.000000
vt 0.080425 0.419575
vt 0.130920 0.369081
vt 0.181545 0.318456
vt 0.093750 0.617609
vt 0.093750 1.000000
vt 0.116766 0.449399
vt 0.156439 0.390023
vt 0.196215 0.330494
vt 0.062500 0.617609
vt 0.062500 1.000000
vt 0.158227 0.471561
vt 0.185554 0.405586
vt 0.212952 0.339440
vt 0.031250 0.617609
vt 0.031250 1.000000
vt 0.203214 0.485208
vt 0.217146 0.415169
vt 0.231113 0.344949
vt 0.000000 0.617609
vt 0.001249 1.000000
vt 0.968750 0.500000
vt 0.031250 0.500000
vt 0.937500 0.500000
vt 0.906250 0.500000
vt 0.843750 0.500000
vt 0.781250 0.500000
vt 0.718750 0.500000
vt 0.656250 0.500000
vt 0.593750 0.500000
vt 0.562500 0.500000
vt 0.531250 0.500000
vt 0.500000 0.500000
vt 0.468750 0.500000
vt 0.437500 0.500000
vt 0.406250 0.500000
vt 0.343750 0.500000
vt 0.281250 0.500000
vt 0.250000 0.500000
vt 0.218750 0.500000
vt 0.156250 0.500000
vt 0.093750 0.500000
vt 0.062500 0.500000
s 0
usemtl Material.002
f 27/1/1 25/2/1 26/3/1
f 28/4/2 25/2/2 27/1/2
f 29/5/3 25/2/3 28/4/3
f 29/5/2 24/6/2 25/2/2
f 30/7/2 24/6/2 29/5/2
f 30/7/2 23/8/2 24/6/2
f 31/9/2 23/8/2 30/7/2
f 32/10/2 23/8/2 31/9/2
f 32/10/2 22/11/2 23/8/2
f 33/12/2 22/11/2 32/10/2
f 34/13/2 22/11/2 33/12/2
f 34/13/2 21/14/2 22/11/2
f 35/15/2 21/14/2 34/13/2
f 36/16/2 21/14/2 35/15/2
f 36/16/2 20/17/2 21/14/2
f 37/18/2 20/17/2 36/16/2
f 38/19/2 20/17/2 37/18/2
f 38/19/2 19/20/2 20/17/2
f 39/21/2 40/22/2 38/19/2
f 40/22/2 41/23/2 38/19/2
f 41/23/2 42/24/2 38/19/2
f 42/24/2 43/25/2 38/19/2
f 43/25/2 44/26/2 38/19/2
f 44/26/2 45/27/2 38/19/2
f 45/27/2 46/28/2 38/19/2
f 46/28/2 47/29/2 38/19/2
f 47/29/2 48/30/2 38/19/2
f 48/30/2 49/31/2 38/19/2
f 49/31/2 50/32/2 38/19/2
f 50/32/2 19/20/2 38/19/2
f 50/32/2 51/33/2 19/20/2
f 51/33/2 18/34/2 19/20/2
f 52/35/2 18/34/2 51/33/2
f 53/36/3 18/34/3 52/35/3
f 54/37/2 18/34/2 53/36/2
f 54/37/2 17/38/2 18/34/2
f 55/39/2 17/38/2 54/37/2
f 56/40/2 17/38/2 55/39/2
f 57/41/2 17/38/2 56/40/2
f 57/41/2 16/42/2 17/38/2
f 58/43/2 16/42/2 57/41/2
f 59/44/2 16/42/2 58/43/2
f 59/44/2 15/45/2 16/42/2
f 60/46/2 15/45/2 59/44/2
f 61/47/2 15/45/2 60/46/2
f 61/47/2 14/48/2 15/45/2
f 62/49/2 14/48/2 61/47/2
f 63/50/2 14/48/2 62/49/2
f 63/50/2 13/51/2 14/48/2
f 64/52/2 13/51/2 63/50/2
f 65/53/2 13/51/2 64/52/2
f 65/53/2 12/54/2 13/51/2
f 66/55/2 12/54/2 65/53/2
f 67/56/2 12/54/2 66/55/2
f 67/56/2 11/57/2 12/54/2
f 68/58/2 11/57/2 67/56/2
f 69/59/2 11/57/2 68/58/2
f 69/59/2 10/60/2 11/57/2
f 70/61/2 10/60/2 69/59/2
f 71/62/2 10/60/2 70/61/2
f 72/63/2 10/60/2 71/62/2
f 72/63/2 9/64/2 10/60/2
f 73/65/2 9/64/2 72/63/2
f 74/66/2 9/64/2 73/65/2
f 74/66/2 8/67/2 9/64/2
f 75/68/2 8/67/2 74/66/2
f 76/69/2 8/67/2 75/68/2
f 76/69/2 7/70/2 8/67/2
f 77/71/2 7/70/2 76/69/2
f 77/71/2 6/72/2 7/70/2
f 78/73/2 6/72/2 77/71/2
f 78/73/2 5/74/2 6/72/2
f 79/75/2 5/74/2 78/73/2
f 80/76/2 5/74/2 79/75/2
f 80/76/2 4/77/2 5/74/2
f 81/78/2 4/77/2 80/76/2
f 81/78/2 3/79/2 4/77/2
f 82/80/2 3/79/2 81/78/2
f 82/80/2 2/81/2 3/79/2
f 83/82/2 2/81/2 82/80/2
f 84/83/2 2/81/2 83/82/2
f 84/83/2 1/84/2 2/81/2
f 84/83/2 89/85/2 1/84/2
f 85/86/2 89/85/2 84/83/2
f 86/87/2 89/85/2 85/86/2
f 87/88/2 89/85/2 86/87/2
f 88/89/2 89/85/2 87/88/2
f 143/90/2 141/91/2 142/92/2
f 143/90/2 140/93/2 141/91/2
f 92/94/2 90/84/2 91/95/2
f 92/94/2 167/85/2 90/84/2
f 93/96/2 167/85/2 92/94/2
f 143/90/2 139/41/2 140/93/2
f 94/97/2 167/85/2 93/96/2
f 94/97/2 166/98/2 167/85/2
f 143/90/2 138/99/2 139/41/2
f 144/100/2 138/99/2 143/90/2
f 95/101/2 166/98/2 94/97/2
f 144/100/2 137/102/2 138/99/2
f 96/103/2 166/98/2 95/101/2
f 144/100/2 136/104/2 137/102/2
f 96/103/2 165/105/2 166/98/2
f 97/64/2 165/105/2 96/103/2
f 144/100/2 135/106/2 136/104/2
f 145/107/2 135/106/2 144/100/2
f 98/108/2 165/105/2 97/64/2
f 145/107/2 134/109/2 135/106/2
f 99/110/2 165/105/2 98/108/2
f 145/107/2 133/111/2 134/109/2
f 99/110/2 164/112/2 165/105/2
f 100/113/2 164/112/2 99/110/2
f 145/107/2 132/31/2 133/111/2
f 101/114/2 164/112/2 100/113/2
f 146/53/2 132/31/2 145/107/2
f 146/53/2 131/115/2 132/31/2
f 102/116/2 164/112/2 101/114/2
f 146/53/2 130/117/2 131/115/2
f 146/53/2 129/118/2 130/117/2
f 103/119/2 164/112/2 102/116/2
f 103/119/2 163/120/2 164/112/2
f 146/53/2 128/121/2 129/118/2
f 104/38/2 163/120/2 103/119/2
f 146/53/2 127/122/2 128/121/2
f 147/123/2 127/122/2 146/53/2
f 105/124/2 163/120/2 104/38/2
f 147/123/2 126/125/2 127/122/2
f 106/126/2 163/120/2 105/124/2
f 106/126/2 162/127/2 163/120/2
f 107/128/2 162/127/2 106/126/2
f 147/123/2 125/23/2 126/125/2
f 108/129/2 162/127/2 107/128/2
f 147/123/2 124/130/2 125/23/2
f 109/131/2 162/127/2 108/129/2
f 147/123/2 123/132/2 124/130/2
f 148/133/2 123/132/2 147/123/2
f 110/134/2 162/127/2 109/131/2
f 148/133/2 122/135/2 123/132/2
f 111/2/2 162/127/2 110/134/2
f 148/133/2 121/136/2 122/135/2
f 111/2/2 161/137/2 162/127/2
f 112/138/2 161/137/2 111/2/2
f 148/133/2 120/139/2 121/136/2
f 113/140/2 161/137/2 112/138/2
f 148/133/2 119/141/2 120/139/2
f 114/142/2 161/137/2 113/140/2
f 148/133/2 118/12/2 119/141/2
f 115/143/3 161/137/3 114/142/3
f 148/133/2 117/144/2 118/12/2
f 116/145/2 161/137/2 115/143/2
f 148/133/2 116/145/2 117/144/2
f 148/133/2 161/137/2 116/145/2
f 149/146/2 161/137/2 148/133/2
f 149/146/2 160/78/2 161/137/2
f 150/147/2 160/78/2 149/146/2
f 150/147/2 159/148/2 160/78/2
f 151/149/2 159/148/2 150/147/2
f 151/149/2 158/150/2 159/148/2
f 152/151/2 158/150/2 151/149/2
f 152/151/2 157/152/2 158/150/2
f 153/65/2 157/152/2 152/151/2
f 153/65/2 156/153/2 157/152/2
f 154/154/2 156/153/2 153/65/2
f 154/154/2 155/155/2 156/153/2
s 1
f 284/365/55 299/366/55 306/367/56 289/368/56
f 289/368/56 306/367/56 305/369/57 292/370/57
f 292/370/57 305/369/57 304/371/58 295/372/58
f 295/13/58 304/40/58 303/373/59 296/374/59
f 296/374/59 303/373/59 301/375/60 297/376/60
f 297/376/60 301/375/60 298/377/61 288/378/61
f 416/379/62 415/380/62 315/381/63 318/382/63
f 318/382/63 315/381/63 314/383/64 319/384/64
f 319/384/64 314/383/64 313/385/65 320/386/65
f 320/386/65 313/385/65 312/387/66 321/388/66
f 321/388/66 312/387/66 311/389/67 322/390/67
f 322/390/67 311/389/67 308/391/68 317/392/68
f 344/393/69 338/394/69 343/395/70 346/396/70
f 346/396/70 343/395/70 342/397/71 347/398/71
f 347/398/71 342/397/71 341/399/72 348/400/72
f 348/400/72 341/399/72 340/401/73 349/402/73
f 349/402/73 340/401/73 339/403/74 350/404/74
f 350/404/74 339/403/74 417/405/75 418/406/75
f 330/407/76 324/408/76 329/409/77 332/410/77
f 332/410/77 329/409/77 328/411/78 333/412/78
f 333/412/78 328/411/78 327/413/79 334/414/79
f 334/414/79 327/413/79 326/415/80 335/416/80
f 335/416/80 326/415/80 325/417/81 336/418/81
f 336/418/81 325/417/81 323/419/82 331/420/82
f 296/421/8 297/422/8 288/423/8 364/424/8 365/425/8 368/426/8 366/427/8 367/428/8 370/429/8 369/430/8 371/431/8 381/432/8 374/433/8 373/434/8 378/435/8 379/436/8 376/437/8 377/438/8 380/439/8 375/440/8 372/441/8 382/442/8 417/405/8 339/403/8 340/401/8 341/399/8 342/397/8 343/395/8 338/394/8 323/419/8 325/417/8 326/415/8 327/413/8 328/411/8 329/409/8 324/408/8 284/443/8 289/444/8 292/445/8 295/446/8
f 314/447/8 315/448/8 415/449/8 310/450/8 337/451/8 417/405/8 382/442/8 362/452/8 363/453/8 361/454/8 355/455/8 356/456/8 354/457/8 357/458/8 352/459/8 353/460/8 351/461/8 358/462/8 360/463/8 359/464/8 364/424/8 288/423/8 308/465/8 311/466/8 312/467/8 313/468/8
f 288/378/61 298/377/61 317/392/68 308/391/68
f 299/366/55 284/365/55 324/408/76 330/407/76 430/469/7 431/470/7 433/471/7 432/472/7 429/473/7 435/474/7 434/475/7 428/476/7
f 335/416/2 336/418/2 331/420/2 396/477/2 411/478/2 410/479/2 408/480/2 409/481/2 412/482/2 406/483/2 407/484/2 413/485/2 401/486/2 403/487/2 398/488/2 399/489/2 397/490/2 400/491/2 405/492/2 404/493/2 402/494/2 414/495/2 416/496/2 318/497/2 319/498/2 320/499/2 321/500/2 322/501/2 317/502/2 298/503/2 301/504/2 303/505/2 304/506/2 305/507/2 306/508/2 299/509/2 428/510/2 436/511/2 437/512/2 438/513/2 441/514/2 442/515/2 443/516/2 430/517/2 330/407/2 332/410/2 333/412/2 334/414/2
f 439/518/2 429/519/2 432/520/2 440/521/2
f 424/522/2 414/495/2 390/523/2 425/524/2
f 427/525/2 425/524/2 390/523/2 391/526/2 392/527/2 383/528/2 385/529/2 384/530/2 389/531/2 386/532/2 388/533/2 387/534/2 395/535/2 393/536/2 394/537/2 396/477/2 331/420/2 344/393/2 346/396/2 347/398/2 348/400/2 349/402/2 350/404/2 418/406/2 416/496/2 414/495/2 424/522/2 423/538/2 426/539/2
f 338/394/69 344/393/69 331/420/82 323/419/82
f 392/540/7 361/541/7 363/542/83 383/543/83
f 383/543/83 363/542/83 362/544/84 385/545/84
f 385/545/84 362/544/84 382/546/85 384/547/85
f 384/547/85 382/546/85 372/548/58 389/549/58
f 372/548/58 375/550/86 386/551/86 389/549/58
f 375/550/86 380/552/87 388/553/87 386/551/86
f 380/552/87 377/554/88 387/555/88 388/553/87
f 377/554/88 376/556/4 395/557/4 387/555/88
f 376/556/4 379/558/89 393/559/89 395/557/4
f 379/558/89 378/560/90 394/561/90 393/559/89
f 378/560/90 373/562/91 396/563/91 394/561/90
f 373/562/91 374/564/65 411/565/65 396/563/91
f 374/564/65 381/566/92 410/567/92 411/565/65
f 381/566/92 371/568/93 408/569/93 410/567/92
f 371/568/93 369/570/94 409/571/94 408/569/93
f 369/570/94 370/572/5 412/573/5 409/571/94
f 370/572/5 367/574/95 406/575/95 412/573/5
f 367/574/95 366/576/96 407/577/96 406/575/95
f 366/576/96 368/578/97 413/579/97 407/577/96
f 368/578/97 365/580/72 401/581/72 413/579/97
f 401/581/72 365/580/72 364/582/98 403/583/98
f 403/583/98 364/582/98 359/584/99 398/585/99
f 398/585/99 359/584/99 360/586/100 399/587/100
f 399/587/100 360/586/100 358/588/6 397/589/6
f 397/589/6 358/588/6 351/590/101 400/591/101
f 400/591/101 351/590/101 353/592/102 405/593/102
f 405/593/102 353/592/102 352/594/103 404/595/103
f 404/595/103 352/594/103 357/596/79 402/597/79
f 402/597/79 357/596/79 354/598/104 414/599/104
f 414/599/104 354/598/104 356/600/105 390/601/105
f 390/601/105 356/600/105 355/602/106 391/603/106
f 391/603/106 355/602/106 361/604/7 392/605/7
f 316/606/5 310/607/5 415/380/62 416/379/62
f 337/608/5 345/609/5 418/406/75 417/405/75
f 345/609/5 316/606/5 416/379/62 418/406/75
f 337/451/8 310/450/8 419/450/8 421/451/8
f 420/606/5 422/609/5 421/608/5 419/450/5
f 290/84/2 286/84/2 294/84/2
f 290/84/109 294/84/109 427/84/109 426/84/109
f 427/84/5 294/84/5 286/84/5 423/84/5 424/84/5 425/84/5
f 423/84/110 286/84/110 290/84/110 426/84/110
f 300/610/2 309/611/2 291/612/2 293/613/2
f 293/613/4 291/612/4 443/614/4 442/615/4
f 441/616/7 300/617/7 293/613/7 442/615/7
f 436/618/6 285/13/6 287/619/6 437/620/6
f 437/620/7 287/619/7 302/621/7 438/622/7
f 438/622/7 302/621/7 300/617/7 441/616/7
f 291/612/4 431/612/4 430/623/4 443/614/4
f 309/624/5 307/625/5 439/626/5 440/627/5
f 287/628/2 285/629/2 307/630/2 302/631/2
f 302/631/2 307/630/2 309/611/2 300/610/2
f 432/632/6 433/624/6 309/624/6 440/627/6
f 428/633/6 434/13/6 285/13/6 436/618/6
f 431/612/2 291/612/2 309/611/2 433/611/2
f 307/625/4 435/625/4 429/634/4 439/626/4
f 435/630/2 307/630/2 285/629/2 434/629/2
s 0
f 2050/158/2 2048/84/2 2054/958/2 2055/959/2
f 2054/958/2 2048/84/2 2049/85/2 2051/157/2 2050/158/2 2055/959/2 2053/960/2 2052/961/2
f 2058/158/2 2056/84/2 2062/958/2 2063/959/2
f 2062/958/2 2056/84/2 2057/85/2 2059/157/2 2058/158/2 2063/959/2 2061/960/2 2060/961/2
f 2110/1003/2 2108/84/2 2109/1004/2
f 2110/1003/2 2111/85/2 2108/84/2
f 2112/84/2 2139/1005/2 2138/1006/2
f 2139/1005/2 2137/1007/2 2138/1006/2
f 2139/1005/2 2136/1008/2 2137/1007/2
f 2139/1005/2 2135/1009/2 2136/1008/2
f 2139/1005/2 2134/1010/2 2135/1009/2
f 2139/1005/2 2133/1011/2 2134/1010/2
f 2139/1005/2 2132/1012/2 2133/1011/2
f 2139/1005/2 2140/1013/2 2132/1012/2
f 2140/1013/2 2141/1014/2 2132/1012/2
f 2141/1014/2 2131/1015/2 2132/1012/2
f 2112/84/2 2165/85/2 2139/1005/2
f 2142/1016/2 2131/1015/2 2141/1014/2
f 2143/1017/2 2131/1015/2 2142/1016/2
f 2144/1018/2 2131/1015/2 2143/1017/2
f 2144/1018/2 2130/1019/2 2131/1015/2
f 2145/1020/2 2130/1019/2 2144/1018/2
f 2146/1021/2 2130/1019/2 2145/1020/2
f 2146/1021/2 2129/1022/2 2130/1019/2
f 2147/1023/2 2129/1022/2 2146/1021/2
f 2147/1023/2 2128/1024/2 2129/1022/2
f 2148/1025/2 2128/1024/2 2147/1023/2
f 2149/1026/2 2128/1024/2 2148/1025/2
f 2149/1026/2 2127/1027/2 2128/1024/2
f 2150/1028/2 2127/1027/2 2149/1026/2
f 2150/1028/2 2126/1029/2 2127/1027/2
f 2151/1030/2 2126/1029/2 2150/1028/2
f 2151/1030/2 2125/1031/2 2126/1029/2
f 2152/1032/2 2125/1031/2 2151/1030/2
f 2153/1033/2 2125/1031/2 2152/1032/2
f 2153/1033/2 2124/1034/2 2125/1031/2
f 2154/1035/2 2124/1034/2 2153/1033/2
f 2154/1035/2 2123/1036/2 2124/1034/2
f 2155/1037/2 2123/1036/2 2154/1035/2
f 2156/1038/2 2123/1036/2 2155/1037/2
f 2156/1038/2 2122/1039/2 2123/1036/2
f 2157/1040/2 2122/1039/2 2156/1038/2
f 2157/1040/2 2121/1041/2 2122/1039/2
f 2158/1042/2 2121/1041/2 2157/1040/2
f 2159/1043/2 2121/1041/2 2158/1042/2
f 2159/1043/2 2120/1044/2 2121/1041/2
f 2160/1045/2 2120/1044/2 2159/1043/2
f 2160/1045/2 2119/1046/2 2120/1044/2
f 2161/1047/2 2119/1046/2 2160/1045/2
f 2162/1048/2 2119/1046/2 2161/1047/2
f 2162/1048/2 2118/1049/2 2119/1046/2
f 2163/1050/2 2118/1049/2 2162/1048/2
f 2164/1051/2 2118/1049/2 2163/1050/2
f 2112/84/2 2164/1051/2 2165/85/2
f 2112/84/2 2118/1049/2 2164/1051/2
f 2112/84/2 2117/1052/2 2118/1049/2
f 2112/84/2 2116/1053/2 2117/1052/2
f 2112/84/2 2115/1054/2 2116/1053/2
f 2112/84/2 2114/1055/2 2115/1054/2
f 2112/84/3 2113/1056/3 2114/1055/3
f 2296/1003/2 2294/84/2 2295/1004/2
f 2296/1003/2 2297/85/2 2294/84/2
f 2311/1115/1 2309/1116/1 2310/1117/1
f 2311/1115/2 2308/1118/2 2309/1116/2
f 2311/1115/2 2307/1119/2 2308/1118/2
f 2312/1120/2 2307/1119/2 2311/1115/2
f 2312/1120/2 2306/1121/2 2307/1119/2
f 2312/1120/2 2305/1122/2 2306/1121/2
f 2312/1120/2 2304/1123/2 2305/1122/2
f 2313/1124/2 2304/1123/2 2312/1120/2
f 2313/1124/2 2303/1125/2 2304/1123/2
f 2313/1124/2 2302/1126/2 2303/1125/2
f 2313/1124/2 2301/1127/2 2302/1126/2
f 2314/1128/2 2301/1127/2 2313/1124/2
f 2314/1128/2 2300/1129/2 2301/1127/2
f 2314/1128/2 2299/1130/2 2300/1129/2
f 2314/1128/2 2298/84/2 2299/1130/2
f 2315/1131/2 2298/84/2 2314/1128/2
f 2315/1131/2 2385/1132/2 2298/84/2
f 2385/1132/2 2386/1133/2 2298/84/2
f 2386/1133/2 2387/1134/2 2298/84/2
f 2387/1134/2 2388/1135/2 2298/84/2
f 2388/1135/2 2389/1136/2 2298/84/2
f 2389/1136/2 2390/1137/2 2298/84/2
f 2390/1137/2 2391/1138/2 2298/84/2
f 2391/1138/2 2392/1139/2 2298/84/2
f 2392/1139/2 2393/1140/2 2298/84/2
f 2393/1140/2 2394/1141/2 2298/84/2
f 2394/1141/2 2395/85/2 2298/84/2
f 2316/1142/2 2383/1143/2 2315/1131/2
f 2383/1143/2 2384/1144/2 2315/1131/2
f 2384/1144/2 2385/1132/2 2315/1131/2
f 2316/1142/1 2382/1145/1 2383/1143/1
f 2316/1142/2 2381/1146/2 2382/1145/2
f 2316/1142/2 2380/1147/2 2381/1146/2
f 2317/1148/2 2380/1147/2 2316/1142/2
f 2317/1148/2 2379/1149/2 2380/1147/2
f 2317/1148/2 2378/1150/2 2379/1149/2
f 2318/1151/2 2378/1150/2 2317/1148/2
f 2318/1151/2 2377/1152/2 2378/1150/2
f 2318/1151/2 2376/1153/2 2377/1152/2
f 2319/1154/2 2376/1153/2 2318/1151/2
f 2319/1154/2 2375/1155/2 2376/1153/2
f 2320/1156/2 2375/1155/2 2319/1154/2
f 2320/1156/2 2374/1157/2 2375/1155/2
f 2320/1156/2 2373/1158/2 2374/1157/2
f 2321/1159/2 2373/1158/2 2320/1156/2
f 2321/1159/2 2372/1160/2 2373/1158/2
f 2322/1161/2 2372/1160/2 2321/1159/2
f 2322/1161/2 2371/1162/2 2372/1160/2
f 2322/1161/2 2370/1163/2 2371/1162/2
f 2323/1164/2 2370/1163/2 2322/1161/2
f 2323/1164/2 2369/1165/2 2370/1163/2
f 2324/1166/2 2369/1165/2 2323/1164/2
f 2324/1166/2 2368/1167/2 2369/1165/2
f 2325/1168/2 2368/1167/2 2324/1166/2
f 2325/1168/2 2367/1169/2 2368/1167/2
f 2326/1170/2 2367/1169/2 2325/1168/2
f 2326/1170/2 2366/1171/2 2367/1169/2
f 2327/1172/2 2366/1171/2 2326/1170/2
f 2327/1172/2 2365/1173/2 2366/1171/2
f 2348/1174/2 2346/1175/2 2347/1176/2
f 2327/1172/2 2364/1177/2 2365/1173/2
f 2349/1178/2 2346/1175/2 2348/1174/2
f 2328/1179/2 2364/1177/2 2327/1172/2
f 2350/1180/2 2346/1175/2 2349/1178/2
f 2328/1179/2 2363/1181/2 2364/1177/2
f 2351/1182/2 2346/1175/2 2350/1180/2
f 2352/1183/2 2346/1175/2 2351/1182/2
f 2328/1179/2 2362/1184/2 2363/1181/2
f 2353/1185/2 2346/1175/2 2352/1183/2
f 2329/1186/2 2362/1184/2 2328/1179/2
f 2354/1187/2 2346/1175/2 2353/1185/2
f 2329/1186/2 2361/1188/2 2362/1184/2
f 2355/1189/2 2346/1175/2 2354/1187/2
f 2356/1190/2 2346/1175/2 2355/1189/2
f 2329/1186/2 2360/1191/2 2361/1188/2
f 2357/1192/2 2346/1175/2 2356/1190/2
f 2358/1193/2 2346/1175/2 2357/1192/2
f 2329/1186/2 2359/1194/2 2360/1191/2
f 2359/1194/2 2346/1175/2 2358/1193/2
f 2329/1186/2 2346/1175/2 2359/1194/2
f 2330/1195/2 2346/1175/2 2329/1186/2
f 2330/1195/2 2345/1196/2 2346/1175/2
f 2331/1197/2 2345/1196/2 2330/1195/2
f 2331/1197/2 2344/1198/2 2345/1196/2
f 2331/1197/2 2343/1199/2 2344/1198/2
f 2331/1197/2 2342/1200/2 2343/1199/2
f 2332/1201/2 2342/1200/2 2331/1197/2
f 2332/1201/2 2341/1202/2 2342/1200/2
f 2332/1201/2 2340/1203/2 2341/1202/2
f 2332/1201/2 2339/1204/2 2340/1203/2
f 2333/1205/2 2339/1204/2 2332/1201/2
f 2333/1205/2 2338/1206/2 2339/1204/2
f 2333/1205/2 2337/1207/2 2338/1206/2
f 2333/1205/2 2336/1208/2 2337/1207/2
f 2334/1209/2 2336/1208/2 2333/1205/2
f 2334/1209/278 2335/1210/278 2336/1208/278
f 2422/1/1 2420/2/1 2421/3/1
f 2423/4/2 2420/2/2 2422/1/2
f 2424/5/2 2420/2/2 2423/4/2
f 2424/5/2 2419/6/2 2420/2/2
f 2425/7/2 2419/6/2 2424/5/2
f 2425/7/2 2418/8/2 2419/6/2
f 2426/9/2 2418/8/2 2425/7/2
f 2427/10/2 2418/8/2 2426/9/2
f 2427/10/2 2417/11/2 2418/8/2
f 2428/12/2 2417/11/2 2427/10/2
f 2429/13/2 2417/11/2 2428/12/2
f 2429/13/2 2416/14/2 2417/11/2
f 2430/15/2 2416/14/2 2429/13/2
f 2431/16/2 2416/14/2 2430/15/2
f 2431/16/2 2415/17/2 2416/14/2
f 2432/18/2 2415/17/2 2431/16/2
f 2433/19/2 2415/17/2 2432/18/2
f 2433/19/2 2414/20/2 2415/17/2
f 2434/21/2 2435/22/2 2433/19/2
f 2435/22/2 2436/23/2 2433/19/2
f 2436/23/2 2437/24/2 2433/19/2
f 2437/24/2 2438/25/2 2433/19/2
f 2438/25/2 2439/26/2 2433/19/2
f 2439/26/2 2440/27/2 2433/19/2
f 2440/27/2 2441/28/2 2433/19/2
f 2441/28/2 2442/29/2 2433/19/2
f 2442/29/2 2443/30/2 2433/19/2
f 2443/30/2 2444/31/2 2433/19/2
f 2444/31/2 2445/32/2 2433/19/2
f 2445/32/2 2414/20/2 2433/19/2
f 2445/32/2 2446/33/2 2414/20/2
f 2446/33/2 2413/34/2 2414/20/2
f 2447/35/2 2413/34/2 2446/33/2
f 2448/36/2 2413/34/2 2447/35/2
f 2449/37/2 2413/34/2 2448/36/2
f 2449/37/2 2412/38/2 2413/34/2
f 2450/39/2 2412/38/2 2449/37/2
f 2451/40/2 2412/38/2 2450/39/2
f 2452/41/2 2412/38/2 2451/40/2
f 2452/41/2 2411/42/2 2412/38/2
f 2453/43/2 2411/42/2 2452/41/2
f 2454/44/2 2411/42/2 2453/43/2
f 2454/44/2 2410/45/2 2411/42/2
f 2455/46/2 2410/45/2 2454/44/2
f 2456/47/2 2410/45/2 2455/46/2
f 2456/47/2 2409/48/2 2410/45/2
f 2457/49/2 2409/48/2 2456/47/2
f 2458/50/2 2409/48/2 2457/49/2
f 2458/50/2 2408/51/2 2409/48/2
f 2459/52/2 2408/51/2 2458/50/2
f 2460/53/2 2408/51/2 2459/52/2
f 2460/53/2 2407/54/2 2408/51/2
f 2461/55/2 2407/54/2 2460/53/2
f 2462/56/2 2407/54/2 2461/55/2
f 2462/56/2 2406/57/2 2407/54/2
f 2463/58/2 2406/57/2 2462/56/2
f 2464/59/2 2406/57/2 2463/58/2
f 2464/59/2 2405/60/2 2406/57/2
f 2465/61/2 2405/60/2 2464/59/2
f 2466/62/2 2405/60/2 2465/61/2
f 2467/63/2 2405/60/2 2466/62/2
f 2467/63/2 2404/64/2 2405/60/2
f 2468/65/2 2404/64/2 2467/63/2
f 2469/66/2 2404/64/2 2468/65/2
f 2469/66/2 2403/67/2 2404/64/2
f 2470/68/2 2403/67/2 2469/66/2
f 2471/69/2 2403/67/2 2470/68/2
f 2471/69/2 2402/70/2 2403/67/2
f 2472/71/2 2402/70/2 2471/69/2
f 2472/71/2 2401/72/2 2402/70/2
f 2473/73/2 2401/72/2 2472/71/2
f 2473/73/2 2400/74/2 2401/72/2
f 2474/75/2 2400/74/2 2473/73/2
f 2475/76/2 2400/74/2 2474/75/2
f 2475/76/2 2399/77/2 2400/74/2
f 2476/78/2 2399/77/2 2475/76/2
f 2476/78/2 2398/79/2 2399/77/2
f 2477/80/2 2398/79/2 2476/78/2
f 2477/80/2 2397/81/2 2398/79/2
f 2478/82/2 2397/81/2 2477/80/2
f 2479/83/2 2397/81/2 2478/82/2
f 2479/83/2 2396/84/2 2397/81/2
f 2479/83/2 2484/85/2 2396/84/2
f 2480/86/2 2484/85/2 2479/83/2
f 2481/87/2 2484/85/2 2480/86/2
f 2482/88/2 2484/85/2 2481/87/2
f 2483/89/2 2484/85/2 2482/88/2
f 2498/1115/1 2496/1116/1 2497/1117/1
f 2498/1115/3 2495/1118/3 2496/1116/3
f 2498/1115/2 2494/1119/2 2495/1118/2
f 2499/1120/2 2494/1119/2 2498/1115/2
f 2499/1120/3 2493/1121/3 2494/1119/3
f 2499/1120/2 2492/1122/2 2493/1121/2
f 2499/1120/2 2491/1123/2 2492/1122/2
f 2500/1124/2 2491/1123/2 2499/1120/2
f 2500/1124/2 2490/1125/2 2491/1123/2
f 2500/1124/2 2489/1126/2 2490/1125/2
f 2500/1124/2 2488/1127/2 2489/1126/2
f 2501/1128/2 2488/1127/2 2500/1124/2
f 2501/1128/2 2487/1129/2 2488/1127/2
f 2501/1128/2 2486/1130/2 2487/1129/2
f 2501/1128/2 2485/84/2 2486/1130/2
f 2502/1131/2 2485/84/2 2501/1128/2
f 2502/1131/2 2572/1132/2 2485/84/2
f 2572/1132/2 2573/1133/2 2485/84/2
f 2573/1133/2 2574/1134/2 2485/84/2
f 2574/1134/2 2575/1135/2 2485/84/2
f 2575/1135/2 2576/1136/2 2485/84/2
f 2576/1136/2 2577/1137/2 2485/84/2
f 2577/1137/2 2578/1138/2 2485/84/2
f 2578/1138/2 2579/1139/2 2485/84/2
f 2579/1139/2 2580/1140/2 2485/84/2
f 2580/1140/2 2581/1141/2 2485/84/2
f 2581/1141/2 2582/85/2 2485/84/2
f 2503/1142/2 2570/1143/2 2502/1131/2
f 2570/1143/2 2571/1144/2 2502/1131/2
f 2571/1144/2 2572/1132/2 2502/1131/2
f 2503/1142/278 2569/1145/278 2570/1143/278
f 2503/1142/2 2568/1146/2 2569/1145/2
f 2503/1142/2 2567/1147/2 2568/1146/2
f 2504/1148/2 2567/1147/2 2503/1142/2
f 2504/1148/2 2566/1149/2 2567/1147/2
f 2504/1148/2 2565/1150/2 2566/1149/2
f 2505/1151/2 2565/1150/2 2504/1148/2
f 2505/1151/2 2564/1152/2 2565/1150/2
f 2505/1151/2 2563/1153/2 2564/1152/2
f 2506/1154/2 2563/1153/2 2505/1151/2
f 2506/1154/2 2562/1155/2 2563/1153/2
f 2507/1156/2 2562/1155/2 2506/1154/2
f 2507/1156/2 2561/1157/2 2562/1155/2
f 2507/1156/2 2560/1158/2 2561/1157/2
f 2508/1159/2 2560/1158/2 2507/1156/2
f 2508/1159/2 2559/1160/2 2560/1158/2
f 2509/1161/2 2559/1160/2 2508/1159/2
f 2509/1161/2 2558/1162/2 2559/1160/2
f 2509/1161/2 2557/1163/2 2558/1162/2
f 2510/1164/2 2557/1163/2 2509/1161/2
f 2510/1164/2 2556/1165/2 2557/1163/2
f 2511/1166/2 2556/1165/2 2510/1164/2
f 2511/1166/2 2555/1167/2 2556/1165/2
f 2512/1168/2 2555/1167/2 2511/1166/2
f 2512/1168/2 2554/1169/2 2555/1167/2
f 2513/1170/2 2554/1169/2 2512/1168/2
f 2513/1170/2 2553/1171/2 2554/1169/2
f 2514/1172/2 2553/1171/2 2513/1170/2
f 2514/1172/2 2552/1173/2 2553/1171/2
f 2535/1174/2 2533/1175/2 2534/1176/2
f 2514/1172/2 2551/1177/2 2552/1173/2
f 2536/1178/2 2533/1175/2 2535/1174/2
f 2515/1179/2 2551/1177/2 2514/1172/2
f 2537/1180/2 2533/1175/2 2536/1178/2
f 2515/1179/2 2550/1181/2 2551/1177/2
f 2538/1182/2 2533/1175/2 2537/1180/2
f 2539/1183/2 2533/1175/2 2538/1182/2
f 2515/1179/2 2549/1184/2 2550/1181/2
f 2540/1185/2 2533/1175/2 2539/1183/2
f 2516/1186/2 2549/1184/2 2515/1179/2
f 2541/1187/2 2533/1175/2 2540/1185/2
f 2516/1186/2 2548/1188/2 2549/1184/2
f 2542/1189/2 2533/1175/2 2541/1187/2
f 2543/1190/2 2533/1175/2 2542/1189/2
f 2516/1186/2 2547/1191/2 2548/1188/2
f 2544/1192/2 2533/1175/2 2543/1190/2
f 2545/1193/2 2533/1175/2 2544/1192/2
f 2516/1186/2 2546/1194/2 2547/1191/2
f 2546/1194/2 2533/1175/2 2545/1193/2
f 2516/1186/2 2533/1175/2 2546/1194/2
f 2517/1195/2 2533/1175/2 2516/1186/2
f 2517/1195/2 2532/1196/2 2533/1175/2
f 2518/1197/2 2532/1196/2 2517/1195/2
f 2518/1197/2 2531/1198/2 2532/1196/2
f 2518/1197/2 2530/1199/2 2531/1198/2
f 2518/1197/2 2529/1200/2 2530/1199/2
f 2519/1201/2 2529/1200/2 2518/1197/2
f 2519/1201/2 2528/1202/2 2529/1200/2
f 2519/1201/2 2527/1203/2 2528/1202/2
f 2519/1201/2 2526/1204/2 2527/1203/2
f 2520/1205/2 2526/1204/2 2519/1201/2
f 2520/1205/2 2525/1206/2 2526/1204/2
f 2520/1205/2 2524/1207/2 2525/1206/2
f 2520/1205/2 2523/1208/2 2524/1207/2
f 2521/1209/2 2523/1208/2 2520/1205/2
f 2521/1209/2 2522/1210/2 2523/1208/2
f 2592/1211/2 2663/1212/2 2591/84/2
f 2593/1213/2 2663/1212/2 2592/1211/2
f 2594/1214/2 2663/1212/2 2593/1213/2
f 2594/1214/2 2662/1215/2 2663/1212/2
f 2594/1214/2 2661/1216/2 2662/1215/2
f 2595/1217/2 2661/1216/2 2594/1214/2
f 2595/1217/2 2660/1218/2 2661/1216/2
f 2595/1217/2 2659/1219/2 2660/1218/2
f 2596/1220/2 2659/1219/2 2595/1217/2
f 2596/1220/2 2658/1221/2 2659/1219/2
f 2596/1220/2 2657/1222/2 2658/1221/2
f 2597/1223/2 2657/1222/2 2596/1220/2
f 2597/1223/2 2656/1224/2 2657/1222/2
f 2597/1223/2 2655/1225/2 2656/1224/2
f 2598/1226/2 2655/1225/2 2597/1223/2
f 2598/1226/2 2654/1227/2 2655/1225/2
f 2599/1228/2 2654/1227/2 2598/1226/2
f 2599/1228/2 2653/1229/2 2654/1227/2
f 2599/1228/2 2652/1230/2 2653/1229/2
f 2600/1231/2 2652/1230/2 2599/1228/2
f 2640/1232/279 2638/1233/279 2639/1234/279
f 2641/1235/2 2638/1233/2 2640/1232/2
f 2642/1236/2 2638/1233/2 2641/1235/2
f 2642/1236/2 2637/1237/2 2638/1233/2
f 2643/1238/2 2637/1237/2 2642/1236/2
f 2644/1239/2 2637/1237/2 2643/1238/2
f 2600/1231/2 2651/27/2 2652/1230/2
f 2645/1240/2 2637/1237/2 2644/1239/2
f 2645/1240/2 2636/13/2 2637/1237/2
f 2646/1241/2 2636/13/2 2645/1240/2
f 2647/1242/2 2636/13/2 2646/1241/2
f 2648/1243/2 2636/13/2 2647/1242/2
f 2648/1243/2 2635/1244/2 2636/13/2
f 2649/1245/2 2635/1244/2 2648/1243/2
f 2650/1246/2 2635/1244/2 2649/1245/2
f 2651/27/2 2635/1244/2 2650/1246/2
f 2651/27/2 2634/1247/2 2635/1244/2
f 2600/1231/2 2634/1247/2 2651/27/2
f 2601/1248/2 2634/1247/2 2600/1231/2
f 2601/1248/2 2633/1249/2 2634/1247/2
f 2601/1248/2 2632/1250/2 2633/1249/2
f 2602/1251/2 2673/1252/2 2601/1248/2
f 2673/1252/3 2674/1253/3 2601/1248/3
f 2674/1253/2 2632/1250/2 2601/1248/2
f 2674/1253/280 2675/1254/280 2632/1250/280
f 2675/1254/2 2676/1255/2 2632/1250/2
f 2676/1255/2 2631/1004/2 2632/1250/2
f 2677/1256/281 2631/1004/281 2676/1255/281
f 2678/1257/2 2631/1004/2 2677/1256/2
f 2602/1251/282 2672/1258/282 2673/1252/282
f 2602/1251/3 2671/1003/3 2672/1258/3
f 2679/1259/2 2631/1004/2 2678/1257/2
f 2679/1259/2 2630/1260/2 2631/1004/2
f 2602/1251/2 2670/1261/2 2671/1003/2
f 2602/1251/2 2669/1262/2 2670/1261/2
f 2680/1263/2 2630/1260/2 2679/1259/2
f 2602/1251/2 2668/1264/2 2669/1262/2
f 2681/56/2 2630/1260/2 2680/1263/2
f 2602/1251/2 2667/1265/2 2668/1264/2
f 2602/1251/2 2666/40/2 2667/1265/2
f 2682/1266/2 2630/1260/2 2681/56/2
f 2602/1251/2 2665/1267/2 2666/40/2
f 2603/1268/2 2665/1267/2 2602/1251/2
f 2682/1266/2 2629/1269/2 2630/1260/2
f 2603/1268/2 2664/1270/2 2665/1267/2
f 2683/1271/2 2629/1269/2 2682/1266/2
f 2603/1268/2 2711/85/2 2664/1270/2
f 2684/1272/2 2629/1269/2 2683/1271/2
f 2685/1273/2 2629/1269/2 2684/1272/2
f 2685/1273/2 2628/1274/2 2629/1269/2
f 2603/1268/2 2710/1275/2 2711/85/2
f 2686/1276/2 2628/1274/2 2685/1273/2
f 2604/1277/2 2710/1275/2 2603/1268/2
f 2687/1278/2 2628/1274/2 2686/1276/2
f 2687/1278/2 2627/1279/2 2628/1274/2
f 2604/1277/2 2709/1280/2 2710/1275/2
f 2688/1281/2 2627/1279/2 2687/1278/2
f 2605/1282/2 2709/1280/2 2604/1277/2
f 2689/1283/2 2627/1279/2 2688/1281/2
f 2689/1283/2 2626/1284/2 2627/1279/2
f 2605/1282/2 2708/1285/2 2709/1280/2
f 2690/1286/2 2626/1284/2 2689/1283/2
f 2605/1282/2 2707/1287/2 2708/1285/2
f 2690/1286/2 2625/1288/2 2626/1284/2
f 2606/54/2 2707/1287/2 2605/1282/2
f 2691/1289/2 2625/1288/2 2690/1286/2
f 2692/1290/2 2625/1288/2 2691/1289/2
f 2606/54/2 2706/1291/2 2707/1287/2
f 2692/1290/2 2624/1292/2 2625/1288/2
f 2693/1293/2 2624/1292/2 2692/1290/2
f 2607/1294/2 2706/1291/2 2606/54/2
f 2607/1294/2 2705/1295/2 2706/1291/2
f 2694/1296/2 2624/1292/2 2693/1293/2
f 2607/1294/2 2704/1297/2 2705/1295/2
f 2694/1296/2 2623/1298/2 2624/1292/2
f 2695/1299/2 2623/1298/2 2694/1296/2
f 2608/1300/2 2704/1297/2 2607/1294/2
f 2608/1300/2 2703/1301/2 2704/1297/2
f 2696/73/2 2623/1298/2 2695/1299/2
f 2697/1302/2 2623/1298/2 2696/73/2
f 2608/1300/2 2702/1303/2 2703/1301/2
f 2697/1302/2 2622/1304/2 2623/1298/2
f 2698/1305/2 2622/1304/2 2697/1302/2
f 2608/1300/2 2701/1306/2 2702/1303/2
f 2699/1307/2 2622/1304/2 2698/1305/2
f 2608/1300/1 2700/1308/1 2701/1306/1
f 2700/1308/1 2622/1304/1 2699/1307/1
f 2608/1300/2 2622/1304/2 2700/1308/2
f 2609/1309/2 2622/1304/2 2608/1300/2
f 2609/1309/2 2621/8/2 2622/1304/2
f 2610/1310/2 2621/8/2 2609/1309/2
f 2610/1310/2 2620/1311/2 2621/8/2
f 2611/1312/2 2620/1311/2 2610/1310/2
f 2611/1312/2 2619/1313/2 2620/1311/2
f 2612/1314/2 2619/1313/2 2611/1312/2
f 2612/1314/2 2618/1315/2 2619/1313/2
f 2613/1316/2 2618/1315/2 2612/1314/2
f 2613/1316/2 2617/1317/2 2618/1315/2
f 2614/1318/2 2617/1317/2 2613/1316/2
f 2614/1318/2 2616/1319/2 2617/1317/2
f 2615/1320/2 2616/1319/2 2614/1318/2
f 2765/90/2 2763/91/2 2764/92/2
f 2765/90/2 2762/93/2 2763/91/2
f 2714/94/2 2712/84/2 2713/95/2
f 2714/94/2 2789/85/2 2712/84/2
f 2715/96/2 2789/85/2 2714/94/2
f 2765/90/2 2761/41/2 2762/93/2
f 2716/97/2 2789/85/2 2715/96/2
f 2716/97/2 2788/98/2 2789/85/2
f 2765/90/2 2760/99/2 2761/41/2
f 2766/100/2 2760/99/2 2765/90/2
f 2717/101/2 2788/98/2 2716/97/2
f 2766/100/2 2759/102/2 2760/99/2
f 2718/103/2 2788/98/2 2717/101/2
f 2766/100/2 2758/104/2 2759/102/2
f 2718/103/2 2787/105/2 2788/98/2
f 2719/64/2 2787/105/2 2718/103/2
f 2766/100/2 2757/106/2 2758/104/2
f 2767/107/2 2757/106/2 2766/100/2
f 2720/108/2 2787/105/2 2719/64/2
f 2767/107/2 2756/109/2 2757/106/2
f 2721/110/2 2787/105/2 2720/108/2
f 2767/107/2 2755/111/2 2756/109/2
f 2721/110/2 2786/112/2 2787/105/2
f 2722/113/2 2786/112/2 2721/110/2
f 2767/107/2 2754/31/2 2755/111/2
f 2723/114/2 2786/112/2 2722/113/2
f 2768/53/2 2754/31/2 2767/107/2
f 2768/53/2 2753/115/2 2754/31/2
f 2724/116/2 2786/112/2 2723/114/2
f 2768/53/2 2752/117/2 2753/115/2
f 2768/53/2 2751/118/2 2752/117/2
f 2725/119/2 2786/112/2 2724/116/2
f 2725/119/2 2785/120/2 2786/112/2
f 2768/53/2 2750/121/2 2751/118/2
f 2726/38/2 2785/120/2 2725/119/2
f 2768/53/2 2749/122/2 2750/121/2
f 2769/123/2 2749/122/2 2768/53/2
f 2727/124/2 2785/120/2 2726/38/2
f 2769/123/2 2748/125/2 2749/122/2
f 2728/126/2 2785/120/2 2727/124/2
f 2728/126/2 2784/127/2 2785/120/2
f 2769/123/2 2747/23/2 2748/125/2
f 2729/128/2 2784/127/2 2728/126/2
f 2730/129/2 2784/127/2 2729/128/2
f 2769/123/2 2746/130/2 2747/23/2
f 2731/131/2 2784/127/2 2730/129/2
f 2769/123/2 2745/132/2 2746/130/2
f 2770/133/2 2745/132/2 2769/123/2
f 2732/134/2 2784/127/2 2731/131/2
f 2770/133/2 2744/135/2 2745/132/2
f 2733/2/2 2784/127/2 2732/134/2
f 2770/133/2 2743/136/2 2744/135/2
f 2733/2/2 2783/137/2 2784/127/2
f 2734/138/2 2783/137/2 2733/2/2
f 2770/133/2 2742/139/2 2743/136/2
f 2735/140/2 2783/137/2 2734/138/2
f 2770/133/2 2741/141/2 2742/139/2
f 2736/142/2 2783/137/2 2735/140/2
f 2770/133/2 2740/12/2 2741/141/2
f 2737/143/2 2783/137/2 2736/142/2
f 2770/133/2 2739/144/2 2740/12/2
f 2738/145/2 2783/137/2 2737/143/2
f 2770/133/2 2738/145/2 2739/144/2
f 2770/133/2 2783/137/2 2738/145/2
f 2771/146/2 2783/137/2 2770/133/2
f 2771/146/2 2782/78/2 2783/137/2
f 2772/147/2 2782/78/2 2771/146/2
f 2772/147/2 2781/148/2 2782/78/2
f 2773/149/2 2781/148/2 2772/147/2
f 2773/149/2 2780/150/2 2781/148/2
f 2774/151/2 2780/150/2 2773/149/2
f 2774/151/2 2779/152/2 2780/150/2
f 2775/65/2 2779/152/2 2774/151/2
f 2775/65/2 2778/153/2 2779/152/2
f 2776/154/2 2778/153/2 2775/65/2
f 2776/154/3 2777/155/3 2778/153/3
f 2944/1003/2 2942/84/2 2943/1004/2
f 2944/1003/2 2945/85/2 2942/84/2
f 2947/1345/2 2975/1346/2 2946/84/2
f 2975/1346/2 2974/1347/2 2946/84/2
f 2975/1346/2 2973/1348/2 2974/1347/2
f 2975/1346/2 2972/1349/2 2973/1348/2
f 2975/1346/2 2971/23/2 2972/1349/2
f 2975/1346/2 2970/1350/2 2971/23/2
f 2975/1346/2 2969/1351/2 2970/1350/2
f 2975/1346/2 2968/1234/2 2969/1351/2
f 2975/1346/2 2967/1352/2 2968/1234/2
f 2975/1346/2 2976/31/2 2967/1352/2
f 2976/31/2 2966/12/2 2967/1352/2
f 2947/1345/2 3001/85/2 2975/1346/2
f 2977/1353/2 2966/12/2 2976/31/2
f 2978/1354/3 2966/12/3 2977/1353/3
f 2979/1212/2 2966/12/2 2978/1354/2
f 2979/1212/2 2965/1355/2 2966/12/2
f 2980/1356/2 2965/1355/2 2979/1212/2
f 2981/41/2 2965/1355/2 2980/1356/2
f 2982/1357/2 2965/1355/2 2981/41/2
f 2982/1357/2 2964/1358/2 2965/1355/2
f 2983/1359/2 2964/1358/2 2982/1357/2
f 2984/1360/2 2964/1358/2 2983/1359/2
f 2985/1361/2 2964/1358/2 2984/1360/2
f 2985/1361/2 2963/1362/2 2964/1358/2
f 2986/53/2 2963/1362/2 2985/1361/2
f 2987/1363/2 2963/1362/2 2986/53/2
f 2987/1363/2 2962/1364/2 2963/1362/2
f 2988/1365/2 2962/1364/2 2987/1363/2
f 2989/1366/2 2962/1364/2 2988/1365/2
f 2989/1366/2 2961/2/2 2962/1364/2
f 2990/1278/2 2961/2/2 2989/1366/2
f 2990/1278/2 2960/1367/2 2961/2/2
f 2991/65/2 2960/1367/2 2990/1278/2
f 2992/1368/2 2960/1367/2 2991/65/2
f 2992/1368/2 2959/1369/2 2960/1367/2
f 2993/1370/2 2959/1369/2 2992/1368/2
f 2994/1371/2 2959/1369/2 2993/1370/2
f 2994/1371/2 2958/1372/2 2959/1369/2
f 2995/1373/2 2958/1372/2 2994/1371/2
f 2996/78/2 2958/1372/2 2995/1373/2
f 2997/1374/2 2958/1372/2 2996/78/2
f 2998/1375/2 2958/1372/2 2997/1374/2
f 2998/1375/2 2957/1320/2 2958/1372/2
f 2999/1376/2 2957/1320/2 2998/1375/2
f 3000/1377/2 2957/1320/2 2999/1376/2
f 2947/1345/2 2949/1378/2 3001/85/2
f 2949/1378/2 3000/1377/2 3001/85/2
f 2949/1378/2 2957/1320/2 3000/1377/2
f 2949/1378/2 2956/38/2 2957/1320/2
f 2949/1378/2 2955/1379/2 2956/38/2
f 2949/1378/2 2954/1380/2 2955/1379/2
f 2949/1378/2 2953/1381/2 2954/1380/2
f 2949/1378/2 2952/1382/2 2953/1381/2
f 2949/1378/2 2951/64/2 2952/1382/2
f 2949/1378/3 2950/1383/3 2951/64/3
f 2947/1345/2 2948/1384/2 2949/1378/2
f 3004/138/2 3002/84/2 3003/114/2
f 3004/138/2 3009/85/2 3002/84/2
f 3005/132/2 3009/85/2 3004/138/2
f 3006/109/2 3008/153/2 3005/132/2
f 3008/153/299 3009/85/299 3005/132/299
f 3006/109/2 3007/107/2 3008/153/2
f 3019/84/2 3021/84/2 3022/84/2 3023/84/2 3020/84/2 3024/84/2 3026/84/2 3027/84/2 3028/84/2 3025/84/2 3014/84/2 3016/84/2 3017/84/2 3018/84/2 3015/84/2
s 1
usemtl Material.001
f 177/169/8 182/170/8 172/85/8 168/84/8
f 174/157/2 171/158/2 181/171/2 185/172/2
f 185/172/2 181/171/2 180/173/2 186/174/2
f 186/174/2 180/173/2 178/169/2 187/170/2
f 170/158/8 173/157/8 184/172/8 175/171/8
f 175/171/8 184/172/8 183/174/8 176/173/8
f 176/173/8 183/174/8 182/170/8 177/169/8
f 202/189/13 188/184/13 190/190/14 191/191/14
f 197/270/2 179/271/2 220/272/2 222/273/2 223/274/2 221/275/2 216/276/2 218/277/2 219/278/2 217/279/2 212/280/2 214/281/2 215/282/2 213/283/2 208/284/2 210/285/2 211/286/2 209/287/2 204/288/2 206/289/2 207/290/2 205/291/2 169/292/2 203/293/2 196/294/2
f 190/297/2 188/292/2 224/298/2 226/299/2 227/300/2 225/288/2 228/301/2 230/302/2 231/303/2 229/304/2 232/305/2 234/306/2 235/307/2 233/308/2 236/279/2 238/309/2 239/310/2 237/311/2 240/275/2 242/312/2 243/313/2 241/314/2 189/271/2 193/315/2 192/316/2
f 191/317/2 187/170/2 178/169/2 198/318/2 199/319/2 244/320/2 246/321/2 247/322/2 245/323/2 256/324/2 258/325/2 259/326/2 257/327/2 248/328/2 250/329/2 251/330/2 249/331/2 252/332/2 254/333/2 255/334/2 253/335/2 264/336/2 266/337/2 267/338/2 265/339/2 200/340/2 195/341/2 194/342/2 201/343/2 260/344/2 262/345/2 263/346/2 261/347/2 268/348/2 270/349/2 271/350/2 269/351/2 272/352/2 274/353/2 275/354/2 273/355/2 280/356/2 282/357/2 283/358/2 281/359/2 276/360/2 278/361/2 279/362/2 277/363/2 202/364/2
usemtl Material.005
f 175/56/4 181/156/4 171/157/4 170/85/4
f 170/84/5 171/158/5 174/157/5 173/85/5
f 192/159/6 172/84/6 182/8/6 187/160/6 191/161/6 190/162/6
f 196/163/7 168/84/7 172/85/7 192/164/7 193/165/7 194/166/7 195/167/7 197/168/7
f 173/85/6 174/157/6 185/156/6 184/56/6
f 184/56/6 185/156/6 186/175/6 183/27/6
f 183/27/6 186/175/6 187/160/6 182/8/6
f 198/176/4 178/160/4 177/8/4 168/84/4 196/163/4 203/177/4
f 177/8/4 178/160/4 180/175/4 176/27/4
f 176/27/4 180/175/4 181/156/4 175/56/4
f 179/178/9 197/179/4 195/180/4 200/181/9
f 198/182/10 203/183/10 169/184/7 199/185/7
f 194/186/11 193/187/11 189/178/12 201/188/12
f 204/192/15 245/193/15 247/194/16 206/195/16
f 206/195/16 247/194/16 246/196/17 207/197/17
f 207/197/17 246/196/17 244/198/18 205/199/18
f 208/200/19 257/201/19 259/202/20 210/203/20
f 210/203/20 259/202/20 258/204/21 211/205/21
f 211/205/21 258/204/21 256/206/22 209/207/22
f 212/208/23 249/209/23 251/210/24 214/211/24
f 214/211/24 251/210/24 250/212/25 215/213/25
f 215/213/25 250/212/25 248/214/26 213/215/26
f 216/216/27 253/217/27 255/218/28 218/219/28
f 218/219/28 255/218/28 254/220/29 219/221/29
f 219/221/29 254/220/29 252/222/30 217/223/30
f 220/224/31 265/225/31 267/226/32 222/227/32
f 222/227/32 267/226/32 266/228/33 223/229/33
f 223/229/33 266/228/33 264/230/34 221/231/34
f 224/199/35 277/232/35 279/233/36 226/234/36
f 226/234/36 279/233/36 278/235/37 227/236/37
f 227/236/37 278/235/37 276/237/38 225/238/38
f 228/239/39 281/240/39 283/241/40 230/242/40
f 230/242/40 283/241/40 282/243/41 231/244/41
f 231/244/41 282/243/41 280/245/42 229/246/42
f 232/247/43 273/248/43 275/249/44 234/250/44
f 234/250/44 275/249/44 274/251/45 235/252/45
f 235/252/45 274/251/45 272/253/46 233/208/46
f 236/254/47 269/255/47 271/256/48 238/257/48
f 238/257/48 271/256/48 270/258/49 239/259/49
f 239/259/49 270/258/49 268/260/50 237/261/50
f 240/262/51 261/263/51 263/264/52 242/265/52
f 242/265/52 263/264/52 262/266/53 243/267/53
f 243/267/53 262/266/53 260/268/54 241/269/54
f 199/295/7 169/174/7 205/199/18 244/198/18
f 245/193/15 204/192/15 209/207/22 256/206/22
f 257/201/19 208/200/19 213/215/26 248/214/26
f 249/209/23 212/208/23 217/223/30 252/222/30
f 216/216/27 221/231/34 264/230/34 253/217/27
f 220/224/31 179/178/9 200/181/9 265/225/31
f 281/240/39 228/239/39 225/238/38 276/237/38
f 277/232/35 224/199/35 188/174/13 202/296/13
f 273/248/43 232/247/43 229/246/42 280/245/42
f 269/255/47 236/254/47 233/208/46 272/253/46
f 261/263/51 240/262/51 237/261/50 268/260/50
f 201/188/12 189/178/12 241/269/54 260/268/54
f 1048/916/194 1049/917/194 1043/386/194 1041/40/194
f 1049/917/195 1050/918/195 1047/715/195 1043/386/195
f 1050/918/196 1051/919/196 1045/717/196 1047/715/196
f 1051/919/197 1048/920/197 1041/371/197 1045/717/197
f 1043/386/198 1053/386/198 1052/40/198 1041/40/198
f 1044/612/7 1040/372/7 1048/920/7 1051/919/7
f 1046/613/4 1044/612/4 1051/919/4 1050/918/4
f 1042/619/5 1046/613/5 1050/918/5 1049/917/5
f 1040/13/6 1042/619/6 1049/917/6 1048/916/6
f 1055/717/199 1059/717/199 1058/715/199 1054/715/199
f 1041/371/200 1052/371/200 1055/717/200 1045/717/200
f 1047/715/201 1054/715/201 1053/386/201 1043/386/201
f 1045/717/202 1055/717/202 1054/715/202 1047/715/202
f 1058/715/2 1059/717/2 1056/726/2 1057/725/2
f 1053/386/203 1057/386/203 1056/40/203 1052/40/203
f 1052/371/204 1056/371/204 1059/717/204 1055/717/204
f 1054/715/205 1058/715/205 1057/386/205 1053/386/205
f 1100/916/194 1101/917/194 1095/386/194 1093/40/194
f 1101/917/195 1102/918/195 1099/715/195 1095/386/195
f 1102/918/196 1103/919/196 1097/717/196 1099/715/196
f 1103/919/197 1100/920/197 1093/371/197 1097/717/197
f 1095/386/198 1105/386/198 1104/40/198 1093/40/198
f 1096/612/7 1092/372/7 1100/920/7 1103/919/7
f 1098/613/4 1096/612/4 1103/919/4 1102/918/4
f 1094/619/5 1098/613/5 1102/918/5 1101/917/5
f 1092/13/6 1094/619/6 1101/917/6 1100/916/6
f 1107/717/199 1111/717/199 1110/715/199 1106/715/199
f 1093/371/200 1104/371/200 1107/717/200 1097/717/200
f 1099/715/201 1106/715/201 1105/386/201 1095/386/201
f 1097/717/202 1107/717/202 1106/715/202 1099/715/202
f 1110/715/2 1111/717/2 1108/726/2 1109/725/2
f 1105/386/203 1109/386/203 1108/40/203 1104/40/203
f 1104/371/204 1108/371/204 1111/717/204 1107/717/204
f 1106/715/205 1110/715/205 1109/386/205 1105/386/205
f 1152/916/194 1153/917/194 1147/386/194 1145/40/194
f 1153/917/195 1154/918/195 1151/715/195 1147/386/195
f 1154/918/196 1155/919/196 1149/717/196 1151/715/196
f 1155/919/197 1152/920/197 1145/371/197 1149/717/197
f 1147/386/198 1157/386/198 1156/40/198 1145/40/198
f 1148/612/7 1144/372/7 1152/920/7 1155/919/7
f 1150/613/4 1148/612/4 1155/919/4 1154/918/4
f 1146/619/5 1150/613/5 1154/918/5 1153/917/5
f 1144/13/6 1146/619/6 1153/917/6 1152/916/6
f 1159/717/199 1163/717/199 1162/715/199 1158/715/199
f 1145/371/200 1156/371/200 1159/717/200 1149/717/200
f 1151/715/201 1158/715/201 1157/386/201 1147/386/201
f 1149/717/202 1159/717/202 1158/715/202 1151/715/202
f 1162/715/2 1163/717/2 1160/726/2 1161/725/2
f 1157/386/203 1161/386/203 1160/40/203 1156/40/203
f 1156/371/204 1160/371/204 1163/717/204 1159/717/204
f 1158/715/205 1162/715/205 1161/386/205 1157/386/205
f 1204/916/194 1205/917/194 1199/386/194 1197/40/194
f 1205/917/195 1206/918/195 1203/715/195 1199/386/195
f 1206/918/196 1207/919/196 1201/717/196 1203/715/196
f 1207/919/197 1204/920/197 1197/371/197 1201/717/197
f 1199/386/198 1209/386/198 1208/40/198 1197/40/198
f 1200/612/7 1196/372/7 1204/920/7 1207/919/7
f 1202/613/4 1200/612/4 1207/919/4 1206/918/4
f 1198/619/5 1202/613/5 1206/918/5 1205/917/5
f 1196/13/6 1198/619/6 1205/917/6 1204/916/6
f 1211/717/199 1215/717/199 1214/715/199 1210/715/199
f 1197/371/200 1208/371/200 1211/717/200 1201/717/200
f 1203/715/201 1210/715/201 1209/386/201 1199/386/201
f 1201/717/202 1211/717/202 1210/715/202 1203/715/202
f 1214/715/2 1215/717/2 1212/726/2 1213/725/2
f 1209/386/203 1213/386/203 1212/40/203 1208/40/203
f 1208/371/204 1212/371/204 1215/717/204 1211/717/204
f 1210/715/205 1214/715/205 1213/386/205 1209/386/205
f 1256/916/194 1257/917/194 1251/386/194 1249/40/194
f 1257/917/195 1258/918/195 1255/715/195 1251/386/195
f 1258/918/196 1259/919/196 1253/717/196 1255/715/196
f 1259/919/197 1256/920/197 1249/371/197 1253/717/197
f 1251/386/198 1261/386/198 1260/40/198 1249/40/198
f 1252/612/7 1248/372/7 1256/920/7 1259/919/7
f 1254/613/4 1252/612/4 1259/919/4 1258/918/4
f 1250/619/5 1254/613/5 1258/918/5 1257/917/5
f 1248/13/6 1250/619/6 1257/917/6 1256/916/6
f 1263/717/199 1267/717/199 1266/715/199 1262/715/199
f 1249/371/200 1260/371/200 1263/717/200 1253/717/200
f 1255/715/201 1262/715/201 1261/386/201 1251/386/201
f 1253/717/202 1263/717/202 1262/715/202 1255/715/202
f 1266/715/2 1267/717/2 1264/726/2 1265/725/2
f 1261/386/203 1265/386/203 1264/40/203 1260/40/203
f 1260/371/204 1264/371/204 1267/717/204 1263/717/204
f 1262/715/205 1266/715/205 1265/386/205 1261/386/205
f 1308/916/194 1309/917/194 1303/386/194 1301/40/194
f 1309/917/195 1310/918/195 1307/715/195 1303/386/195
f 1310/918/196 1311/919/196 1305/717/196 1307/715/196
f 1311/919/197 1308/920/197 1301/371/197 1305/717/197
f 1303/386/198 1313/386/198 1312/40/198 1301/40/198
f 1304/612/7 1300/372/7 1308/920/7 1311/919/7
f 1306/613/4 1304/612/4 1311/919/4 1310/918/4
f 1302/619/5 1306/613/5 1310/918/5 1309/917/5
f 1300/13/6 1302/619/6 1309/917/6 1308/916/6
f 1315/717/199 1319/717/199 1318/715/199 1314/715/199
f 1301/371/200 1312/371/200 1315/717/200 1305/717/200
f 1307/715/201 1314/715/201 1313/386/201 1303/386/201
f 1305/717/202 1315/717/202 1314/715/202 1307/715/202
f 1318/715/2 1319/717/2 1316/726/2 1317/725/2
f 1313/386/203 1317/386/203 1316/40/203 1312/40/203
f 1312/371/204 1316/371/204 1319/717/204 1315/717/204
f 1314/715/205 1318/715/205 1317/386/205 1313/386/205
f 1360/916/194 1361/917/194 1355/386/194 1353/40/194
f 1361/917/195 1362/918/195 1359/715/195 1355/386/195
f 1362/918/196 1363/919/196 1357/717/196 1359/715/196
f 1363/919/197 1360/920/197 1353/371/197 1357/717/197
f 1355/386/198 1365/386/198 1364/40/198 1353/40/198
f 1356/612/7 1352/372/7 1360/920/7 1363/919/7
f 1358/613/4 1356/612/4 1363/919/4 1362/918/4
f 1354/619/5 1358/613/5 1362/918/5 1361/917/5
f 1352/13/6 1354/619/6 1361/917/6 1360/916/6
f 1367/717/199 1371/717/199 1370/715/199 1366/715/199
f 1353/371/200 1364/371/200 1367/717/200 1357/717/200
f 1359/715/201 1366/715/201 1365/386/201 1355/386/201
f 1357/717/202 1367/717/202 1366/715/202 1359/715/202
f 1370/715/2 1371/717/2 1368/726/2 1369/725/2
f 1365/386/203 1369/386/203 1368/40/203 1364/40/203
f 1364/371/204 1368/371/204 1371/717/204 1367/717/204
f 1366/715/205 1370/715/205 1369/386/205 1365/386/205
f 1412/916/194 1413/917/194 1407/386/194 1405/40/194
f 1413/917/195 1414/918/195 1411/715/195 1407/386/195
f 1414/918/196 1415/919/196 1409/717/196 1411/715/196
f 1415/919/197 1412/920/197 1405/371/197 1409/717/197
f 1407/386/198 1417/386/198 1416/40/198 1405/40/198
f 1408/612/7 1404/372/7 1412/920/7 1415/919/7
f 1410/613/4 1408/612/4 1415/919/4 1414/918/4
f 1406/619/5 1410/613/5 1414/918/5 1413/917/5
f 1404/13/6 1406/619/6 1413/917/6 1412/916/6
f 1419/717/199 1423/717/199 1422/715/199 1418/715/199
f 1405/371/200 1416/371/200 1419/717/200 1409/717/200
f 1411/715/201 1418/715/201 1417/386/201 1407/386/201
f 1409/717/202 1419/717/202 1418/715/202 1411/715/202
f 1422/715/2 1423/717/2 1420/726/2 1421/725/2
f 1417/386/203 1421/386/203 1420/40/203 1416/40/203
f 1416/371/204 1420/371/204 1423/717/204 1419/717/204
f 1418/715/205 1422/715/205 1421/386/205 1417/386/205
f 1450/921/208 1466/922/209 1471/923/210
f 1451/924/211 1467/925/212 1473/926/213
f 1452/927/214 1468/928/215 1474/929/216
f 1453/930/217 1469/931/218 1475/932/219
f 1454/933/220 1470/934/221 1472/935/222
f 1472/935/222 1475/936/219 1455/937/2
f 1472/935/222 1470/934/221 1475/936/219
f 1470/934/221 1453/930/217 1475/936/219
f 1475/932/219 1474/938/216 1455/939/2
f 1475/932/219 1469/931/218 1474/938/216
f 1469/931/218 1452/927/214 1474/938/216
f 1474/929/216 1473/940/213 1455/941/2
f 1474/929/216 1468/928/215 1473/940/213
f 1468/928/215 1451/942/211 1473/940/213
f 1473/926/213 1471/943/210 1455/944/2
f 1473/926/213 1467/925/212 1471/943/210
f 1467/925/212 1450/921/208 1471/943/210
f 1471/923/210 1472/945/222 1455/946/2
f 1471/923/210 1466/922/209 1472/945/222
f 1466/922/209 1454/933/220 1472/945/222
f 1457/947/223 1470/934/221 1454/933/220
f 1457/947/223 1464/948/224 1470/934/221
f 1464/948/224 1453/930/217 1470/934/221
f 1465/949/225 1469/931/218 1453/930/217
f 1465/949/225 1462/950/226 1469/931/218
f 1462/950/226 1452/927/214 1469/931/218
f 1463/951/233 1468/928/215 1452/927/214
f 1463/951/233 1460/952/234 1468/928/215
f 1460/952/234 1451/942/211 1468/928/215
f 1461/953/229 1467/925/212 1451/924/211
f 1461/953/229 1458/954/230 1467/925/212
f 1458/954/230 1450/921/208 1467/925/212
f 1459/955/231 1466/922/209 1450/921/208
f 1459/955/231 1456/956/232 1466/922/209
f 1456/956/232 1454/933/220 1466/922/209
f 1464/948/224 1465/949/225 1453/930/217
f 1462/950/226 1463/951/233 1452/927/214
f 1460/952/234 1461/957/229 1451/942/211
f 1458/954/230 1459/955/231 1450/921/208
f 1456/956/232 1457/947/223 1454/933/220
f 1476/921/208 1492/922/209 1497/923/210
f 1477/924/211 1493/925/212 1499/926/213
f 1478/927/214 1494/928/215 1500/929/216
f 1479/930/217 1495/931/218 1501/932/219
f 1480/933/220 1496/934/221 1498/935/222
f 1498/935/222 1501/936/219 1481/937/2
f 1498/935/222 1496/934/221 1501/936/219
f 1496/934/221 1479/930/217 1501/936/219
f 1501/932/219 1500/938/216 1481/939/2
f 1501/932/219 1495/931/218 1500/938/216
f 1495/931/218 1478/927/214 1500/938/216
f 1500/929/216 1499/940/213 1481/941/2
f 1500/929/216 1494/928/215 1499/940/213
f 1494/928/215 1477/942/211 1499/940/213
f 1499/926/213 1497/943/210 1481/944/2
f 1499/926/213 1493/925/212 1497/943/210
f 1493/925/212 1476/921/208 1497/943/210
f 1497/923/210 1498/945/222 1481/946/2
f 1497/923/210 1492/922/209 1498/945/222
f 1492/922/209 1480/933/220 1498/945/222
f 1483/947/223 1496/934/221 1480/933/220
f 1483/947/223 1490/948/224 1496/934/221
f 1490/948/224 1479/930/217 1496/934/221
f 1491/949/225 1495/931/218 1479/930/217
f 1491/949/225 1488/950/226 1495/931/218
f 1488/950/226 1478/927/214 1495/931/218
f 1489/951/233 1494/928/215 1478/927/214
f 1489/951/233 1486/952/234 1494/928/215
f 1486/952/234 1477/942/211 1494/928/215
f 1487/953/229 1493/925/212 1477/924/211
f 1487/953/229 1484/954/230 1493/925/212
f 1484/954/230 1476/921/208 1493/925/212
f 1485/955/231 1492/922/209 1476/921/208
f 1485/955/231 1482/956/232 1492/922/209
f 1482/956/232 1480/933/220 1492/922/209
f 1490/948/224 1491/949/225 1479/930/217
f 1488/950/226 1489/951/233 1478/927/214
f 1486/952/234 1487/957/229 1477/942/211
f 1484/954/230 1485/955/231 1476/921/208
f 1482/956/232 1483/947/223 1480/933/220
f 1502/921/208 1518/922/209 1523/923/210
f 1503/924/211 1519/925/212 1525/926/213
f 1504/927/214 1520/928/215 1526/929/216
f 1505/930/217 1521/931/218 1527/932/219
f 1506/933/220 1522/934/221 1524/935/222
f 1524/935/222 1527/936/219 1507/937/2
f 1524/935/222 1522/934/221 1527/936/219
f 1522/934/221 1505/930/217 1527/936/219
f 1527/932/219 1526/938/216 1507/939/2
f 1527/932/219 1521/931/218 1526/938/216
f 1521/931/218 1504/927/214 1526/938/216
f 1526/929/216 1525/940/213 1507/941/2
f 1526/929/216 1520/928/215 1525/940/213
f 1520/928/215 1503/942/211 1525/940/213
f 1525/926/213 1523/943/210 1507/944/2
f 1525/926/213 1519/925/212 1523/943/210
f 1519/925/212 1502/921/208 1523/943/210
f 1523/923/210 1524/945/222 1507/946/2
f 1523/923/210 1518/922/209 1524/945/222
f 1518/922/209 1506/933/220 1524/945/222
f 1509/947/223 1522/934/221 1506/933/220
f 1509/947/223 1516/948/224 1522/934/221
f 1516/948/224 1505/930/217 1522/934/221
f 1517/949/225 1521/931/218 1505/930/217
f 1517/949/225 1514/950/226 1521/931/218
f 1514/950/226 1504/927/214 1521/931/218
f 1515/951/233 1520/928/215 1504/927/214
f 1515/951/233 1512/952/234 1520/928/215
f 1512/952/234 1503/942/211 1520/928/215
f 1513/953/229 1519/925/212 1503/924/211
f 1513/953/229 1510/954/230 1519/925/212
f 1510/954/230 1502/921/208 1519/925/212
f 1511/955/231 1518/922/209 1502/921/208
f 1511/955/231 1508/956/232 1518/922/209
f 1508/956/232 1506/933/220 1518/922/209
f 1516/948/224 1517/949/225 1505/930/217
f 1514/950/226 1515/951/233 1504/927/214
f 1512/952/234 1513/957/229 1503/942/211
f 1510/954/230 1511/955/231 1502/921/208
f 1508/956/232 1509/947/223 1506/933/220
f 1528/921/208 1544/922/209 1549/923/210
f 1529/924/211 1545/925/212 1551/926/213
f 1530/927/214 1546/928/215 1552/929/216
f 1531/930/217 1547/931/218 1553/932/219
f 1532/933/220 1548/934/221 1550/935/222
f 1550/935/222 1553/936/219 1533/937/2
f 1550/935/222 1548/934/221 1553/936/219
f 1548/934/221 1531/930/217 1553/936/219
f 1553/932/219 1552/938/216 1533/939/2
f 1553/932/219 1547/931/218 1552/938/216
f 1547/931/218 1530/927/214 1552/938/216
f 1552/929/216 1551/940/213 1533/941/2
f 1552/929/216 1546/928/215 1551/940/213
f 1546/928/215 1529/942/211 1551/940/213
f 1551/926/213 1549/943/210 1533/944/2
f 1551/926/213 1545/925/212 1549/943/210
f 1545/925/212 1528/921/208 1549/943/210
f 1549/923/210 1550/945/222 1533/946/2
f 1549/923/210 1544/922/209 1550/945/222
f 1544/922/209 1532/933/220 1550/945/222
f 1535/947/223 1548/934/221 1532/933/220
f 1535/947/223 1542/948/224 1548/934/221
f 1542/948/224 1531/930/217 1548/934/221
f 1543/949/225 1547/931/218 1531/930/217
f 1543/949/225 1540/950/226 1547/931/218
f 1540/950/226 1530/927/214 1547/931/218
f 1541/951/233 1546/928/215 1530/927/214
f 1541/951/233 1538/952/234 1546/928/215
f 1538/952/234 1529/942/211 1546/928/215
f 1539/953/229 1545/925/212 1529/924/211
f 1539/953/229 1536/954/230 1545/925/212
f 1536/954/230 1528/921/208 1545/925/212
f 1537/955/231 1544/922/209 1528/921/208
f 1537/955/231 1534/956/232 1544/922/209
f 1534/956/232 1532/933/220 1544/922/209
f 1542/948/224 1543/949/225 1531/930/217
f 1540/950/226 1541/951/233 1530/927/214
f 1538/952/234 1539/957/229 1529/942/211
f 1536/954/230 1537/955/231 1528/921/208
f 1534/956/232 1535/947/223 1532/933/220
f 1554/921/208 1570/922/209 1575/923/210
f 1555/924/211 1571/925/212 1577/926/213
f 1556/927/214 1572/928/215 1578/929/216
f 1557/930/217 1573/931/218 1579/932/219
f 1558/933/220 1574/934/221 1576/935/222
f 1576/935/222 1579/936/219 1559/937/2
f 1576/935/222 1574/934/221 1579/936/219
f 1574/934/221 1557/930/217 1579/936/219
f 1579/932/219 1578/938/216 1559/939/2
f 1579/932/219 1573/931/218 1578/938/216
f 1573/931/218 1556/927/214 1578/938/216
f 1578/929/216 1577/940/213 1559/941/2
f 1578/929/216 1572/928/215 1577/940/213
f 1572/928/215 1555/942/211 1577/940/213
f 1577/926/213 1575/943/210 1559/944/2
f 1577/926/213 1571/925/212 1575/943/210
f 1571/925/212 1554/921/208 1575/943/210
f 1575/923/210 1576/945/222 1559/946/2
f 1575/923/210 1570/922/209 1576/945/222
f 1570/922/209 1558/933/220 1576/945/222
f 1561/947/223 1574/934/221 1558/933/220
f 1561/947/223 1568/948/224 1574/934/221
f 1568/948/224 1557/930/217 1574/934/221
f 1569/949/225 1573/931/218 1557/930/217
f 1569/949/225 1566/950/226 1573/931/218
f 1566/950/226 1556/927/214 1573/931/218
f 1567/951/233 1572/928/215 1556/927/214
f 1567/951/233 1564/952/234 1572/928/215
f 1564/952/234 1555/942/211 1572/928/215
f 1565/953/229 1571/925/212 1555/924/211
f 1565/953/229 1562/954/230 1571/925/212
f 1562/954/230 1554/921/208 1571/925/212
f 1563/955/231 1570/922/209 1554/921/208
f 1563/955/231 1560/956/232 1570/922/209
f 1560/956/232 1558/933/220 1570/922/209
f 1568/948/224 1569/949/225 1557/930/217
f 1566/950/226 1567/951/233 1556/927/214
f 1564/952/234 1565/957/229 1555/942/211
f 1562/954/230 1563/955/231 1554/921/208
f 1560/956/232 1561/947/223 1558/933/220
f 1580/921/208 1596/922/209 1601/923/210
f 1581/924/211 1597/925/212 1603/926/213
f 1582/927/214 1598/928/215 1604/929/216
f 1583/930/217 1599/931/218 1605/932/219
f 1584/933/220 1600/934/221 1602/935/222
f 1602/935/222 1605/936/219 1585/937/2
f 1602/935/222 1600/934/221 1605/936/219
f 1600/934/221 1583/930/217 1605/936/219
f 1605/932/219 1604/938/216 1585/939/2
f 1605/932/219 1599/931/218 1604/938/216
f 1599/931/218 1582/927/214 1604/938/216
f 1604/929/216 1603/940/213 1585/941/2
f 1604/929/216 1598/928/215 1603/940/213
f 1598/928/215 1581/942/211 1603/940/213
f 1603/926/213 1601/943/210 1585/944/2
f 1603/926/213 1597/925/212 1601/943/210
f 1597/925/212 1580/921/208 1601/943/210
f 1601/923/210 1602/945/222 1585/946/2
f 1601/923/210 1596/922/209 1602/945/222
f 1596/922/209 1584/933/220 1602/945/222
f 1587/947/223 1600/934/221 1584/933/220
f 1587/947/223 1594/948/224 1600/934/221
f 1594/948/224 1583/930/217 1600/934/221
f 1595/949/225 1599/931/218 1583/930/217
f 1595/949/225 1592/950/226 1599/931/218
f 1592/950/226 1582/927/214 1599/931/218
f 1593/951/233 1598/928/215 1582/927/214
f 1593/951/233 1590/952/234 1598/928/215
f 1590/952/234 1581/942/211 1598/928/215
f 1591/953/229 1597/925/212 1581/924/211
f 1591/953/229 1588/954/230 1597/925/212
f 1588/954/230 1580/921/208 1597/925/212
f 1589/955/231 1596/922/209 1580/921/208
f 1589/955/231 1586/956/232 1596/922/209
f 1586/956/232 1584/933/220 1596/922/209
f 1594/948/224 1595/949/225 1583/930/217
f 1592/950/226 1593/951/233 1582/927/214
f 1590/952/234 1591/957/229 1581/942/211
f 1588/954/230 1589/955/231 1580/921/208
f 1586/956/232 1587/947/223 1584/933/220
f 1606/921/208 1622/922/209 1627/923/210
f 1607/924/211 1623/925/212 1629/926/213
f 1608/927/214 1624/928/215 1630/929/216
f 1609/930/217 1625/931/218 1631/932/219
f 1610/933/220 1626/934/221 1628/935/222
f 1628/935/222 1631/936/219 1611/937/2
f 1628/935/222 1626/934/221 1631/936/219
f 1626/934/221 1609/930/217 1631/936/219
f 1631/932/219 1630/938/216 1611/939/2
f 1631/932/219 1625/931/218 1630/938/216
f 1625/931/218 1608/927/214 1630/938/216
f 1630/929/216 1629/940/213 1611/941/2
f 1630/929/216 1624/928/215 1629/940/213
f 1624/928/215 1607/942/211 1629/940/213
f 1629/926/213 1627/943/210 1611/944/2
f 1629/926/213 1623/925/212 1627/943/210
f 1623/925/212 1606/921/208 1627/943/210
f 1627/923/210 1628/945/222 1611/946/2
f 1627/923/210 1622/922/209 1628/945/222
f 1622/922/209 1610/933/220 1628/945/222
f 1613/947/223 1626/934/221 1610/933/220
f 1613/947/223 1620/948/224 1626/934/221
f 1620/948/224 1609/930/217 1626/934/221
f 1621/949/225 1625/931/218 1609/930/217
f 1621/949/225 1618/950/226 1625/931/218
f 1618/950/226 1608/927/214 1625/931/218
f 1619/951/233 1624/928/215 1608/927/214
f 1619/951/233 1616/952/234 1624/928/215
f 1616/952/234 1607/942/211 1624/928/215
f 1617/953/229 1623/925/212 1607/924/211
f 1617/953/229 1614/954/230 1623/925/212
f 1614/954/230 1606/921/208 1623/925/212
f 1615/955/231 1622/922/209 1606/921/208
f 1615/955/231 1612/956/232 1622/922/209
f 1612/956/232 1610/933/220 1622/922/209
f 1620/948/224 1621/949/225 1609/930/217
f 1618/950/226 1619/951/233 1608/927/214
f 1616/952/234 1617/957/229 1607/942/211
f 1614/954/230 1615/955/231 1606/921/208
f 1612/956/232 1613/947/223 1610/933/220
f 1672/916/196 1665/40/196 1667/386/196 1673/917/196
f 1673/917/195 1667/386/195 1671/715/195 1674/918/195
f 1674/918/194 1671/715/194 1669/717/194 1675/919/194
f 1675/919/197 1669/717/197 1665/371/197 1672/920/197
f 1667/386/202 1665/40/202 1676/40/202 1677/386/202
f 1668/612/7 1675/919/7 1672/920/7 1664/372/7
f 1670/613/6 1674/918/6 1675/919/6 1668/612/6
f 1666/619/5 1673/917/5 1674/918/5 1670/613/5
f 1664/13/4 1672/916/4 1673/917/4 1666/619/4
f 1679/717/203 1678/715/203 1682/715/203 1683/717/203
f 1665/371/200 1669/717/200 1679/717/200 1676/371/200
f 1671/715/201 1667/386/201 1677/386/201 1678/715/201
f 1669/717/198 1671/715/198 1678/715/198 1679/717/198
f 1682/715/2 1681/725/2 1680/726/2 1683/717/2
f 1677/386/199 1676/40/199 1680/40/199 1681/386/199
f 1676/371/204 1679/717/204 1683/717/204 1680/371/204
f 1678/715/205 1677/386/205 1681/386/205 1682/715/205
f 1724/916/196 1717/40/196 1719/386/196 1725/917/196
f 1725/917/195 1719/386/195 1723/715/195 1726/918/195
f 1726/918/194 1723/715/194 1721/717/194 1727/919/194
f 1727/919/197 1721/717/197 1717/371/197 1724/920/197
f 1719/386/202 1717/40/202 1728/40/202 1729/386/202
f 1720/612/7 1727/919/7 1724/920/7 1716/372/7
f 1722/613/6 1726/918/6 1727/919/6 1720/612/6
f 1718/619/5 1725/917/5 1726/918/5 1722/613/5
f 1716/13/4 1724/916/4 1725/917/4 1718/619/4
f 1731/717/203 1730/715/203 1734/715/203 1735/717/203
f 1717/371/200 1721/717/200 1731/717/200 1728/371/200
f 1723/715/201 1719/386/201 1729/386/201 1730/715/201
f 1721/717/198 1723/715/198 1730/715/198 1731/717/198
f 1734/715/2 1733/725/2 1732/726/2 1735/717/2
f 1729/386/199 1728/40/199 1732/40/199 1733/386/199
f 1728/371/204 1731/717/204 1735/717/204 1732/371/204
f 1730/715/205 1729/386/205 1733/386/205 1734/715/205
f 1776/916/196 1769/40/196 1771/386/196 1777/917/196
f 1777/917/195 1771/386/195 1775/715/195 1778/918/195
f 1778/918/194 1775/715/194 1773/717/194 1779/919/194
f 1779/919/197 1773/717/197 1769/371/197 1776/920/197
f 1771/386/202 1769/40/202 1780/40/202 1781/386/202
f 1772/612/7 1779/919/7 1776/920/7 1768/372/7
f 1774/613/6 1778/918/6 1779/919/6 1772/612/6
f 1770/619/5 1777/917/5 1778/918/5 1774/613/5
f 1768/13/4 1776/916/4 1777/917/4 1770/619/4
f 1783/717/203 1782/715/203 1786/715/203 1787/717/203
f 1769/371/200 1773/717/200 1783/717/200 1780/371/200
f 1775/715/201 1771/386/201 1781/386/201 1782/715/201
f 1773/717/198 1775/715/198 1782/715/198 1783/717/198
f 1786/715/2 1785/725/2 1784/726/2 1787/717/2
f 1781/386/199 1780/40/199 1784/40/199 1785/386/199
f 1780/371/204 1783/717/204 1787/717/204 1784/371/204
f 1782/715/205 1781/386/205 1785/386/205 1786/715/205
f 1828/916/196 1821/40/196 1823/386/196 1829/917/196
f 1829/917/195 1823/386/195 1827/715/195 1830/918/195
f 1830/918/194 1827/715/194 1825/717/194 1831/919/194
f 1831/919/197 1825/717/197 1821/371/197 1828/920/197
f 1823/386/202 1821/40/202 1832/40/202 1833/386/202
f 1824/612/7 1831/919/7 1828/920/7 1820/372/7
f 1826/613/6 1830/918/6 1831/919/6 1824/612/6
f 1822/619/5 1829/917/5 1830/918/5 1826/613/5
f 1820/13/4 1828/916/4 1829/917/4 1822/619/4
f 1835/717/203 1834/715/203 1838/715/203 1839/717/203
f 1821/371/200 1825/717/200 1835/717/200 1832/371/200
f 1827/715/201 1823/386/201 1833/386/201 1834/715/201
f 1825/717/198 1827/715/198 1834/715/198 1835/717/198
f 1838/715/2 1837/725/2 1836/726/2 1839/717/2
f 1833/386/199 1832/40/199 1836/40/199 1837/386/199
f 1832/371/204 1835/717/204 1839/717/204 1836/371/204
f 1834/715/205 1833/386/205 1837/386/205 1838/715/205
f 1880/916/196 1873/40/196 1875/386/196 1881/917/196
f 1881/917/195 1875/386/195 1879/715/195 1882/918/195
f 1882/918/194 1879/715/194 1877/717/194 1883/919/194
f 1883/919/197 1877/717/197 1873/371/197 1880/920/197
f 1875/386/202 1873/40/202 1884/40/202 1885/386/202
f 1876/612/7 1883/919/7 1880/920/7 1872/372/7
f 1878/613/6 1882/918/6 1883/919/6 1876/612/6
f 1874/619/5 1881/917/5 1882/918/5 1878/613/5
f 1872/13/4 1880/916/4 1881/917/4 1874/619/4
f 1887/717/203 1886/715/203 1890/715/203 1891/717/203
f 1873/371/200 1877/717/200 1887/717/200 1884/371/200
f 1879/715/201 1875/386/201 1885/386/201 1886/715/201
f 1877/717/198 1879/715/198 1886/715/198 1887/717/198
f 1890/715/2 1889/725/2 1888/726/2 1891/717/2
f 1885/386/199 1884/40/199 1888/40/199 1889/386/199
f 1884/371/204 1887/717/204 1891/717/204 1888/371/204
f 1886/715/205 1885/386/205 1889/386/205 1890/715/205
f 1932/916/196 1925/40/196 1927/386/196 1933/917/196
f 1933/917/195 1927/386/195 1931/715/195 1934/918/195
f 1934/918/194 1931/715/194 1929/717/194 1935/919/194
f 1935/919/197 1929/717/197 1925/371/197 1932/920/197
f 1927/386/202 1925/40/202 1936/40/202 1937/386/202
f 1928/612/7 1935/919/7 1932/920/7 1924/372/7
f 1930/613/6 1934/918/6 1935/919/6 1928/612/6
f 1926/619/5 1933/917/5 1934/918/5 1930/613/5
f 1924/13/4 1932/916/4 1933/917/4 1926/619/4
f 1939/717/203 1938/715/203 1942/715/203 1943/717/203
f 1925/371/200 1929/717/200 1939/717/200 1936/371/200
f 1931/715/201 1927/386/201 1937/386/201 1938/715/201
f 1929/717/198 1931/715/198 1938/715/198 1939/717/198
f 1942/715/2 1941/725/2 1940/726/2 1943/717/2
f 1937/386/199 1936/40/199 1940/40/199 1941/386/199
f 1936/371/204 1939/717/204 1943/717/204 1940/371/204
f 1938/715/205 1937/386/205 1941/386/205 1942/715/205
f 1984/916/196 1977/40/196 1979/386/196 1985/917/196
f 1985/917/195 1979/386/195 1983/715/195 1986/918/195
f 1986/918/194 1983/715/194 1981/717/194 1987/919/194
f 1987/919/197 1981/717/197 1977/371/197 1984/920/197
f 1979/386/202 1977/40/202 1988/40/202 1989/386/202
f 1980/612/7 1987/919/7 1984/920/7 1976/372/7
f 1982/613/6 1986/918/6 1987/919/6 1980/612/6
f 1978/619/5 1985/917/5 1986/918/5 1982/613/5
f 1976/13/4 1984/916/4 1985/917/4 1978/619/4
f 1991/717/203 1990/715/203 1994/715/203 1995/717/203
f 1977/371/200 1981/717/200 1991/717/200 1988/371/200
f 1983/715/201 1979/386/201 1989/386/201 1990/715/201
f 1981/717/198 1983/715/198 1990/715/198 1991/717/198
f 1994/715/2 1993/725/2 1992/726/2 1995/717/2
f 1989/386/199 1988/40/199 1992/40/199 1993/386/199
f 1988/371/204 1991/717/204 1995/717/204 1992/371/204
f 1990/715/205 1989/386/205 1993/386/205 1994/715/205
f 2036/916/196 2029/40/196 2031/386/196 2037/917/196
f 2037/917/195 2031/386/195 2035/715/195 2038/918/195
f 2038/918/194 2035/715/194 2033/717/194 2039/919/194
f 2039/919/197 2033/717/197 2029/371/197 2036/920/197
f 2031/386/202 2029/40/202 2040/40/202 2041/386/202
f 2032/612/7 2039/919/7 2036/920/7 2028/372/7
f 2034/613/6 2038/918/6 2039/919/6 2032/612/6
f 2030/619/5 2037/917/5 2038/918/5 2034/613/5
f 2028/13/4 2036/916/4 2037/917/4 2030/619/4
f 2043/717/203 2042/715/203 2046/715/203 2047/717/203
f 2029/371/200 2033/717/200 2043/717/200 2040/371/200
f 2035/715/201 2031/386/201 2041/386/201 2042/715/201
f 2033/717/198 2035/715/198 2042/715/198 2043/717/198
f 2046/715/2 2045/725/2 2044/726/2 2047/717/2
f 2041/386/199 2040/40/199 2044/40/199 2045/386/199
f 2040/371/204 2043/717/204 2047/717/204 2044/371/204
f 2042/715/205 2041/386/205 2045/386/205 2046/715/205
f 2072/962/4 2075/963/4 2067/386/4 2066/619/4
f 2066/619/5 2067/386/5 2071/715/5 2070/613/5
f 2068/612/7 2069/717/7 2065/371/7 2064/372/7
f 2079/965/2 2074/967/2 2065/726/2 2069/717/2
f 2071/715/2 2067/725/2 2075/968/2 2078/969/2
f 2066/628/8 2070/613/8 2077/970/8 2072/971/8
f 2072/971/8 2077/970/8 2076/964/8 2073/966/8
f 2070/613/6 2071/715/6 2078/969/6 2077/970/6
f 2077/970/6 2078/969/6 2079/965/6 2076/964/6
f 2064/13/4 2065/40/4 2074/972/4 2073/973/4
f 2073/973/4 2074/972/4 2075/963/4 2072/962/4
f 2079/965/6 2078/969/6 2107/969/6 2106/965/6
f 2078/969/5 2075/968/5 2104/968/5 2107/969/5
f 2074/967/7 2079/965/7 2106/965/7 2105/967/7
f 2075/963/4 2074/972/4 2105/1002/4 2104/1001/4
f 2168/967/7 2173/965/7 2177/965/7 2174/967/7
f 2179/1057/8 2182/1058/8 2170/964/8 2167/966/8
f 2182/1058/6 2185/1059/6 2173/965/6 2170/964/6
f 2178/1060/4 2181/1061/4 2169/963/4 2166/962/4
f 2189/1059/2 2186/1062/2 2174/967/2 2177/965/2
f 2184/1063/6 2172/969/6 2176/969/6 2188/1063/6
f 2180/1064/4 2168/972/4 2174/972/4 2186/1064/4
f 2172/969/5 2169/968/5 2175/968/5 2176/969/5
f 2169/963/4 2181/1061/4 2187/1061/4 2175/963/4
f 2180/1064/5 2186/1064/5 2194/1064/5 2190/1064/5
f 2173/965/6 2185/1059/6 2189/1059/6 2177/965/6
f 2184/1063/7 2188/1063/7 2196/1063/7 2192/1063/7
f 2176/969/2 2175/968/2 2187/1065/2 2188/1063/2
f 2186/1062/5 2189/1059/5 2197/1059/5 2194/1062/5
f 2167/973/4 2168/972/4 2180/1064/4 2179/1066/4
f 2179/1066/4 2180/1064/4 2181/1061/4 2178/1060/4
f 2171/970/6 2172/969/6 2184/1063/6 2183/1067/6
f 2183/1067/6 2184/1063/6 2185/1059/6 2182/1058/6
f 2166/971/8 2171/970/8 2183/1067/8 2178/1068/8
f 2178/1068/8 2183/1067/8 2182/1058/8 2179/1057/8
f 2185/1059/2 2184/1063/2 2192/1063/2 2193/1059/2
f 2188/1063/7 2187/1065/7 2195/1065/7 2196/1063/7
f 2189/1059/5 2185/1059/5 2193/1059/5 2197/1059/5
f 2181/1061/2 2180/1064/2 2190/1064/2 2191/1061/2
f 2187/1061/7 2181/1061/7 2191/1061/7 2195/1061/7
f 2198/1069/192 2203/1070/192 2205/371/56 2200/372/56
f 2200/13/58 2205/40/58 2204/1071/58 2201/1072/58
f 2201/1072/262 2204/1071/262 2202/1073/263 2199/1074/264
f 2210/1075/191 2207/1076/191 2209/1077/63 2212/1078/63
f 2212/1078/65 2209/1077/65 2208/1079/65 2213/1080/65
f 2213/1080/265 2208/1079/265 2206/1081/266 2211/1082/267
f 2226/1083/268 2223/1084/207 2225/1085/269 2228/1086/269
f 2228/1086/72 2225/1085/72 2224/1087/72 2229/1088/72
f 2229/1088/74 2224/1087/74 2222/1089/188 2227/1090/188
f 2218/1091/186 2215/1092/186 2217/1093/77 2220/1094/77
f 2220/1094/79 2217/1093/79 2216/1095/79 2221/1096/79
f 2221/1096/270 2216/1095/270 2214/1097/206 2219/1098/271
f 2199/1074/264 2202/1073/263 2168/972/4 2167/973/4
f 2215/1092/186 2218/1091/186 2203/1070/192 2198/1069/192
f 2167/966/8 2170/964/8 2214/1097/8 2216/1095/8 2217/1093/8 2215/1092/8 2198/1099/8 2200/1100/8 2201/1101/8 2199/1102/8
f 2173/965/2 2168/967/2 2202/1103/272 2219/1098/272
f 2207/1076/191 2210/1075/191 2227/1090/188 2222/1089/188
f 2206/1104/8 2208/1105/8 2209/1106/8 2207/1107/8 2222/1089/8 2224/1087/8 2225/1085/8 2223/1084/8 2171/970/8 2166/971/8
f 2166/962/4 2169/963/4 2211/1082/267 2206/1081/266
f 2226/1083/273 2211/1108/273 2169/968/2 2172/969/2
f 2170/964/6 2173/965/6 2219/1098/271 2214/1097/206
f 2223/1084/207 2226/1083/268 2172/969/6 2171/970/6
f 2211/1108/273 2226/1083/273 2228/1086/274 2213/1109/274
f 2213/1109/274 2228/1086/274 2229/1088/275 2227/1090/275 2210/1110/275 2212/1111/275
f 2219/1098/272 2202/1103/272 2204/1112/276 2221/1096/276
f 2221/1096/276 2204/1112/276 2205/1113/277 2203/1114/277 2218/1091/277 2220/1094/277
f 2232/967/7 2237/965/7 2241/965/7 2238/967/7
f 2243/1057/8 2246/1058/8 2234/964/8 2231/966/8
f 2246/1058/6 2249/1059/6 2237/965/6 2234/964/6
f 2242/1060/4 2245/1061/4 2233/963/4 2230/962/4
f 2253/1059/2 2250/1062/2 2238/967/2 2241/965/2
f 2248/1063/6 2236/969/6 2240/969/6 2252/1063/6
f 2244/1064/4 2232/972/4 2238/972/4 2250/1064/4
f 2236/969/5 2233/968/5 2239/968/5 2240/969/5
f 2233/963/4 2245/1061/4 2251/1061/4 2239/963/4
f 2244/1064/5 2250/1064/5 2258/1064/5 2254/1064/5
f 2237/965/6 2249/1059/6 2253/1059/6 2241/965/6
f 2248/1063/7 2252/1063/7 2260/1063/7 2256/1063/7
f 2240/969/2 2239/968/2 2251/1065/2 2252/1063/2
f 2250/1062/5 2253/1059/5 2261/1059/5 2258/1062/5
f 2231/973/4 2232/972/4 2244/1064/4 2243/1066/4
f 2243/1066/4 2244/1064/4 2245/1061/4 2242/1060/4
f 2235/970/6 2236/969/6 2248/1063/6 2247/1067/6
f 2247/1067/6 2248/1063/6 2249/1059/6 2246/1058/6
f 2230/971/8 2235/970/8 2247/1067/8 2242/1068/8
f 2242/1068/8 2247/1067/8 2246/1058/8 2243/1057/8
f 2249/1059/2 2248/1063/2 2256/1063/2 2257/1059/2
f 2252/1063/7 2251/1065/7 2259/1065/7 2260/1063/7
f 2253/1059/5 2249/1059/5 2257/1059/5 2261/1059/5
f 2245/1061/2 2244/1064/2 2254/1064/2 2255/1061/2
f 2251/1061/7 2245/1061/7 2255/1061/7 2259/1061/7
f 2262/1069/192 2267/1070/192 2269/371/56 2264/372/56
f 2264/13/58 2269/40/58 2268/1071/58 2265/1072/58
f 2265/1072/60 2268/1071/60 2266/1073/263 2263/1074/193
f 2274/1075/191 2271/1076/191 2273/1077/63 2276/1078/63
f 2276/1078/65 2273/1077/65 2272/1079/65 2277/1080/65
f 2277/1080/67 2272/1079/67 2270/1081/190 2275/1082/267
f 2290/1083/268 2287/1084/207 2289/1085/269 2292/1086/269
f 2292/1086/72 2289/1085/72 2288/1087/72 2293/1088/72
f 2293/1088/74 2288/1087/74 2286/1089/188 2291/1090/188
f 2282/1091/186 2279/1092/186 2281/1093/77 2284/1094/77
f 2284/1094/79 2281/1093/79 2280/1095/79 2285/1096/79
f 2285/1096/270 2280/1095/270 2278/1097/206 2283/1098/271
f 2263/1074/193 2266/1073/263 2232/972/4 2231/973/4
f 2279/1092/186 2282/1091/186 2267/1070/192 2262/1069/192
f 2231/966/8 2234/964/8 2278/1097/8 2280/1095/8 2281/1093/8 2279/1092/8 2262/1099/8 2264/1100/8 2265/1101/8 2263/1102/8
f 2237/965/2 2232/967/2 2266/1103/272 2283/1098/272
f 2271/1076/191 2274/1075/191 2291/1090/188 2286/1089/188
f 2270/1104/8 2272/1105/8 2273/1106/8 2271/1107/8 2286/1089/8 2288/1087/8 2289/1085/8 2287/1084/8 2235/970/8 2230/971/8
f 2230/962/4 2233/963/4 2275/1082/267 2270/1081/190
f 2290/1083/273 2275/1108/273 2233/968/2 2236/969/2
f 2234/964/6 2237/965/6 2283/1098/271 2278/1097/206
f 2287/1084/207 2290/1083/268 2236/969/6 2235/970/6
f 2275/1108/273 2290/1083/273 2292/1086/274 2277/1109/274
f 2277/1109/274 2292/1086/274 2293/1088/275 2291/1090/275 2274/1110/275 2276/1111/275
f 2283/1098/272 2266/1103/272 2268/1112/276 2285/1096/276
f 2285/1096/276 2268/1112/276 2269/1113/277 2267/1114/277 2282/1091/277 2284/1094/277
usemtl Material.003
f 444/174/5 445/157/5 447/635/111 446/636/111
f 446/636/111 447/635/111 449/637/112 448/638/112
f 448/638/112 449/637/112 451/639/113 450/640/113
f 450/640/113 451/639/113 453/641/12 452/642/12
f 452/642/12 453/641/12 455/643/6 454/644/6
f 454/644/6 455/643/6 457/645/114 456/178/114
f 456/178/114 457/645/114 459/646/115 458/647/115
f 458/647/115 459/646/115 461/648/116 460/649/116
f 460/649/116 461/648/116 463/650/117 462/651/117
f 462/651/117 463/650/117 465/652/7 464/653/7
f 464/653/7 465/652/7 467/654/118 466/655/118
f 466/655/118 467/654/118 469/656/119 468/657/119
f 468/657/119 469/656/119 471/658/120 470/659/120
f 470/659/120 471/658/120 473/660/121 472/661/121
f 472/661/121 473/660/121 475/662/4 474/663/4
f 474/663/4 475/662/4 477/664/122 476/665/122
f 476/665/122 477/664/122 479/666/123 478/667/123
f 478/667/123 479/666/123 481/668/124 480/669/124
f 447/635/125 445/157/126 485/157/127 484/635/128
f 480/669/124 481/668/124 483/670/129 482/671/129
f 482/671/129 483/670/129 445/672/5 444/184/5
f 444/292/8 446/673/8 448/674/8 450/675/8 452/676/8 454/677/8 456/271/8 458/678/8 460/679/8 462/680/8 464/681/8 466/682/8 468/683/8 470/684/8 472/685/8 474/686/8 476/687/8 478/688/8 480/689/8 482/690/8
f 500/664/130 499/662/131 519/662/132 520/664/133
f 471/658/134 469/656/135 496/656/136 497/658/137
f 481/668/138 479/666/139 501/666/140 502/668/141
f 457/645/142 455/643/143 489/643/144 490/645/145
f 467/654/146 465/652/147 494/652/148 495/654/149
f 477/664/150 475/662/151 499/662/131 500/664/130
f 453/641/152 451/639/153 487/639/154 488/641/155
f 463/650/156 461/648/157 492/648/158 493/650/159
f 473/660/160 471/658/134 497/658/137 498/660/161
f 483/670/162 481/668/138 502/668/141 503/670/163
f 449/637/164 447/635/125 484/635/128 486/637/165
f 459/646/166 457/645/142 490/645/145 491/646/167
f 469/656/135 467/654/146 495/654/149 496/656/136
f 479/666/139 477/664/150 500/664/130 501/666/140
f 455/643/143 453/641/152 488/641/155 489/643/144
f 465/652/147 463/650/156 493/650/159 494/652/148
f 475/662/151 473/660/160 498/660/161 499/662/131
f 445/672/126 483/670/162 503/670/163 485/672/127
f 451/639/153 449/637/164 486/637/165 487/639/154
f 461/648/157 459/646/166 491/646/167 492/648/158
f 508/641/121 507/639/120 527/639/120 528/641/121
f 493/650/159 492/648/158 512/648/168 513/650/169
f 486/637/165 484/635/128 504/635/170 506/637/171
f 501/666/140 500/664/130 520/664/133 521/666/172
f 494/652/148 493/650/159 513/650/169 514/652/173
f 487/639/154 486/637/165 506/637/171 507/639/174
f 502/668/141 501/666/140 521/666/172 522/668/175
f 495/654/149 494/652/148 514/652/173 515/654/176
f 488/641/155 487/639/154 507/639/174 508/641/177
f 503/670/163 502/668/141 522/668/175 523/670/178
f 496/656/136 495/654/149 515/654/176 516/656/179
f 489/643/144 488/641/155 508/641/177 509/643/180
f 485/672/127 503/670/163 523/670/178 505/672/181
f 497/658/137 496/656/136 516/656/179 517/658/182
f 490/645/145 489/643/144 509/643/180 510/645/183
f 498/660/161 497/658/137 517/658/182 518/660/184
f 491/646/167 490/645/145 510/645/183 511/646/185
f 499/662/131 498/660/161 518/660/184 519/662/132
f 492/648/158 491/646/167 511/646/185 512/648/168
f 484/635/128 485/157/127 505/157/181 504/635/170
f 524/691/2 525/692/2 543/693/2 542/694/2 541/695/2 540/696/2 539/697/2 538/698/2 537/699/2 536/700/2 535/701/2 534/702/2 533/703/2 532/704/2 531/705/2 530/706/2 529/707/2 528/708/2 527/709/2 526/710/2
f 523/670/117 522/668/116 542/668/116 543/670/117
f 516/656/112 515/654/111 535/654/111 536/656/112
f 509/643/4 508/641/121 528/641/121 529/643/4
f 505/672/7 523/670/117 543/670/117 525/672/7
f 517/658/113 516/656/112 536/656/112 537/658/113
f 510/645/122 509/643/4 529/643/4 530/645/122
f 518/660/12 517/658/113 537/658/113 538/660/12
f 511/646/123 510/645/122 530/645/122 531/646/123
f 519/662/6 518/660/12 538/660/12 539/662/6
f 512/648/124 511/646/123 531/646/123 532/648/124
f 504/635/118 505/157/7 525/157/7 524/635/118
f 520/664/114 519/662/6 539/662/6 540/664/114
f 513/650/129 512/648/124 532/648/124 533/650/129
f 506/637/119 504/635/118 524/635/118 526/637/119
f 521/666/115 520/664/114 540/664/114 541/666/115
f 514/652/5 513/650/129 533/650/129 534/652/5
f 507/639/120 506/637/119 526/637/119 527/639/120
f 522/668/116 521/666/115 541/666/115 542/668/116
f 515/654/111 514/652/5 534/652/5 535/654/111
f 544/174/5 546/636/129 547/635/129 545/157/5
f 546/636/129 548/638/124 549/637/124 547/635/129
f 548/638/124 550/640/123 551/639/123 549/637/124
f 550/640/123 552/642/122 553/641/122 551/639/123
f 552/642/122 554/644/4 555/643/4 553/641/122
f 554/644/4 556/178/121 557/645/121 555/643/4
f 556/178/121 558/647/120 559/646/120 557/645/121
f 558/647/120 560/649/119 561/648/119 559/646/120
f 560/649/119 562/651/118 563/650/118 561/648/119
f 562/651/118 564/653/7 565/652/7 563/650/118
f 564/653/7 566/655/117 567/654/117 565/652/7
f 566/655/117 568/657/116 569/656/116 567/654/117
f 568/657/116 570/659/115 571/658/115 569/656/116
f 570/659/115 572/661/114 573/660/114 571/658/115
f 572/661/114 574/663/6 575/662/6 573/660/114
f 574/663/6 576/665/12 577/664/12 575/662/6
f 576/665/12 578/667/113 579/666/113 577/664/12
f 578/667/113 580/669/112 581/668/112 579/666/113
f 547/635/162 584/635/163 585/157/127 545/157/126
f 580/669/112 582/671/111 583/670/111 581/668/112
f 582/671/111 544/184/5 545/672/5 583/670/111
f 544/292/8 582/690/8 580/689/8 578/688/8 576/687/8 574/686/8 572/685/8 570/684/8 568/683/8 566/682/8 564/681/8 562/680/8 560/679/8 558/678/8 556/271/8 554/677/8 552/676/8 550/675/8 548/674/8 546/673/8
f 600/664/155 620/664/177 619/662/180 599/662/144
f 571/658/166 597/658/167 596/656/158 569/656/157
f 581/668/164 602/668/165 601/666/154 579/666/153
f 557/645/160 590/645/161 589/643/131 555/643/151
f 567/654/156 595/654/159 594/652/148 565/652/147
f 577/664/152 600/664/155 599/662/144 575/662/143
f 553/641/150 588/641/130 587/639/140 551/639/139
f 563/650/146 593/650/149 592/648/136 561/648/135
f 573/660/142 598/660/145 597/658/167 571/658/166
f 583/670/125 603/670/128 602/668/165 581/668/164
f 549/637/138 586/637/141 584/635/163 547/635/162
f 559/646/134 591/646/137 590/645/161 557/645/160
f 569/656/157 596/656/158 595/654/159 567/654/156
f 579/666/153 601/666/154 600/664/155 577/664/152
f 555/643/151 589/643/131 588/641/130 553/641/150
f 565/652/147 594/652/148 593/650/149 563/650/146
f 575/662/143 599/662/144 598/660/145 573/660/142
f 545/672/126 585/672/127 603/670/128 583/670/125
f 551/639/139 587/639/140 586/637/141 549/637/138
f 561/648/135 592/648/136 591/646/137 559/646/134
f 608/641/114 628/641/114 627/639/115 607/639/115
f 593/650/149 613/650/176 612/648/179 592/648/136
f 586/637/141 606/637/175 604/635/178 584/635/163
f 601/666/154 621/666/174 620/664/177 600/664/155
f 594/652/148 614/652/173 613/650/176 593/650/149
f 587/639/140 607/639/172 606/637/175 586/637/141
f 602/668/165 622/668/171 621/666/174 601/666/154
f 595/654/159 615/654/169 614/652/173 594/652/148
f 588/641/130 608/641/133 607/639/172 587/639/140
f 603/670/128 623/670/170 622/668/171 602/668/165
f 596/656/158 616/656/168 615/654/169 595/654/159
f 589/643/131 609/643/132 608/641/133 588/641/130
f 585/672/127 605/672/181 623/670/170 603/670/128
f 597/658/167 617/658/185 616/656/168 596/656/158
f 590/645/161 610/645/184 609/643/132 589/643/131
f 598/660/145 618/660/183 617/658/185 597/658/167
f 591/646/137 611/646/182 610/645/184 590/645/161
f 599/662/144 619/662/180 618/660/183 598/660/145
f 592/648/136 612/648/179 611/646/182 591/646/137
f 584/635/163 604/635/178 605/157/181 585/157/127
f 624/691/2 626/710/2 627/709/2 628/708/2 629/707/2 630/706/2 631/705/2 632/704/2 633/703/2 634/702/2 635/701/2 636/700/2 637/699/2 638/698/2 639/697/2 640/696/2 641/695/2 642/694/2 643/693/2 625/692/2
f 623/670/118 643/670/118 642/668/119 622/668/119
f 616/656/124 636/656/124 635/654/129 615/654/129
f 609/643/6 629/643/6 628/641/114 608/641/114
f 605/672/7 625/672/7 643/670/118 623/670/118
f 617/658/123 637/658/123 636/656/124 616/656/124
f 610/645/12 630/645/12 629/643/6 609/643/6
f 618/660/122 638/660/122 637/658/123 617/658/123
f 611/646/113 631/646/113 630/645/12 610/645/12
f 619/662/4 639/662/4 638/660/122 618/660/122
f 612/648/112 632/648/112 631/646/113 611/646/113
f 604/635/117 624/635/117 625/157/7 605/157/7
f 620/664/121 640/664/121 639/662/4 619/662/4
f 613/650/111 633/650/111 632/648/112 612/648/112
f 606/637/116 626/637/116 624/635/117 604/635/117
f 621/666/120 641/666/120 640/664/121 620/664/121
f 614/652/5 634/652/5 633/650/111 613/650/111
f 607/639/115 627/639/115 626/637/116 606/637/116
f 622/668/119 642/668/119 641/666/120 621/666/120
f 615/654/129 635/654/129 634/652/5 614/652/5
f 644/174/7 646/636/117 647/635/117 645/157/7
f 646/636/117 648/638/116 649/637/116 647/635/117
f 648/638/116 650/640/115 651/639/115 649/637/116
f 650/640/115 652/642/114 653/641/114 651/639/115
f 652/642/114 654/644/6 655/643/6 653/641/114
f 654/644/6 656/178/12 657/645/12 655/643/6
f 656/178/12 658/647/113 659/646/113 657/645/12
f 658/647/113 660/649/112 661/648/112 659/646/113
f 660/649/112 662/651/111 663/650/111 661/648/112
f 662/651/111 664/653/5 665/652/5 663/650/111
f 664/653/5 666/655/129 667/654/129 665/652/5
f 666/655/129 668/657/124 669/656/124 667/654/129
f 668/657/124 670/659/123 671/658/123 669/656/124
f 670/659/123 672/661/122 673/660/122 671/658/123
f 672/661/122 674/663/4 675/662/4 673/660/122
f 674/663/4 676/665/121 677/664/121 675/662/4
f 676/665/121 678/667/120 679/666/120 677/664/121
f 678/667/120 680/669/119 681/668/119 679/666/120
f 647/635/156 684/635/159 685/157/148 645/157/147
f 680/669/119 682/671/118 683/670/118 681/668/119
f 682/671/118 644/184/7 645/672/7 683/670/118
f 644/292/8 682/690/8 680/689/8 678/688/8 676/687/8 674/686/8 672/685/8 670/684/8 668/683/8 666/682/8 664/681/8 662/680/8 660/679/8 658/678/8 656/271/8 654/677/8 652/676/8 650/675/8 648/674/8 646/673/8
f 700/664/161 720/664/184 719/662/132 699/662/131
f 671/658/139 697/658/140 696/656/141 669/656/138
f 681/668/135 702/668/136 701/666/137 679/666/134
f 657/645/152 690/645/155 689/643/144 655/643/143
f 667/654/162 695/654/163 694/652/127 665/652/126
f 677/664/160 700/664/161 699/662/131 675/662/151
f 653/641/142 688/641/145 687/639/167 651/639/166
f 663/650/125 693/650/128 692/648/165 661/648/164
f 673/660/150 698/660/130 697/658/140 671/658/139
f 683/670/146 703/670/149 702/668/136 681/668/135
f 649/637/157 686/637/158 684/635/159 647/635/156
f 659/646/153 691/646/154 690/645/155 657/645/152
f 669/656/138 696/656/141 695/654/163 667/654/162
f 679/666/134 701/666/137 700/664/161 677/664/160
f 655/643/143 689/643/144 688/641/145 653/641/142
f 665/652/126 694/652/127 693/650/128 663/650/125
f 675/662/151 699/662/131 698/660/130 673/660/150
f 645/672/147 685/672/148 703/670/149 683/670/146
f 651/639/166 687/639/167 686/637/158 649/637/157
f 661/648/164 692/648/165 691/646/154 659/646/153
f 708/641/122 728/641/122 727/639/123 707/639/123
f 693/650/128 713/650/170 712/648/171 692/648/165
f 686/637/158 706/637/168 704/635/169 684/635/159
f 701/666/137 721/666/182 720/664/184 700/664/161
f 694/652/127 714/652/181 713/650/170 693/650/128
f 687/639/167 707/639/185 706/637/168 686/637/158
f 702/668/136 722/668/179 721/666/182 701/666/137
f 695/654/163 715/654/178 714/652/181 694/652/127
f 688/641/145 708/641/183 707/639/185 687/639/167
f 703/670/149 723/670/176 722/668/179 702/668/136
f 696/656/141 716/656/175 715/654/178 695/654/163
f 689/643/144 709/643/180 708/641/183 688/641/145
f 685/672/148 705/672/173 723/670/176 703/670/149
f 697/658/140 717/658/172 716/656/175 696/656/141
f 690/645/155 710/645/177 709/643/180 689/643/144
f 698/660/130 718/660/133 717/658/172 697/658/140
f 691/646/154 711/646/174 710/645/177 690/645/155
f 699/662/131 719/662/132 718/660/133 698/660/130
f 692/648/165 712/648/171 711/646/174 691/646/154
f 684/635/159 704/635/169 705/157/173 685/157/148
f 724/691/2 726/710/2 727/709/2 728/708/2 729/707/2 730/706/2 731/705/2 732/704/2 733/703/2 734/702/2 735/701/2 736/700/2 737/699/2 738/698/2 739/697/2 740/696/2 741/695/2 742/694/2 743/693/2 725/692/2
f 723/670/111 743/670/111 742/668/112 722/668/112
f 716/656/116 736/656/116 735/654/117 715/654/117
f 709/643/4 729/643/4 728/641/122 708/641/122
f 705/672/5 725/672/5 743/670/111 723/670/111
f 717/658/115 737/658/115 736/656/116 716/656/116
f 710/645/121 730/645/121 729/643/4 709/643/4
f 718/660/114 738/660/114 737/658/115 717/658/115
f 711/646/120 731/646/120 730/645/121 710/645/121
f 719/662/6 739/662/6 738/660/114 718/660/114
f 712/648/119 732/648/119 731/646/120 711/646/120
f 704/635/129 724/635/129 725/157/5 705/157/5
f 720/664/12 740/664/12 739/662/6 719/662/6
f 713/650/118 733/650/118 732/648/119 712/648/119
f 706/637/124 726/637/124 724/635/129 704/635/129
f 721/666/113 741/666/113 740/664/12 720/664/12
f 714/652/7 734/652/7 733/650/118 713/650/118
f 707/639/123 727/639/123 726/637/124 706/637/124
f 722/668/112 742/668/112 741/666/113 721/666/113
f 715/654/117 735/654/117 734/652/7 714/652/7
f 744/174/7 745/157/7 747/635/118 746/636/118
f 746/636/118 747/635/118 749/637/119 748/638/119
f 748/638/119 749/637/119 751/639/120 750/640/120
f 750/640/120 751/639/120 753/641/121 752/642/121
f 752/642/121 753/641/121 755/643/4 754/644/4
f 754/644/4 755/643/4 757/645/122 756/178/122
f 756/178/122 757/645/122 759/646/123 758/647/123
f 758/647/123 759/646/123 761/648/124 760/649/124
f 760/649/124 761/648/124 763/650/129 762/651/129
f 762/651/129 763/650/129 765/652/5 764/653/5
f 764/653/5 765/652/5 767/654/111 766/655/111
f 766/655/111 767/654/111 769/656/112 768/657/112
f 768/657/112 769/656/112 771/658/113 770/659/113
f 770/659/113 771/658/113 773/660/12 772/661/12
f 772/661/12 773/660/12 775/662/6 774/663/6
f 774/663/6 775/662/6 777/664/114 776/665/114
f 776/665/114 777/664/114 779/666/115 778/667/115
f 778/667/115 779/666/115 781/668/116 780/669/116
f 747/635/146 745/157/147 785/157/148 784/635/149
f 780/669/116 781/668/116 783/670/117 782/671/117
f 782/671/117 783/670/117 745/672/7 744/184/7
f 744/292/8 746/673/8 748/674/8 750/675/8 752/676/8 754/677/8 756/271/8 758/678/8 760/679/8 762/680/8 764/681/8 766/682/8 768/683/8 770/684/8 772/685/8 774/686/8 776/687/8 778/688/8 780/689/8 782/690/8
f 800/664/145 799/662/144 819/662/180 820/664/183
f 771/658/153 769/656/164 796/656/165 797/658/154
f 781/668/157 779/666/166 801/666/167 802/668/158
f 757/645/150 755/643/151 789/643/131 790/645/130
f 767/654/125 765/652/126 794/652/127 795/654/128
f 777/664/142 775/662/143 799/662/144 800/664/145
f 753/641/160 751/639/134 787/639/137 788/641/161
f 763/650/162 761/648/138 792/648/141 793/650/163
f 773/660/152 771/658/153 797/658/154 798/660/155
f 783/670/156 781/668/157 802/668/158 803/670/159
f 749/637/135 747/635/146 784/635/149 786/637/136
f 759/646/139 757/645/150 790/645/130 791/646/140
f 769/656/164 767/654/125 795/654/128 796/656/165
f 779/666/166 777/664/142 800/664/145 801/666/167
f 755/643/151 753/641/160 788/641/161 789/643/131
f 765/652/126 763/650/162 793/650/163 794/652/127
f 775/662/143 773/660/152 798/660/155 799/662/144
f 745/672/147 783/670/156 803/670/159 785/672/148
f 751/639/134 749/637/135 786/637/136 787/639/137
f 761/648/138 759/646/139 791/646/140 792/648/141
f 808/641/12 807/639/113 827/639/113 828/641/12
f 793/650/163 792/648/141 812/648/175 813/650/178
f 786/637/136 784/635/149 804/635/176 806/637/179
f 801/666/167 800/664/145 820/664/183 821/666/185
f 794/652/127 793/650/163 813/650/178 814/652/181
f 787/639/137 786/637/136 806/637/179 807/639/182
f 802/668/158 801/666/167 821/666/185 822/668/168
f 795/654/128 794/652/127 814/652/181 815/654/170
f 788/641/161 787/639/137 807/639/182 808/641/184
f 803/670/159 802/668/158 822/668/168 823/670/169
f 796/656/165 795/654/128 815/654/170 816/656/171
f 789/643/131 788/641/161 808/641/184 809/643/132
f 785/672/148 803/670/159 823/670/169 805/672/173
f 797/658/154 796/656/165 816/656/171 817/658/174
f 790/645/130 789/643/131 809/643/132 810/645/133
f 798/660/155 797/658/154 817/658/174 818/660/177
f 791/646/140 790/645/130 810/645/133 811/646/172
f 799/662/144 798/660/155 818/660/177 819/662/180
f 792/648/141 791/646/140 811/646/172 812/648/175
f 784/635/149 785/157/148 805/157/173 804/635/176
f 824/691/2 825/692/2 843/693/2 842/694/2 841/695/2 840/696/2 839/697/2 838/698/2 837/699/2 836/700/2 835/701/2 834/702/2 833/703/2 832/704/2 831/705/2 830/706/2 829/707/2 828/708/2 827/709/2 826/710/2
f 823/670/129 822/668/124 842/668/124 843/670/129
f 816/656/119 815/654/118 835/654/118 836/656/119
f 809/643/6 808/641/12 828/641/12 829/643/6
f 805/672/5 823/670/129 843/670/129 825/672/5
f 817/658/120 816/656/119 836/656/119 837/658/120
f 810/645/114 809/643/6 829/643/6 830/645/114
f 818/660/121 817/658/120 837/658/120 838/660/121
f 811/646/115 810/645/114 830/645/114 831/646/115
f 819/662/4 818/660/121 838/660/121 839/662/4
f 812/648/116 811/646/115 831/646/115 832/648/116
f 804/635/111 805/157/5 825/157/5 824/635/111
f 820/664/122 819/662/4 839/662/4 840/664/122
f 813/650/117 812/648/116 832/648/116 833/650/117
f 806/637/112 804/635/111 824/635/111 826/637/112
f 821/666/123 820/664/122 840/664/122 841/666/123
f 814/652/7 813/650/117 833/650/117 834/652/7
f 807/639/113 806/637/112 826/637/112 827/639/113
f 822/668/124 821/666/123 841/666/123 842/668/124
f 815/654/118 814/652/7 834/652/7 835/654/118
f 1424/921/208 1440/922/209 1445/923/210
f 1425/924/211 1441/925/212 1447/926/213
f 1426/927/214 1442/928/215 1448/929/216
f 1427/930/217 1443/931/218 1449/932/219
f 1428/933/220 1444/934/221 1446/935/222
f 1446/935/222 1449/936/219 1429/937/2
f 1446/935/222 1444/934/221 1449/936/219
f 1444/934/221 1427/930/217 1449/936/219
f 1449/932/219 1448/938/216 1429/939/2
f 1449/932/219 1443/931/218 1448/938/216
f 1443/931/218 1426/927/214 1448/938/216
f 1448/929/216 1447/940/213 1429/941/2
f 1448/929/216 1442/928/215 1447/940/213
f 1442/928/215 1425/942/211 1447/940/213
f 1447/926/213 1445/943/210 1429/944/2
f 1447/926/213 1441/925/212 1445/943/210
f 1441/925/212 1424/921/208 1445/943/210
f 1445/923/210 1446/945/222 1429/946/2
f 1445/923/210 1440/922/209 1446/945/222
f 1440/922/209 1428/933/220 1446/945/222
f 1431/947/223 1444/934/221 1428/933/220
f 1431/947/223 1438/948/224 1444/934/221
f 1438/948/224 1427/930/217 1444/934/221
f 1439/949/225 1443/931/218 1427/930/217
f 1439/949/225 1436/950/226 1443/931/218
f 1436/950/226 1426/927/214 1443/931/218
f 1437/951/227 1442/928/215 1426/927/214
f 1437/951/227 1434/952/228 1442/928/215
f 1434/952/228 1425/942/211 1442/928/215
f 1435/953/229 1441/925/212 1425/924/211
f 1435/953/229 1432/954/230 1441/925/212
f 1432/954/230 1424/921/208 1441/925/212
f 1433/955/231 1440/922/209 1424/921/208
f 1433/955/231 1430/956/232 1440/922/209
f 1430/956/232 1428/933/220 1440/922/209
f 1438/948/224 1439/949/225 1427/930/217
f 1436/950/226 1437/951/227 1426/927/214
f 1434/952/228 1435/957/229 1425/942/211
f 1432/954/230 1433/955/231 1424/921/208
f 1430/956/232 1431/947/223 1428/933/220
f 2790/13/4 2791/40/4 2793/386/4 2792/619/4
f 2798/1321/5 2803/1322/5 2797/715/5 2796/613/5
f 2796/613/6 2797/715/6 2795/717/6 2794/612/6
f 2804/1323/7 2809/1324/7 2791/371/7 2790/372/7
f 2798/1325/6 2796/613/6 2794/612/6 2806/1326/6
f 2801/1327/283 2793/725/284 2791/726/284 2809/1328/283
f 2797/715/285 2803/1329/286 2807/1330/286 2795/717/285
f 2803/1329/286 2802/1331/287 2808/1332/287 2807/1330/286
f 2802/1331/287 2801/1327/283 2809/1328/283 2808/1332/287
f 2792/628/8 2800/1333/8 2804/1334/8 2790/629/8
f 2800/1333/8 2799/1335/8 2805/1336/8 2804/1334/8
f 2799/1335/8 2798/1325/8 2806/1326/8 2805/1336/8
f 2794/612/7 2795/717/7 2807/1337/7 2806/1338/7
f 2806/1338/7 2807/1337/7 2808/1339/7 2805/1340/7
f 2805/1340/7 2808/1339/7 2809/1324/7 2804/1323/7
f 2792/619/5 2793/386/5 2801/1341/5 2800/1342/5
f 2800/1342/5 2801/1341/5 2802/1343/5 2799/1344/5
f 2799/1344/5 2802/1343/5 2803/1322/5 2798/1321/5
f 2810/13/6 2812/619/6 2813/386/6 2811/40/6
f 2818/1321/5 2816/613/5 2817/715/5 2823/1322/5
f 2816/613/4 2814/612/4 2815/717/4 2817/715/4
f 2824/1323/7 2810/372/7 2811/371/7 2829/1324/7
f 2818/1325/4 2826/1326/4 2814/612/4 2816/613/4
f 2821/1327/288 2829/1328/288 2811/726/289 2813/725/289
f 2817/715/290 2815/717/290 2827/1330/291 2823/1329/291
f 2823/1329/291 2827/1330/291 2828/1332/292 2822/1331/292
f 2822/1331/292 2828/1332/292 2829/1328/288 2821/1327/288
f 2812/628/8 2810/629/8 2824/1334/8 2820/1333/8
f 2820/1333/8 2824/1334/8 2825/1336/8 2819/1335/8
f 2819/1335/8 2825/1336/8 2826/1326/8 2818/1325/8
f 2814/612/7 2826/1338/7 2827/1337/7 2815/717/7
f 2826/1338/7 2825/1340/7 2828/1339/7 2827/1337/7
f 2825/1340/7 2824/1323/7 2829/1324/7 2828/1339/7
f 2812/619/5 2820/1342/5 2821/1341/5 2813/386/5
f 2820/1342/5 2819/1344/5 2822/1343/5 2821/1341/5
f 2819/1344/5 2818/1321/5 2823/1322/5 2822/1343/5
f 2830/13/4 2832/619/4 2833/386/4 2831/40/4
f 2838/1321/7 2836/613/7 2837/715/7 2843/1322/7
f 2836/613/6 2834/612/6 2835/717/6 2837/715/6
f 2844/1323/5 2830/372/5 2831/371/5 2849/1324/5
f 2838/1325/6 2846/1326/6 2834/612/6 2836/613/6
f 2841/1327/283 2849/1328/283 2831/726/284 2833/725/284
f 2837/715/285 2835/717/285 2847/1330/286 2843/1329/286
f 2843/1329/286 2847/1330/286 2848/1332/287 2842/1331/287
f 2842/1331/287 2848/1332/287 2849/1328/283 2841/1327/283
f 2832/628/8 2830/629/8 2844/1334/8 2840/1333/8
f 2840/1333/8 2844/1334/8 2845/1336/8 2839/1335/8
f 2839/1335/8 2845/1336/8 2846/1326/8 2838/1325/8
f 2834/612/5 2846/1338/5 2847/1337/5 2835/717/5
f 2846/1338/5 2845/1340/5 2848/1339/5 2847/1337/5
f 2845/1340/5 2844/1323/5 2849/1324/5 2848/1339/5
f 2832/619/7 2840/1342/7 2841/1341/7 2833/386/7
f 2840/1342/7 2839/1344/7 2842/1343/7 2841/1341/7
f 2839/1344/7 2838/1321/7 2843/1322/7 2842/1343/7
f 2850/13/6 2851/40/6 2853/386/6 2852/619/6
f 2858/1321/7 2863/1322/7 2857/715/7 2856/613/7
f 2856/613/4 2857/715/4 2855/717/4 2854/612/4
f 2864/1323/5 2869/1324/5 2851/371/5 2850/372/5
f 2858/1325/4 2856/613/4 2854/612/4 2866/1326/4
f 2861/1327/288 2853/725/289 2851/726/289 2869/1328/288
f 2857/715/290 2863/1329/291 2867/1330/291 2855/717/290
f 2863/1329/291 2862/1331/292 2868/1332/292 2867/1330/291
f 2862/1331/292 2861/1327/288 2869/1328/288 2868/1332/292
f 2852/628/8 2860/1333/8 2864/1334/8 2850/629/8
f 2860/1333/8 2859/1335/8 2865/1336/8 2864/1334/8
f 2859/1335/8 2858/1325/8 2866/1326/8 2865/1336/8
f 2854/612/5 2855/717/5 2867/1337/5 2866/1338/5
f 2866/1338/5 2867/1337/5 2868/1339/5 2865/1340/5
f 2865/1340/5 2868/1339/5 2869/1324/5 2864/1323/5
f 2852/619/7 2853/386/7 2861/1341/7 2860/1342/7
f 2860/1342/7 2861/1341/7 2862/1343/7 2859/1344/7
f 2859/1344/7 2862/1343/7 2863/1322/7 2858/1321/7
usemtl Material.006
f 316/606/2 345/609/2 422/609/2 420/606/2
f 310/607/107 316/606/107 420/606/107 419/607/107
f 345/609/108 337/608/108 421/608/108 422/609/108
s 0
usemtl Material.004
f 893/711/4 845/40/4 847/386/4 894/712/4
f 938/713/5 871/714/5 851/715/5 896/716/5
f 896/716/6 851/715/6 849/717/6 898/718/6
f 918/719/7 891/720/7 845/371/7 893/721/7
f 852/722/8 850/613/8 848/612/8 881/723/8
f 862/724/2 847/725/2 845/726/2 891/727/2
f 851/715/2 871/728/2 882/729/2 849/717/2
f 871/728/2 870/730/2 883/731/2 882/729/2
f 870/730/2 869/732/2 884/733/2 883/731/2
f 869/732/2 868/734/2 885/735/2 884/733/2
f 868/734/2 867/736/2 886/737/2 885/735/2
f 867/736/2 866/738/2 887/739/2 886/737/2
f 866/738/2 865/740/2 888/741/2 887/739/2
f 865/740/2 864/742/2 889/743/2 888/741/2
f 864/742/2 863/744/2 890/745/2 889/743/2
f 863/744/2 862/724/2 891/727/2 890/745/2
f 846/628/8 861/746/8 872/747/8 844/629/8
f 861/746/8 860/748/8 873/749/8 872/747/8
f 860/748/8 859/750/8 874/751/8 873/749/8
f 859/750/8 858/752/8 875/753/8 874/751/8
f 858/752/8 857/754/8 876/755/8 875/753/8
f 857/754/8 856/756/8 877/757/8 876/755/8
f 856/756/8 855/758/8 878/759/8 877/757/8
f 855/758/8 854/760/8 879/761/8 878/759/8
f 854/760/8 853/762/8 880/763/8 879/761/8
f 853/762/8 852/722/8 881/723/8 880/763/8
f 898/718/7 849/717/7 882/764/7 900/765/7
f 900/765/7 882/764/7 883/766/7 902/767/7
f 902/767/7 883/766/7 884/768/7 904/769/7
f 904/769/7 884/768/7 885/770/7 906/771/7
f 906/771/7 885/770/7 886/772/7 908/773/7
f 908/773/7 886/772/7 887/774/7 910/775/7
f 910/775/7 887/774/7 888/776/7 912/777/7
f 912/777/7 888/776/7 889/778/7 914/779/7
f 914/779/7 889/778/7 890/780/7 916/781/7
f 916/781/7 890/780/7 891/720/7 918/719/7
f 894/712/5 847/386/5 862/782/5 920/783/5
f 920/783/5 862/782/5 863/784/5 922/785/5
f 922/785/5 863/784/5 864/786/5 924/787/5
f 924/787/5 864/786/5 865/788/5 926/789/5
f 926/789/5 865/788/5 866/790/5 928/791/5
f 928/791/5 866/790/5 867/792/5 930/793/5
f 930/793/5 867/792/5 868/794/5 932/795/5
f 932/795/5 868/794/5 869/796/5 934/797/5
f 934/797/5 869/796/5 870/798/5 936/799/5
f 936/799/5 870/798/5 871/714/5 938/713/5
f 853/800/5 937/801/5 939/802/5 852/803/5
f 927/804/8 925/805/8 945/805/8 947/804/8
f 854/806/5 935/807/5 937/801/5 853/800/5
f 935/807/5 934/797/5 936/799/5 937/801/5
f 855/808/5 933/809/5 935/807/5 854/806/5
f 937/801/4 936/799/4 956/799/4 957/801/4
f 856/810/5 931/811/5 933/809/5 855/808/5
f 931/811/5 930/793/5 932/795/5 933/809/5
f 857/812/5 929/813/5 931/811/5 856/810/5
f 935/807/8 933/809/8 953/809/8 955/807/8
f 858/814/5 927/804/5 929/813/5 857/812/5
f 927/804/5 926/789/5 928/791/5 929/813/5
f 859/815/5 925/805/5 927/804/5 858/814/5
f 929/813/4 928/791/4 948/791/4 949/813/4
f 860/816/5 923/817/5 925/805/5 859/815/5
f 923/817/5 922/785/5 924/787/5 925/805/5
f 861/818/5 921/819/5 923/817/5 860/816/5
f 921/819/4 920/783/4 940/783/4 941/819/4
f 846/619/5 895/820/5 921/819/5 861/818/5
f 895/820/5 894/712/5 920/783/5 921/819/5
f 873/821/7 917/822/7 919/823/7 872/824/7
f 917/822/7 916/781/7 918/719/7 919/823/7
f 874/825/7 915/826/7 917/822/7 873/821/7
f 915/826/7 914/779/7 916/781/7 917/822/7
f 875/827/7 913/828/7 915/826/7 874/825/7
f 913/828/7 912/777/7 914/779/7 915/826/7
f 876/829/7 911/830/7 913/828/7 875/827/7
f 911/830/7 910/775/7 912/777/7 913/828/7
f 877/831/7 909/832/7 911/830/7 876/829/7
f 909/832/7 908/773/7 910/775/7 911/830/7
f 878/833/7 907/834/7 909/832/7 877/831/7
f 907/834/7 906/771/7 908/773/7 909/832/7
f 879/835/7 905/836/7 907/834/7 878/833/7
f 905/836/7 904/769/7 906/771/7 907/834/7
f 880/837/7 903/838/7 905/836/7 879/835/7
f 903/838/7 902/767/7 904/769/7 905/836/7
f 881/839/7 901/840/7 903/838/7 880/837/7
f 901/840/7 900/765/7 902/767/7 903/838/7
f 848/612/7 899/841/7 901/840/7 881/839/7
f 899/841/7 898/718/7 900/765/7 901/840/7
f 872/824/7 919/823/7 892/842/7 844/372/7
f 919/823/7 918/719/7 893/721/7 892/842/7
f 850/613/6 897/843/6 899/841/6 848/612/6
f 897/843/6 896/716/6 898/718/6 899/841/6
f 852/803/5 939/802/5 897/843/5 850/613/5
f 939/802/5 938/713/5 896/716/5 897/843/5
f 844/13/4 892/844/4 895/820/4 846/619/4
f 892/844/4 893/711/4 894/712/4 895/820/4
f 957/801/5 956/799/5 958/713/5 959/802/5
f 953/809/5 952/795/5 954/797/5 955/807/5
f 949/813/5 948/791/5 950/793/5 951/811/5
f 945/805/5 944/787/5 946/789/5 947/804/5
f 941/819/5 940/783/5 942/785/5 943/817/5
f 932/795/2 934/797/2 954/797/2 952/795/2
f 922/785/6 923/817/6 943/817/6 942/785/6
f 924/787/2 926/789/2 946/789/2 944/787/2
f 930/793/6 931/811/6 951/811/6 950/793/6
f 938/713/6 939/802/6 959/802/6 958/713/6
f 925/805/4 924/787/4 944/787/4 945/805/4
f 939/802/8 937/801/8 957/801/8 959/802/8
f 933/809/4 932/795/4 952/795/4 953/809/4
f 931/811/8 929/813/8 949/813/8 951/811/8
f 936/799/2 938/713/2 958/713/2 956/799/2
f 923/817/8 921/819/8 941/819/8 943/817/8
f 928/791/2 930/793/2 950/793/2 948/791/2
f 926/789/6 927/804/6 947/804/6 946/789/6
f 920/783/2 922/785/2 942/785/2 940/783/2
f 934/797/6 935/807/6 955/807/6 954/797/6
s 1
f 1008/870/186 1010/372/78 1015/371/78 1013/871/186
f 1010/13/78 1011/872/80 1014/873/80 1015/40/78
f 1011/872/80 1009/874/187 1012/875/187 1014/873/80
f 1020/876/188 1022/877/73 1019/878/73 1017/879/188
f 1022/877/73 1023/880/71 1018/881/71 1019/878/73
f 1023/880/71 1021/882/189 1016/883/189 1018/881/71
f 1036/884/190 1038/885/66 1035/886/66 1033/887/190
f 1038/885/66 1039/888/64 1034/889/64 1035/886/66
f 1039/888/64 1037/890/191 1032/891/191 1034/889/64
f 1028/892/192 1030/893/57 1027/894/57 1025/895/192
f 1030/893/57 1031/896/59 1026/897/59 1027/894/57
f 1031/896/59 1029/898/193 1024/899/193 1026/897/59
f 1016/900/8 1009/901/8 1011/902/8 1010/903/8 1008/904/8 1025/895/8 1027/894/8 1026/897/8 1024/899/8 1033/887/8 1035/886/8 1034/889/8 1032/891/8 1017/905/8 1019/906/8 1018/907/8
f 1009/874/187 1016/883/189 1021/882/189 1012/875/187
f 1025/895/192 1008/870/186 1013/871/186 1028/892/192
f 1036/884/2 1029/898/2 1031/896/2 1030/893/2 1028/892/2 1013/908/2 1015/909/2 1014/910/2 1012/911/2 1021/912/2 1023/913/2 1022/914/2 1020/915/2 1037/890/2 1039/888/2 1038/885/2
f 1017/879/188 1032/891/191 1037/890/191 1020/876/188
f 1033/887/190 1024/899/193 1029/898/193 1036/884/190
f 1042/628/8 1040/629/8 1044/612/8 1046/613/8
f 1060/870/186 1062/372/77 1067/371/77 1065/871/186
f 1062/13/79 1063/872/80 1066/873/80 1067/40/79
f 1063/872/80 1061/874/187 1064/875/187 1066/873/80
f 1072/876/188 1074/877/74 1071/878/74 1069/879/188
f 1074/877/72 1075/880/71 1070/881/71 1071/878/72
f 1075/880/71 1073/882/189 1068/883/189 1070/881/71
f 1088/884/190 1090/885/67 1087/886/67 1085/887/190
f 1090/885/65 1091/888/64 1086/889/64 1087/886/65
f 1091/888/64 1089/890/191 1084/891/191 1086/889/64
f 1080/892/192 1082/893/57 1079/894/57 1077/895/192
f 1082/893/57 1083/896/58 1078/897/58 1079/894/57
f 1083/896/60 1081/898/193 1076/899/193 1078/897/60
f 1068/900/8 1061/901/8 1063/902/8 1062/903/8 1060/904/8 1077/895/8 1079/894/8 1078/897/8 1076/899/8 1085/887/8 1087/886/8 1086/889/8 1084/891/8 1069/905/8 1071/906/8 1070/907/8
f 1061/874/187 1068/883/189 1073/882/189 1064/875/187
f 1077/895/192 1060/870/186 1065/871/186 1080/892/192
f 1088/884/2 1081/898/2 1083/896/2 1082/893/2 1080/892/2 1065/908/2 1067/909/2 1066/910/2 1064/911/2 1073/912/2 1075/913/2 1074/914/2 1072/915/2 1089/890/2 1091/888/2 1090/885/2
f 1069/879/188 1084/891/191 1089/890/191 1072/876/188
f 1085/887/190 1076/899/193 1081/898/193 1088/884/190
f 1094/628/8 1092/629/8 1096/612/8 1098/613/8
f 1112/870/186 1114/372/77 1119/371/77 1117/871/186
f 1114/13/79 1115/872/80 1118/873/80 1119/40/79
f 1115/872/80 1113/874/187 1116/875/187 1118/873/80
f 1124/876/188 1126/877/74 1123/878/74 1121/879/188
f 1126/877/72 1127/880/71 1122/881/71 1123/878/72
f 1127/880/71 1125/882/189 1120/883/189 1122/881/71
f 1140/884/190 1142/885/66 1139/886/66 1137/887/190
f 1142/885/66 1143/888/65 1138/889/65 1139/886/66
f 1143/888/63 1141/890/191 1136/891/191 1138/889/63
f 1132/892/192 1134/893/56 1131/894/56 1129/895/192
f 1134/893/58 1135/896/59 1130/897/59 1131/894/58
f 1135/896/59 1133/898/193 1128/899/193 1130/897/59
f 1120/900/8 1113/901/8 1115/902/8 1114/903/8 1112/904/8 1129/895/8 1131/894/8 1130/897/8 1128/899/8 1137/887/8 1139/886/8 1138/889/8 1136/891/8 1121/905/8 1123/906/8 1122/907/8
f 1113/874/187 1120/883/189 1125/882/189 1116/875/187
f 1129/895/192 1112/870/186 1117/871/186 1132/892/192
f 1140/884/2 1133/898/2 1135/896/2 1134/893/2 1132/892/2 1117/908/2 1119/909/2 1118/910/2 1116/911/2 1125/912/2 1127/913/2 1126/914/2 1124/915/2 1141/890/2 1143/888/2 1142/885/2
f 1121/879/188 1136/891/191 1141/890/191 1124/876/188
f 1137/887/190 1128/899/193 1133/898/193 1140/884/190
f 1146/628/8 1144/629/8 1148/612/8 1150/613/8
f 1164/870/186 1166/372/77 1171/371/77 1169/871/186
f 1166/13/79 1167/872/80 1170/873/80 1171/40/79
f 1167/872/80 1165/874/206 1168/875/206 1170/873/80
f 1176/876/188 1178/877/74 1175/878/74 1173/879/188
f 1178/877/72 1179/880/71 1174/881/71 1175/878/72
f 1179/880/71 1177/882/207 1172/883/207 1174/881/71
f 1192/884/190 1194/885/66 1191/886/66 1189/887/190
f 1194/885/66 1195/888/65 1190/889/65 1191/886/66
f 1195/888/63 1193/890/191 1188/891/191 1190/889/63
f 1184/892/192 1186/893/56 1183/894/56 1181/895/192
f 1186/893/58 1187/896/59 1182/897/59 1183/894/58
f 1187/896/59 1185/898/193 1180/899/193 1182/897/59
f 1172/900/8 1165/901/8 1167/902/8 1166/903/8 1164/904/8 1181/895/8 1183/894/8 1182/897/8 1180/899/8 1189/887/8 1191/886/8 1190/889/8 1188/891/8 1173/905/8 1175/906/8 1174/907/8
f 1165/874/206 1172/883/207 1177/882/207 1168/875/206
f 1181/895/192 1164/870/186 1169/871/186 1184/892/192
f 1192/884/2 1185/898/2 1187/896/2 1186/893/2 1184/892/2 1169/908/2 1171/909/2 1170/910/2 1168/911/2 1177/912/2 1179/913/2 1178/914/2 1176/915/2 1193/890/2 1195/888/2 1194/885/2
f 1173/879/188 1188/891/191 1193/890/191 1176/876/188
f 1189/887/190 1180/899/193 1185/898/193 1192/884/190
f 1198/628/8 1196/629/8 1200/612/8 1202/613/8
f 1216/870/186 1218/372/78 1223/371/78 1221/871/186
f 1218/13/78 1219/872/79 1222/873/79 1223/40/78
f 1219/872/81 1217/874/187 1220/875/187 1222/873/81
f 1228/876/188 1230/877/74 1227/878/74 1225/879/188
f 1230/877/72 1231/880/71 1226/881/71 1227/878/72
f 1231/880/71 1229/882/189 1224/883/189 1226/881/71
f 1244/884/190 1246/885/66 1243/886/66 1241/887/190
f 1246/885/66 1247/888/65 1242/889/65 1243/886/66
f 1247/888/63 1245/890/191 1240/891/191 1242/889/63
f 1236/892/192 1238/893/57 1235/894/57 1233/895/192
f 1238/893/57 1239/896/58 1234/897/58 1235/894/57
f 1239/896/60 1237/898/193 1232/899/193 1234/897/60
f 1224/900/8 1217/901/8 1219/902/8 1218/903/8 1216/904/8 1233/895/8 1235/894/8 1234/897/8 1232/899/8 1241/887/8 1243/886/8 1242/889/8 1240/891/8 1225/905/8 1227/906/8 1226/907/8
f 1217/874/187 1224/883/189 1229/882/189 1220/875/187
f 1233/895/192 1216/870/186 1221/871/186 1236/892/192
f 1244/884/2 1237/898/2 1239/896/2 1238/893/2 1236/892/2 1221/908/2 1223/909/2 1222/910/2 1220/911/2 1229/912/2 1231/913/2 1230/914/2 1228/915/2 1245/890/2 1247/888/2 1246/885/2
f 1225/879/188 1240/891/191 1245/890/191 1228/876/188
f 1241/887/190 1232/899/193 1237/898/193 1244/884/190
f 1250/628/8 1248/629/8 1252/612/8 1254/613/8
f 1268/870/186 1270/372/77 1275/371/77 1273/871/186
f 1270/13/79 1271/872/79 1274/873/79 1275/40/79
f 1271/872/81 1269/874/187 1272/875/187 1274/873/81
f 1280/876/188 1282/877/74 1279/878/74 1277/879/188
f 1282/877/72 1283/880/71 1278/881/71 1279/878/72
f 1283/880/71 1281/882/189 1276/883/189 1278/881/71
f 1296/884/190 1298/885/67 1295/886/67 1293/887/190
f 1298/885/65 1299/888/65 1294/889/65 1295/886/65
f 1299/888/63 1297/890/191 1292/891/191 1294/889/63
f 1288/892/192 1290/893/57 1287/894/57 1285/895/192
f 1290/893/57 1291/896/58 1286/897/58 1287/894/57
f 1291/896/60 1289/898/193 1284/899/193 1286/897/60
f 1276/900/8 1269/901/8 1271/902/8 1270/903/8 1268/904/8 1285/895/8 1287/894/8 1286/897/8 1284/899/8 1293/887/8 1295/886/8 1294/889/8 1292/891/8 1277/905/8 1279/906/8 1278/907/8
f 1269/874/187 1276/883/189 1281/882/189 1272/875/187
f 1285/895/192 1268/870/186 1273/871/186 1288/892/192
f 1296/884/2 1289/898/2 1291/896/2 1290/893/2 1288/892/2 1273/908/2 1275/909/2 1274/910/2 1272/911/2 1281/912/2 1283/913/2 1282/914/2 1280/915/2 1297/890/2 1299/888/2 1298/885/2
f 1277/879/188 1292/891/191 1297/890/191 1280/876/188
f 1293/887/190 1284/899/193 1289/898/193 1296/884/190
f 1302/628/8 1300/629/8 1304/612/8 1306/613/8
f 1320/870/186 1322/372/77 1327/371/77 1325/871/186
f 1322/13/79 1323/872/80 1326/873/80 1327/40/79
f 1323/872/80 1321/874/187 1324/875/187 1326/873/80
f 1332/876/188 1334/877/74 1331/878/74 1329/879/188
f 1334/877/72 1335/880/71 1330/881/71 1331/878/72
f 1335/880/71 1333/882/189 1328/883/189 1330/881/71
f 1348/884/190 1350/885/66 1347/886/66 1345/887/190
f 1350/885/66 1351/888/65 1346/889/65 1347/886/66
f 1351/888/63 1349/890/191 1344/891/191 1346/889/63
f 1340/892/192 1342/893/56 1339/894/56 1337/895/192
f 1342/893/58 1343/896/59 1338/897/59 1339/894/58
f 1343/896/59 1341/898/193 1336/899/193 1338/897/59
f 1328/900/8 1321/901/8 1323/902/8 1322/903/8 1320/904/8 1337/895/8 1339/894/8 1338/897/8 1336/899/8 1345/887/8 1347/886/8 1346/889/8 1344/891/8 1329/905/8 1331/906/8 1330/907/8
f 1321/874/187 1328/883/189 1333/882/189 1324/875/187
f 1337/895/192 1320/870/186 1325/871/186 1340/892/192
f 1348/884/2 1341/898/2 1343/896/2 1342/893/2 1340/892/2 1325/908/2 1327/909/2 1326/910/2 1324/911/2 1333/912/2 1335/913/2 1334/914/2 1332/915/2 1349/890/2 1351/888/2 1350/885/2
f 1329/879/188 1344/891/191 1349/890/191 1332/876/188
f 1345/887/190 1336/899/193 1341/898/193 1348/884/190
f 1354/628/8 1352/629/8 1356/612/8 1358/613/8
f 1372/870/186 1374/372/77 1379/371/77 1377/871/186
f 1374/13/79 1375/872/80 1378/873/80 1379/40/79
f 1375/872/80 1373/874/187 1376/875/187 1378/873/80
f 1384/876/188 1386/877/74 1383/878/74 1381/879/188
f 1386/877/72 1387/880/71 1382/881/71 1383/878/72
f 1387/880/71 1385/882/189 1380/883/189 1382/881/71
f 1400/884/190 1402/885/66 1399/886/66 1397/887/190
f 1402/885/66 1403/888/65 1398/889/65 1399/886/66
f 1403/888/63 1401/890/191 1396/891/191 1398/889/63
f 1392/892/192 1394/893/56 1391/894/56 1389/895/192
f 1394/893/58 1395/896/59 1390/897/59 1391/894/58
f 1395/896/59 1393/898/193 1388/899/193 1390/897/59
f 1380/900/8 1373/901/8 1375/902/8 1374/903/8 1372/904/8 1389/895/8 1391/894/8 1390/897/8 1388/899/8 1397/887/8 1399/886/8 1398/889/8 1396/891/8 1381/905/8 1383/906/8 1382/907/8
f 1373/874/187 1380/883/189 1385/882/189 1376/875/187
f 1389/895/192 1372/870/186 1377/871/186 1392/892/192
f 1400/884/2 1393/898/2 1395/896/2 1394/893/2 1392/892/2 1377/908/2 1379/909/2 1378/910/2 1376/911/2 1385/912/2 1387/913/2 1386/914/2 1384/915/2 1401/890/2 1403/888/2 1402/885/2
f 1381/879/188 1396/891/191 1401/890/191 1384/876/188
f 1397/887/190 1388/899/193 1393/898/193 1400/884/190
f 1406/628/8 1404/629/8 1408/612/8 1410/613/8
f 1632/870/192 1637/871/192 1639/371/57 1634/372/57
f 1634/13/57 1639/40/57 1638/873/59 1635/872/59
f 1635/872/59 1638/873/59 1636/875/193 1633/874/193
f 1644/876/191 1641/879/191 1643/878/64 1646/877/64
f 1646/877/64 1643/878/64 1642/881/66 1647/880/66
f 1647/880/66 1642/881/66 1640/883/190 1645/882/190
f 1660/884/189 1657/887/189 1659/886/71 1662/885/71
f 1662/885/71 1659/886/71 1658/889/73 1663/888/73
f 1663/888/73 1658/889/73 1656/891/188 1661/890/188
f 1652/892/186 1649/895/186 1651/894/78 1654/893/78
f 1654/893/78 1651/894/78 1650/897/80 1655/896/80
f 1655/896/80 1650/897/80 1648/899/187 1653/898/187
f 1640/900/8 1642/907/8 1643/906/8 1641/905/8 1656/891/8 1658/889/8 1659/886/8 1657/887/8 1648/899/8 1650/897/8 1651/894/8 1649/895/8 1632/904/8 1634/903/8 1635/902/8 1633/901/8
f 1633/874/193 1636/875/193 1645/882/190 1640/883/190
f 1649/895/186 1652/892/186 1637/871/192 1632/870/192
f 1660/884/2 1662/885/2 1663/888/2 1661/890/2 1644/915/2 1646/914/2 1647/913/2 1645/912/2 1636/911/2 1638/910/2 1639/909/2 1637/908/2 1652/892/2 1654/893/2 1655/896/2 1653/898/2
f 1641/879/191 1644/876/191 1661/890/188 1656/891/188
f 1657/887/189 1660/884/189 1653/898/187 1648/899/187
f 1666/628/8 1670/613/8 1668/612/8 1664/629/8
f 1684/870/192 1689/871/192 1691/371/56 1686/372/56
f 1686/13/58 1691/40/58 1690/873/59 1687/872/59
f 1687/872/59 1690/873/59 1688/875/193 1685/874/193
f 1696/876/191 1693/879/191 1695/878/63 1698/877/63
f 1698/877/65 1695/878/65 1694/881/66 1699/880/66
f 1699/880/66 1694/881/66 1692/883/190 1697/882/190
f 1712/884/189 1709/887/189 1711/886/70 1714/885/70
f 1714/885/72 1711/886/72 1710/889/73 1715/888/73
f 1715/888/73 1710/889/73 1708/891/188 1713/890/188
f 1704/892/186 1701/895/186 1703/894/78 1706/893/78
f 1706/893/78 1703/894/78 1702/897/79 1707/896/79
f 1707/896/81 1702/897/81 1700/899/187 1705/898/187
f 1692/900/8 1694/907/8 1695/906/8 1693/905/8 1708/891/8 1710/889/8 1711/886/8 1709/887/8 1700/899/8 1702/897/8 1703/894/8 1701/895/8 1684/904/8 1686/903/8 1687/902/8 1685/901/8
f 1685/874/193 1688/875/193 1697/882/190 1692/883/190
f 1701/895/186 1704/892/186 1689/871/192 1684/870/192
f 1712/884/2 1714/885/2 1715/888/2 1713/890/2 1696/915/2 1698/914/2 1699/913/2 1697/912/2 1688/911/2 1690/910/2 1691/909/2 1689/908/2 1704/892/2 1706/893/2 1707/896/2 1705/898/2
f 1693/879/191 1696/876/191 1713/890/188 1708/891/188
f 1709/887/189 1712/884/189 1705/898/187 1700/899/187
f 1718/628/8 1722/613/8 1720/612/8 1716/629/8
f 1736/870/192 1741/871/192 1743/371/56 1738/372/56
f 1738/13/58 1743/40/58 1742/873/59 1739/872/59
f 1739/872/59 1742/873/59 1740/875/193 1737/874/193
f 1748/876/191 1745/879/191 1747/878/63 1750/877/63
f 1750/877/65 1747/878/65 1746/881/66 1751/880/66
f 1751/880/66 1746/881/66 1744/883/190 1749/882/190
f 1764/884/189 1761/887/189 1763/886/71 1766/885/71
f 1766/885/71 1763/886/71 1762/889/72 1767/888/72
f 1767/888/74 1762/889/74 1760/891/188 1765/890/188
f 1756/892/186 1753/895/186 1755/894/77 1758/893/77
f 1758/893/79 1755/894/79 1754/897/80 1759/896/80
f 1759/896/80 1754/897/80 1752/899/187 1757/898/187
f 1744/900/8 1746/907/8 1747/906/8 1745/905/8 1760/891/8 1762/889/8 1763/886/8 1761/887/8 1752/899/8 1754/897/8 1755/894/8 1753/895/8 1736/904/8 1738/903/8 1739/902/8 1737/901/8
f 1737/874/193 1740/875/193 1749/882/190 1744/883/190
f 1753/895/186 1756/892/186 1741/871/192 1736/870/192
f 1764/884/2 1766/885/2 1767/888/2 1765/890/2 1748/915/2 1750/914/2 1751/913/2 1749/912/2 1740/911/2 1742/910/2 1743/909/2 1741/908/2 1756/892/2 1758/893/2 1759/896/2 1757/898/2
f 1745/879/191 1748/876/191 1765/890/188 1760/891/188
f 1761/887/189 1764/884/189 1757/898/187 1752/899/187
f 1770/628/8 1774/613/8 1772/612/8 1768/629/8
f 1788/870/192 1793/871/192 1795/371/56 1790/372/56
f 1790/13/58 1795/40/58 1794/873/59 1791/872/59
f 1791/872/59 1794/873/59 1792/875/193 1789/874/193
f 1800/876/191 1797/879/191 1799/878/63 1802/877/63
f 1802/877/65 1799/878/65 1798/881/66 1803/880/66
f 1803/880/66 1798/881/66 1796/883/190 1801/882/190
f 1816/884/189 1813/887/189 1815/886/71 1818/885/71
f 1818/885/71 1815/886/71 1814/889/72 1819/888/72
f 1819/888/74 1814/889/74 1812/891/188 1817/890/188
f 1808/892/186 1805/895/186 1807/894/77 1810/893/77
f 1810/893/79 1807/894/79 1806/897/80 1811/896/80
f 1811/896/80 1806/897/80 1804/899/187 1809/898/187
f 1796/900/8 1798/907/8 1799/906/8 1797/905/8 1812/891/8 1814/889/8 1815/886/8 1813/887/8 1804/899/8 1806/897/8 1807/894/8 1805/895/8 1788/904/8 1790/903/8 1791/902/8 1789/901/8
f 1789/874/193 1792/875/193 1801/882/190 1796/883/190
f 1805/895/186 1808/892/186 1793/871/192 1788/870/192
f 1816/884/2 1818/885/2 1819/888/2 1817/890/2 1800/915/2 1802/914/2 1803/913/2 1801/912/2 1792/911/2 1794/910/2 1795/909/2 1793/908/2 1808/892/2 1810/893/2 1811/896/2 1809/898/2
f 1797/879/191 1800/876/191 1817/890/188 1812/891/188
f 1813/887/189 1816/884/189 1809/898/187 1804/899/187
f 1822/628/8 1826/613/8 1824/612/8 1820/629/8
f 1840/870/192 1845/871/192 1847/371/57 1842/372/57
f 1842/13/57 1847/40/57 1846/873/58 1843/872/58
f 1843/872/60 1846/873/60 1844/875/193 1841/874/193
f 1852/876/191 1849/879/191 1851/878/63 1854/877/63
f 1854/877/65 1851/878/65 1850/881/66 1855/880/66
f 1855/880/66 1850/881/66 1848/883/190 1853/882/190
f 1868/884/189 1865/887/189 1867/886/71 1870/885/71
f 1870/885/71 1867/886/71 1866/889/72 1871/888/72
f 1871/888/74 1866/889/74 1864/891/188 1869/890/188
f 1860/892/186 1857/895/186 1859/894/78 1862/893/78
f 1862/893/78 1859/894/78 1858/897/79 1863/896/79
f 1863/896/81 1858/897/81 1856/899/187 1861/898/187
f 1848/900/8 1850/907/8 1851/906/8 1849/905/8 1864/891/8 1866/889/8 1867/886/8 1865/887/8 1856/899/8 1858/897/8 1859/894/8 1857/895/8 1840/904/8 1842/903/8 1843/902/8 1841/901/8
f 1841/874/193 1844/875/193 1853/882/190 1848/883/190
f 1857/895/186 1860/892/186 1845/871/192 1840/870/192
f 1868/884/2 1870/885/2 1871/888/2 1869/890/2 1852/915/2 1854/914/2 1855/913/2 1853/912/2 1844/911/2 1846/910/2 1847/909/2 1845/908/2 1860/892/2 1862/893/2 1863/896/2 1861/898/2
f 1849/879/191 1852/876/191 1869/890/188 1864/891/188
f 1865/887/189 1868/884/189 1861/898/187 1856/899/187
f 1874/628/8 1878/613/8 1876/612/8 1872/629/8
f 1892/870/192 1897/871/192 1899/371/56 1894/372/56
f 1894/13/58 1899/40/58 1898/873/58 1895/872/58
f 1895/872/60 1898/873/60 1896/875/193 1893/874/193
f 1904/876/191 1901/879/191 1903/878/63 1906/877/63
f 1906/877/65 1903/878/65 1902/881/66 1907/880/66
f 1907/880/66 1902/881/66 1900/883/190 1905/882/190
f 1920/884/189 1917/887/189 1919/886/70 1922/885/70
f 1922/885/72 1919/886/72 1918/889/72 1923/888/72
f 1923/888/74 1918/889/74 1916/891/188 1921/890/188
f 1912/892/186 1909/895/186 1911/894/78 1914/893/78
f 1914/893/78 1911/894/78 1910/897/79 1915/896/79
f 1915/896/81 1910/897/81 1908/899/187 1913/898/187
f 1900/900/8 1902/907/8 1903/906/8 1901/905/8 1916/891/8 1918/889/8 1919/886/8 1917/887/8 1908/899/8 1910/897/8 1911/894/8 1909/895/8 1892/904/8 1894/903/8 1895/902/8 1893/901/8
f 1893/874/193 1896/875/193 1905/882/190 1900/883/190
f 1909/895/186 1912/892/186 1897/871/192 1892/870/192
f 1920/884/2 1922/885/2 1923/888/2 1921/890/2 1904/915/2 1906/914/2 1907/913/2 1905/912/2 1896/911/2 1898/910/2 1899/909/2 1897/908/2 1912/892/2 1914/893/2 1915/896/2 1913/898/2
f 1901/879/191 1904/876/191 1921/890/188 1916/891/188
f 1917/887/189 1920/884/189 1913/898/187 1908/899/187
f 1926/628/8 1930/613/8 1928/612/8 1924/629/8
f 1944/870/192 1949/871/192 1951/371/56 1946/372/56
f 1946/13/58 1951/40/58 1950/873/59 1947/872/59
f 1947/872/59 1950/873/59 1948/875/193 1945/874/193
f 1956/876/191 1953/879/191 1955/878/63 1958/877/63
f 1958/877/65 1955/878/65 1954/881/66 1959/880/66
f 1959/880/66 1954/881/66 1952/883/190 1957/882/190
f 1972/884/189 1969/887/189 1971/886/71 1974/885/71
f 1974/885/71 1971/886/71 1970/889/72 1975/888/72
f 1975/888/74 1970/889/74 1968/891/188 1973/890/188
f 1964/892/186 1961/895/186 1963/894/77 1966/893/77
f 1966/893/79 1963/894/79 1962/897/80 1967/896/80
f 1967/896/80 1962/897/80 1960/899/187 1965/898/187
f 1952/900/8 1954/907/8 1955/906/8 1953/905/8 1968/891/8 1970/889/8 1971/886/8 1969/887/8 1960/899/8 1962/897/8 1963/894/8 1961/895/8 1944/904/8 1946/903/8 1947/902/8 1945/901/8
f 1945/874/193 1948/875/193 1957/882/190 1952/883/190
f 1961/895/186 1964/892/186 1949/871/192 1944/870/192
f 1972/884/2 1974/885/2 1975/888/2 1973/890/2 1956/915/2 1958/914/2 1959/913/2 1957/912/2 1948/911/2 1950/910/2 1951/909/2 1949/908/2 1964/892/2 1966/893/2 1967/896/2 1965/898/2
f 1953/879/191 1956/876/191 1973/890/188 1968/891/188
f 1969/887/189 1972/884/189 1965/898/187 1960/899/187
f 1978/628/8 1982/613/8 1980/612/8 1976/629/8
f 1996/870/192 2001/871/192 2003/371/56 1998/372/56
f 1998/13/58 2003/40/58 2002/873/59 1999/872/59
f 1999/872/59 2002/873/59 2000/875/193 1997/874/193
f 2008/876/191 2005/879/191 2007/878/63 2010/877/63
f 2010/877/65 2007/878/65 2006/881/66 2011/880/66
f 2011/880/66 2006/881/66 2004/883/190 2009/882/190
f 2024/884/189 2021/887/189 2023/886/71 2026/885/71
f 2026/885/71 2023/886/71 2022/889/72 2027/888/72
f 2027/888/74 2022/889/74 2020/891/188 2025/890/188
f 2016/892/186 2013/895/186 2015/894/77 2018/893/77
f 2018/893/79 2015/894/79 2014/897/80 2019/896/80
f 2019/896/80 2014/897/80 2012/899/187 2017/898/187
f 2004/900/8 2006/907/8 2007/906/8 2005/905/8 2020/891/8 2022/889/8 2023/886/8 2021/887/8 2012/899/8 2014/897/8 2015/894/8 2013/895/8 1996/904/8 1998/903/8 1999/902/8 1997/901/8
f 1997/874/193 2000/875/193 2009/882/190 2004/883/190
f 2013/895/186 2016/892/186 2001/871/192 1996/870/192
f 2024/884/2 2026/885/2 2027/888/2 2025/890/2 2008/915/2 2010/914/2 2011/913/2 2009/912/2 2000/911/2 2002/910/2 2003/909/2 2001/908/2 2016/892/2 2018/893/2 2019/896/2 2017/898/2
f 2005/879/191 2008/876/191 2025/890/188 2020/891/188
f 2021/887/189 2024/884/189 2017/898/187 2012/899/187
f 2030/628/8 2034/613/8 2032/612/8 2028/629/8
f 2191/1061/260 2190/1064/260 2194/1064/260 2195/1061/260
f 2193/1059/261 2192/1063/261 2196/1063/261 2197/1059/261
f 2196/1063/2 2195/1065/2 2194/1062/2 2197/1059/2
f 2255/1061/260 2254/1064/260 2258/1064/260 2259/1061/260
f 2257/1059/261 2256/1063/261 2260/1063/261 2261/1059/261
f 2260/1063/2 2259/1065/2 2258/1062/2 2261/1059/2
s 0
f 2583/13/4 2584/40/4 2586/386/4 2585/619/4
f 2585/619/5 2586/386/5 2590/715/5 2589/613/5
f 2589/613/6 2590/715/6 2588/717/6 2587/612/6
f 2587/612/7 2588/717/7 2584/371/7 2583/372/7
f 2585/628/8 2589/613/8 2587/612/8 2583/629/8
f 2590/715/2 2586/725/2 2584/726/2 2588/717/2
f 3010/84/2 3011/85/2 3013/157/2 3012/158/2
usemtl Material
f 992/845/4 976/40/4 977/386/4 993/846/4
f 999/847/5 978/848/5 979/715/5 994/849/5
f 994/849/6 979/715/6 980/717/6 995/850/6
f 997/851/7 981/852/7 976/371/7 992/853/7
f 968/610/8 966/613/8 964/612/8 973/611/8
f 970/854/7 963/855/7 985/855/7 990/854/7
f 971/856/6 974/857/6 991/857/6 986/856/6
f 978/858/2 982/859/2 981/860/2 983/861/2
f 962/628/8 969/631/8 972/630/8 960/629/8
f 969/631/8 968/610/8 973/611/8 972/630/8
f 995/850/7 980/717/7 983/862/7 996/863/7
f 996/863/7 983/862/7 981/852/7 997/851/7
f 993/846/5 977/386/5 982/864/5 998/865/5
f 998/865/5 982/864/5 978/848/5 999/847/5
f 961/866/2 963/855/2 977/725/2 976/726/2
f 971/856/2 967/867/2 979/715/2 978/858/2
f 967/867/2 965/868/2 980/717/2 979/715/2
f 975/869/2 961/866/2 976/726/2 981/860/2
f 963/855/2 970/854/2 982/859/2 977/725/2
f 965/868/2 974/857/2 983/861/2 980/717/2
f 974/857/2 971/856/2 978/858/2 983/861/2
f 970/854/2 975/869/2 981/860/2 982/859/2
f 990/854/2 985/855/2 984/866/2 989/869/2
f 987/867/2 986/856/2 991/857/2 988/868/2
f 965/868/4 967/867/4 987/867/4 988/868/4
f 963/855/6 961/866/6 984/866/6 985/855/6
f 975/869/4 970/854/4 990/854/4 989/869/4
f 974/857/5 965/868/5 988/868/5 991/857/5
f 961/866/5 975/869/5 989/869/5 984/866/5
f 967/867/7 971/856/7 986/856/7 987/867/7
f 969/621/5 998/865/5 999/847/5 968/617/5
f 962/619/5 993/846/5 998/865/5 969/621/5
f 960/629/8 972/630/8 1004/630/8 1003/629/8
f 992/845/4 960/13/4 1003/13/4 1007/845/4
f 995/850/2 996/863/2 1005/863/2 1000/850/2
f 966/613/6 994/849/6 995/850/6 964/612/6
f 968/617/5 999/847/5 994/849/5 966/613/5
f 960/13/4 992/845/4 993/846/4 962/619/4
f 1002/624/7 1005/863/7 1006/851/7 1004/625/7
f 1001/612/7 1000/850/7 1005/863/7 1002/624/7
f 1004/625/7 1006/851/7 1007/853/7 1003/372/7
f 973/611/8 964/612/8 1001/612/8 1002/611/8
f 997/851/2 992/853/2 1007/853/2 1006/851/2
f 972/630/8 973/611/8 1002/611/8 1004/630/8
f 996/863/2 997/851/2 1006/851/2 1005/863/2
f 964/612/6 995/850/6 1000/850/6 1001/612/6
s 1
f 2076/964/6 2079/965/6 2069/717/6 2068/612/6
f 2073/966/8 2076/964/8 2068/612/8 2064/629/8
f 2081/974/235 2086/975/236 2088/976/237 2085/977/238
f 2085/977/238 2088/976/237 2089/978/239 2084/979/239
f 2084/979/239 2089/978/239 2090/980/240 2083/981/240
f 2083/982/240 2090/983/240 2091/984/241 2082/985/241
f 2082/985/241 2091/984/241 2087/986/242 2080/987/242
f 2093/988/243 2098/989/244 2100/990/245 2097/991/246
f 2097/991/246 2100/990/245 2101/992/247 2096/993/247
f 2096/993/247 2101/992/247 2102/994/248 2095/995/249
f 2095/995/249 2102/994/248 2103/996/250 2094/997/250
f 2094/997/250 2103/996/250 2099/998/251 2092/969/251
f 2086/975/236 2093/988/243 2097/991/246 2088/976/237
f 2088/976/237 2097/991/246 2096/993/252 2089/978/252
f 2089/978/252 2096/993/252 2095/995/253 2090/980/253
f 2090/980/253 2095/995/253 2094/997/254 2091/999/254
f 2091/999/254 2094/997/254 2092/969/255 2087/968/255
f 2080/967/256 2099/998/256 2103/996/257 2082/1000/257
f 2082/1000/257 2103/996/257 2102/994/258 2083/981/258
f 2083/981/258 2102/994/258 2101/992/259 2084/979/259
f 2084/979/259 2101/992/259 2100/990/245 2085/977/238
f 2085/977/238 2100/990/245 2098/989/244 2081/974/235
f 2104/1001/4 2105/1002/4 2080/987/242 2087/986/242
f 2093/988/243 2086/975/236 2081/974/235 2098/989/244
f 2105/967/7 2106/965/7 2099/998/256 2080/967/256
f 2107/969/5 2104/968/5 2087/968/255 2092/969/255
f 2106/965/6 2107/969/6 2092/969/251 2099/998/251
s 0
usemtl 
f 2870/84/2 2871/84/2 2873/84/2 2872/84/2
f 2872/84/2 2873/84/2 2875/84/2 2874/84/2
f 2874/84/2 2875/84/2 2877/84/2 2876/84/2
f 2876/84/2 2877/84/2 2879/84/2 2878/84/2
f 2878/84/2 2879/84/2 2881/84/2 2880/84/2
f 2880/84/2 2881/84/2 2883/84/2 2882/84/2
f 2882/84/2 2883/84/2 2885/84/2 2884/84/2
f 2884/84/2 2885/84/2 2887/84/2 2886/84/2
f 2886/84/2 2887/84/2 2889/84/2 2888/84/2
f 2888/84/2 2889/84/2 2891/84/2 2890/84/2
f 2890/84/2 2891/84/2 2893/84/2 2892/84/2
f 2892/84/2 2893/84/2 2895/84/2 2894/84/2
f 2894/84/2 2895/84/2 2897/84/2 2896/84/2
f 2896/84/2 2897/84/2 2899/84/2 2898/84/2
f 2898/84/2 2899/84/2 2901/84/2 2900/84/2
f 2900/84/2 2901/84/2 2903/84/2 2902/84/2
f 2902/84/2 2903/84/2 2905/84/2 2904/84/2
f 2904/84/2 2905/84/2 2907/84/2 2906/84/2
f 2906/84/2 2907/84/2 2909/84/2 2908/84/2
f 2908/84/2 2909/84/2 2911/84/2 2910/84/2
f 2910/84/2 2911/84/2 2913/84/2 2912/84/2
f 2912/84/2 2913/84/2 2915/84/2 2914/84/2
f 2914/84/2 2915/84/2 2917/84/2 2916/84/2
f 2916/84/2 2917/84/2 2919/84/2 2918/84/2
f 2918/84/2 2919/84/2 2921/84/2 2920/84/2
f 2920/84/2 2921/84/2 2923/84/2 2922/84/2
f 2922/84/2 2923/84/2 2925/84/2 2924/84/2
f 2924/84/2 2925/84/2 2927/84/2 2926/84/2
f 2926/84/2 2927/84/2 2929/84/2 2928/84/2
f 2928/84/2 2929/84/2 2931/84/2 2930/84/2
f 2930/84/2 2931/84/2 2933/84/2 2932/84/2
f 2932/84/2 2933/84/2 2871/84/2 2870/84/2
usemtl Material.008
f 2934/84/293 2936/158/293 2937/157/293 2935/85/293
f 2939/84/294 2940/85/294 2941/157/294 2938/158/294
f 2937/157/295 2936/158/295 2938/158/295 2941/157/295
f 2934/84/296 2935/85/296 2940/85/296 2939/84/296
f 2935/85/297 2937/157/297 2941/157/297 2940/85/297
f 2936/158/298 2934/84/298 2939/84/298 2938/158/298
s 1
f 3029/292/8 3030/1385/8 3031/1386/8 3032/1387/8 3033/1388/8 3034/1389/8 3035/1390/8 3036/1391/8 3037/677/8 3038/1392/8 3039/1393/8 3040/1394/8 3041/1395/8 3042/1396/8 3043/1397/8 3044/1398/8 3045/681/8 3046/1399/8 3047/1400/8 3048/1401/8 3049/1402/8 3050/1403/8 3051/1404/8 3052/1405/8 3053/686/8 3054/1406/8 3055/1407/8 3056/1408/8 3057/1409/8 3058/1410/8 3059/1411/8 3060/1412/8
f 3066/1413/300 3062/1414/301 3064/1415/302 3068/1416/303
f 3068/1417/303 3064/1418/302 3063/1419/304 3067/1420/305
f 3067/1420/305 3063/1419/304 3061/1421/306 3065/1422/307
f 3070/1423/308 3066/1413/300 3068/1416/303 3072/1424/309
f 3072/1425/309 3068/1417/303 3067/1420/305 3071/1426/310
f 3071/1426/310 3067/1420/305 3065/1422/307 3069/1427/311
f 3074/1428/312 3070/1423/308 3072/1424/309 3076/1429/313
f 3076/1430/313 3072/1425/309 3071/1426/310 3075/1431/314
f 3075/1431/314 3071/1426/310 3069/1427/311 3073/1432/315
f 3078/1433/316 3074/1428/312 3076/1429/313 3080/1434/317
f 3080/1435/317 3076/1430/313 3075/1431/314 3079/1436/318
f 3079/1436/318 3075/1431/314 3073/1432/315 3077/1437/319
f 3082/1438/320 3078/1433/316 3080/1434/317 3084/1439/321
f 3084/1440/321 3080/1435/317 3079/1436/318 3083/1441/322
f 3083/1441/322 3079/1436/318 3077/1437/319 3081/1442/323
f 3086/1443/324 3082/1438/320 3084/1439/321 3088/1444/325
f 3088/1445/325 3084/1440/321 3083/1441/322 3087/1446/326
f 3087/1446/326 3083/1441/322 3081/1442/323 3085/1447/327
f 3090/1448/328 3086/1443/324 3088/1444/325 3092/1449/329
f 3092/1450/329 3088/1445/325 3087/1446/326 3091/1451/330
f 3091/1451/330 3087/1446/326 3085/1447/327 3089/1452/331
f 3094/1453/332 3090/1448/328 3092/1449/329 3096/156/333
f 3096/1454/333 3092/1450/329 3091/1451/330 3095/1455/334
f 3095/1455/334 3091/1451/330 3089/1452/331 3093/1456/335
f 3098/1457/336 3094/1453/332 3096/156/333 3100/1458/337
f 3100/1459/337 3096/1454/333 3095/1455/334 3099/1460/338
f 3099/1460/338 3095/1455/334 3093/1456/335 3097/1461/339
f 3102/1462/340 3098/1457/336 3100/1458/337 3104/1463/341
f 3104/1464/341 3100/1459/337 3099/1460/338 3103/1465/342
f 3103/1465/342 3099/1460/338 3097/1461/339 3101/1466/343
f 3106/1467/344 3102/1462/340 3104/1463/341 3108/1468/345
f 3108/1469/345 3104/1464/341 3103/1465/342 3107/1470/346
f 3107/1470/346 3103/1465/342 3101/1466/343 3105/1471/347
f 3110/1472/348 3106/1467/344 3108/1468/345 3112/1473/349
f 3112/1474/349 3108/1469/345 3107/1470/346 3111/1475/350
f 3111/1475/350 3107/1470/346 3105/1471/347 3109/1476/351
f 3114/1477/352 3110/1472/348 3112/1473/349 3116/1478/353
f 3116/1479/353 3112/1474/349 3111/1475/350 3115/1480/354
f 3115/1480/354 3111/1475/350 3109/1476/351 3113/1481/355
f 3118/1482/356 3114/1477/352 3116/1478/353 3120/1483/357
f 3120/1484/357 3116/1479/353 3115/1480/354 3119/1485/358
f 3119/1485/358 3115/1480/354 3113/1481/355 3117/1486/359
f 3122/1487/360 3118/1482/356 3120/1483/357 3124/1488/361
f 3124/1489/361 3120/1484/357 3119/1485/358 3123/1490/362
f 3123/1490/362 3119/1485/358 3117/1486/359 3121/1491/363
f 3126/1492/364 3122/1487/360 3124/1488/361 3128/175/365
f 3128/1493/365 3124/1489/361 3123/1490/362 3127/1494/366
f 3127/1494/366 3123/1490/362 3121/1491/363 3125/1495/367
f 3130/1496/368 3126/1492/364 3128/175/365 3132/1497/369
f 3132/1498/369 3128/1493/365 3127/1494/366 3131/1499/370
f 3131/1499/370 3127/1494/366 3125/1495/367 3129/1500/371
f 3134/1501/372 3130/1496/368 3132/1497/369 3136/1502/373
f 3136/1503/373 3132/1498/369 3131/1499/370 3135/1504/374
f 3135/1504/374 3131/1499/370 3129/1500/371 3133/1505/375
f 3138/1506/376 3134/1501/372 3136/1502/373 3140/1507/377
f 3140/1508/377 3136/1503/373 3135/1504/374 3139/1509/378
f 3139/1509/378 3135/1504/374 3133/1505/375 3137/1510/379
f 3142/1511/380 3138/1506/376 3140/1507/377 3144/1512/381
f 3144/1513/381 3140/1508/377 3139/1509/378 3143/1514/382
f 3143/1514/382 3139/1509/378 3137/1510/379 3141/1515/383
f 3146/1516/384 3142/1511/380 3144/1512/381 3148/1517/385
f 3148/1518/385 3144/1513/381 3143/1514/382 3147/1519/386
f 3147/1519/386 3143/1514/382 3141/1515/383 3145/1520/387
f 3150/1521/388 3146/1516/384 3148/1517/385 3152/1522/389
f 3152/1523/389 3148/1518/385 3147/1519/386 3151/1524/390
f 3151/1524/390 3147/1519/386 3145/1520/387 3149/1525/391
f 3154/1526/392 3150/1521/388 3152/1522/389 3156/1527/393
f 3156/1528/393 3152/1523/389 3151/1524/390 3155/1529/394
f 3155/1529/394 3151/1524/390 3149/1525/391 3153/1530/395
f 3158/1531/396 3154/1526/392 3156/1527/393 3160/160/397
f 3160/1532/397 3156/1528/393 3155/1529/394 3159/1533/398
f 3159/1533/398 3155/1529/394 3153/1530/395 3157/1534/399
f 3162/1535/400 3158/1531/396 3160/160/397 3164/1536/401
f 3164/1537/401 3160/1532/397 3159/1533/398 3163/1538/402
f 3163/1538/402 3159/1533/398 3157/1534/399 3161/1539/403
f 3166/1540/404 3162/1535/400 3164/1536/401 3168/1541/405
f 3168/1542/405 3164/1537/401 3163/1538/402 3167/1543/406
f 3167/1543/406 3163/1538/402 3161/1539/403 3165/1544/407
f 3170/1545/408 3166/1540/404 3168/1541/405 3172/1546/409
f 3172/1547/409 3168/1542/405 3167/1543/406 3171/1548/410
f 3171/1548/410 3167/1543/406 3165/1544/407 3169/1549/411
f 3174/1550/412 3170/1545/408 3172/1546/409 3176/1551/413
f 3176/1552/413 3172/1547/409 3171/1548/410 3175/1553/414
f 3175/1553/414 3171/1548/410 3169/1549/411 3173/1554/415
f 3178/1555/416 3174/1550/412 3176/1551/413 3180/1556/417
f 3180/1557/417 3176/1552/413 3175/1553/414 3179/1558/418
f 3179/1558/418 3175/1553/414 3173/1554/415 3177/1559/419
f 3182/1560/420 3178/1555/416 3180/1556/417 3184/1561/421
f 3184/1562/421 3180/1557/417 3179/1558/418 3183/1563/422
f 3183/1563/422 3179/1558/418 3177/1559/419 3181/1564/423
f 3186/1565/424 3182/1560/420 3184/1561/421 3188/1566/425
f 3188/1567/425 3184/1562/421 3183/1563/422 3187/1568/426
f 3187/1568/426 3183/1563/422 3181/1564/423 3185/1569/427
f 3062/1570/301 3186/1565/424 3188/1566/425 3064/1571/302
f 3064/1418/302 3188/1567/425 3187/1568/426 3063/1419/304
f 3063/1419/304 3187/1568/426 3185/1569/427 3061/1421/306
f 3065/1422/307 3061/1421/306 3185/1569/427 3181/1564/423 3177/1559/419 3173/1554/415 3169/1549/411 3165/1544/407 3161/1539/403 3157/1534/399 3153/1530/395 3149/1525/391 3145/1520/387 3141/1515/383 3137/1510/379 3133/1505/375 3129/1500/371 3125/1495/367 3121/1491/363 3117/1486/359 3113/1481/355 3109/1476/351 3105/1471/347 3101/1466/343 3097/1461/339 3093/1456/335 3089/1452/331 3085/1447/327 3081/1442/323 3077/1437/319 3073/1432/315 3069/1427/311
f 3029/174/5 3062/1414/301 3066/1413/300 3030/1572/95
f 3060/1573/94 3186/1565/424 3062/1570/301 3029/173/5
f 3030/1572/95 3066/1413/300 3070/1423/308 3031/1574/96
f 3031/1574/96 3070/1423/308 3074/1428/312 3032/1575/97
f 3032/1575/97 3074/1428/312 3078/1433/316 3033/725/72
f 3033/725/72 3078/1433/316 3082/1438/320 3034/1576/98
f 3034/1576/98 3082/1438/320 3086/1443/324 3035/1327/99
f 3035/1327/99 3086/1443/324 3090/1448/328 3036/1577/100
f 3036/1577/100 3090/1448/328 3094/1453/332 3037/1331/6
f 3037/1331/6 3094/1453/332 3098/1457/336 3038/1578/101
f 3038/1578/101 3098/1457/336 3102/1462/340 3039/1329/102
f 3039/1329/102 3102/1462/340 3106/1467/344 3040/1579/103
f 3040/1579/103 3106/1467/344 3110/1472/348 3041/715/79
f 3041/715/79 3110/1472/348 3114/1477/352 3042/1580/104
f 3042/1580/104 3114/1477/352 3118/1482/356 3043/1581/105
f 3043/1581/105 3118/1482/356 3122/1487/360 3044/1582/106
f 3044/1582/106 3122/1487/360 3126/1492/364 3045/1583/7
f 3045/1583/7 3126/1492/364 3130/1496/368 3046/1584/83
f 3046/1584/83 3130/1496/368 3134/1501/372 3047/1585/84
f 3047/1585/84 3134/1501/372 3138/1506/376 3048/1586/85
f 3048/1586/85 3138/1506/376 3142/1511/380 3049/613/58
f 3049/613/58 3142/1511/380 3146/1516/384 3050/1587/86
f 3050/1587/86 3146/1516/384 3150/1521/388 3051/1325/87
f 3051/1325/87 3150/1521/388 3154/1526/392 3052/1588/88
f 3052/1588/88 3154/1526/392 3158/1531/396 3053/1589/4
f 3053/1589/4 3158/1531/396 3162/1535/400 3054/1590/89
f 3054/1590/89 3162/1535/400 3166/1540/404 3055/1333/90
f 3055/1333/90 3166/1540/404 3170/1545/408 3056/1591/91
f 3056/1591/91 3170/1545/408 3174/1550/412 3057/628/65
f 3057/628/65 3174/1550/412 3178/1555/416 3058/1592/428
f 3058/1592/428 3178/1555/416 3182/1560/420 3059/1593/93
f 3059/1593/93 3182/1560/420 3186/1565/424 3060/1573/94
f 3189/292/8 3220/1412/8 3219/1411/8 3218/1410/8 3217/1409/8 3216/1408/8 3215/1407/8 3214/1406/8 3213/686/8 3212/1405/8 3211/1404/8 3210/1403/8 3209/1402/8 3208/1401/8 3207/1400/8 3206/1399/8 3205/681/8 3204/1398/8 3203/1397/8 3202/1396/8 3201/1395/8 3200/1394/8 3199/1393/8 3198/1392/8 3197/677/8 3196/1391/8 3195/1390/8 3194/1389/8 3193/1388/8 3192/1387/8 3191/1386/8 3190/1385/8
f 3226/1413/424 3228/1416/425 3224/1415/302 3222/1414/301
f 3228/1417/425 3227/1420/426 3223/1419/429 3224/1418/302
f 3227/1420/426 3225/1422/427 3221/1421/306 3223/1419/429
f 3230/1423/420 3232/1424/421 3228/1416/425 3226/1413/424
f 3232/1425/421 3231/1426/422 3227/1420/426 3228/1417/425
f 3231/1426/422 3229/1427/423 3225/1422/427 3227/1420/426
f 3234/1428/416 3236/1429/417 3232/1424/421 3230/1423/420
f 3236/1430/417 3235/1431/418 3231/1426/422 3232/1425/421
f 3235/1431/418 3233/1432/419 3229/1427/423 3231/1426/422
f 3238/1433/412 3240/1434/413 3236/1429/417 3234/1428/416
f 3240/1435/413 3239/1436/414 3235/1431/418 3236/1430/417
f 3239/1436/414 3237/1437/415 3233/1432/419 3235/1431/418
f 3242/1438/408 3244/1439/409 3240/1434/413 3238/1433/412
f 3244/1440/409 3243/1441/410 3239/1436/414 3240/1435/413
f 3243/1441/410 3241/1442/411 3237/1437/415 3239/1436/414
f 3246/1443/404 3248/1444/405 3244/1439/409 3242/1438/408
f 3248/1445/405 3247/1446/406 3243/1441/410 3244/1440/409
f 3247/1446/406 3245/1447/407 3241/1442/411 3243/1441/410
f 3250/1448/400 3252/1449/401 3248/1444/405 3246/1443/404
f 3252/1450/401 3251/1451/402 3247/1446/406 3248/1445/405
f 3251/1451/402 3249/1452/403 3245/1447/407 3247/1446/406
f 3254/1453/396 3256/156/397 3252/1449/401 3250/1448/400
f 3256/1454/397 3255/1455/398 3251/1451/402 3252/1450/401
f 3255/1455/398 3253/1456/399 3249/1452/403 3251/1451/402
f 3258/1457/392 3260/1458/393 3256/156/397 3254/1453/396
f 3260/1459/393 3259/1460/394 3255/1455/398 3256/1454/397
f 3259/1460/394 3257/1461/395 3253/1456/399 3255/1455/398
f 3262/1462/388 3264/1463/389 3260/1458/393 3258/1457/392
f 3264/1464/389 3263/1465/390 3259/1460/394 3260/1459/393
f 3263/1465/390 3261/1466/391 3257/1461/395 3259/1460/394
f 3266/1467/384 3268/1468/385 3264/1463/389 3262/1462/388
f 3268/1469/385 3267/1470/386 3263/1465/390 3264/1464/389
f 3267/1470/386 3265/1471/387 3261/1466/391 3263/1465/390
f 3270/1472/380 3272/1473/381 3268/1468/385 3266/1467/384
f 3272/1474/381 3271/1475/382 3267/1470/386 3268/1469/385
f 3271/1475/382 3269/1476/383 3265/1471/387 3267/1470/386
f 3274/1477/376 3276/1478/377 3272/1473/381 3270/1472/380
f 3276/1479/377 3275/1480/378 3271/1475/382 3272/1474/381
f 3275/1480/378 3273/1481/379 3269/1476/383 3271/1475/382
f 3278/1482/372 3280/1483/373 3276/1478/377 3274/1477/376
f 3280/1484/373 3279/1485/374 3275/1480/378 3276/1479/377
f 3279/1485/374 3277/1486/375 3273/1481/379 3275/1480/378
f 3282/1487/368 3284/1488/369 3280/1483/373 3278/1482/372
f 3284/1489/369 3283/1490/370 3279/1485/374 3280/1484/373
f 3283/1490/370 3281/1491/430 3277/1486/375 3279/1485/374
f 3286/1492/364 3288/175/365 3284/1488/369 3282/1487/368
f 3288/1493/365 3287/1494/366 3283/1490/370 3284/1489/369
f 3287/1494/366 3285/1495/367 3281/1491/430 3283/1490/370
f 3290/1496/360 3292/1497/431 3288/175/365 3286/1492/364
f 3292/1498/431 3291/1499/362 3287/1494/366 3288/1493/365
f 3291/1499/362 3289/1500/363 3285/1495/367 3287/1494/366
f 3294/1501/356 3296/1502/357 3292/1497/431 3290/1496/360
f 3296/1503/357 3295/1504/358 3291/1499/362 3292/1498/431
f 3295/1504/358 3293/1505/359 3289/1500/363 3291/1499/362
f 3298/1506/352 3300/1507/353 3296/1502/357 3294/1501/356
f 3300/1508/353 3299/1509/354 3295/1504/358 3296/1503/357
f 3299/1509/354 3297/1510/355 3293/1505/359 3295/1504/358
f 3302/1511/348 3304/1512/349 3300/1507/353 3298/1506/352
f 3304/1513/349 3303/1514/350 3299/1509/354 3300/1508/353
f 3303/1514/350 3301/1515/351 3297/1510/355 3299/1509/354
f 3306/1516/432 3308/1517/345 3304/1512/349 3302/1511/348
f 3308/1518/345 3307/1519/346 3303/1514/350 3304/1513/349
f 3307/1519/346 3305/1520/347 3301/1515/351 3303/1514/350
f 3310/1521/340 3312/1522/341 3308/1517/345 3306/1516/432
f 3312/1523/341 3311/1524/433 3307/1519/346 3308/1518/345
f 3311/1524/433 3309/1525/343 3305/1520/347 3307/1519/346
f 3314/1526/336 3316/1527/337 3312/1522/341 3310/1521/340
f 3316/1528/337 3315/1529/434 3311/1524/433 3312/1523/341
f 3315/1529/434 3313/1530/435 3309/1525/343 3311/1524/433
f 3318/1531/332 3320/160/333 3316/1527/337 3314/1526/336
f 3320/1532/333 3319/1533/334 3315/1529/434 3316/1528/337
f 3319/1533/334 3317/1534/335 3313/1530/435 3315/1529/434
f 3322/1535/328 3324/1536/329 3320/160/333 3318/1531/332
f 3324/1537/329 3323/1538/436 3319/1533/334 3320/1532/333
f 3323/1538/436 3321/1539/331 3317/1534/335 3319/1533/334
f 3326/1540/324 3328/1541/325 3324/1536/329 3322/1535/328
f 3328/1542/325 3327/1543/437 3323/1538/436 3324/1537/329
f 3327/1543/437 3325/1544/327 3321/1539/331 3323/1538/436
f 3330/1545/438 3332/1546/321 3328/1541/325 3326/1540/324
f 3332/1547/321 3331/1548/439 3327/1543/437 3328/1542/325
f 3331/1548/439 3329/1549/323 3325/1544/327 3327/1543/437
f 3334/1550/316 3336/1551/317 3332/1546/321 3330/1545/438
f 3336/1552/317 3335/1553/318 3331/1548/439 3332/1547/321
f 3335/1553/318 3333/1554/319 3329/1549/323 3331/1548/439
f 3338/1555/312 3340/1556/313 3336/1551/317 3334/1550/316
f 3340/1557/313 3339/1558/440 3335/1553/318 3336/1552/317
f 3339/1558/440 3337/1559/315 3333/1554/319 3335/1553/318
f 3342/1560/308 3344/1561/309 3340/1556/313 3338/1555/312
f 3344/1562/309 3343/1563/310 3339/1558/440 3340/1557/313
f 3343/1563/310 3341/1564/311 3337/1559/315 3339/1558/440
f 3346/1565/300 3348/1566/303 3344/1561/309 3342/1560/308
f 3348/1567/303 3347/1568/305 3343/1563/310 3344/1562/309
f 3347/1568/305 3345/1569/307 3341/1564/311 3343/1563/310
f 3222/1570/301 3224/1571/302 3348/1566/303 3346/1565/300
f 3224/1418/302 3223/1419/429 3347/1568/305 3348/1567/303
f 3223/1419/429 3221/1421/306 3345/1569/307 3347/1568/305
f 3225/1422/427 3229/1427/423 3233/1432/419 3237/1437/415 3241/1442/411 3245/1447/407 3249/1452/403 3253/1456/399 3257/1461/395 3261/1466/391 3265/1471/387 3269/1476/383 3273/1481/379 3277/1486/375 3281/1491/430 3285/1495/367 3289/1500/363 3293/1505/359 3297/1510/355 3301/1515/351 3305/1520/347 3309/1525/343 3313/1530/435 3317/1534/335 3321/1539/331 3325/1544/327 3329/1549/323 3333/1554/319 3337/1559/315 3341/1564/311 3345/1569/307 3221/1421/306
f 3189/174/5 3190/1572/94 3226/1413/424 3222/1414/301
f 3220/1573/95 3189/173/5 3222/1570/301 3346/1565/300
f 3190/1572/94 3191/1574/93 3230/1423/420 3226/1413/424
f 3191/1574/93 3192/1575/92 3234/1428/416 3230/1423/420
f 3192/1575/92 3193/725/65 3238/1433/412 3234/1428/416
f 3193/725/65 3194/1576/91 3242/1438/408 3238/1433/412
f 3194/1576/91 3195/1327/90 3246/1443/404 3242/1438/408
f 3195/1327/90 3196/1577/89 3250/1448/400 3246/1443/404
f 3196/1577/89 3197/1331/4 3254/1453/396 3250/1448/400
f 3197/1331/4 3198/1578/88 3258/1457/392 3254/1453/396
f 3198/1578/88 3199/1329/87 3262/1462/388 3258/1457/392
f 3199/1329/87 3200/1579/86 3266/1467/384 3262/1462/388
f 3200/1579/86 3201/715/58 3270/1472/380 3266/1467/384
f 3201/715/58 3202/1580/85 3274/1477/376 3270/1472/380
f 3202/1580/85 3203/1581/84 3278/1482/372 3274/1477/376
f 3203/1581/84 3204/1582/83 3282/1487/368 3278/1482/372
f 3204/1582/83 3205/1583/7 3286/1492/364 3282/1487/368
f 3205/1583/7 3206/1584/106 3290/1496/360 3286/1492/364
f 3206/1584/106 3207/1585/105 3294/1501/356 3290/1496/360
f 3207/1585/105 3208/1586/104 3298/1506/352 3294/1501/356
f 3208/1586/104 3209/613/79 3302/1511/348 3298/1506/352
f 3209/613/79 3210/1587/103 3306/1516/432 3302/1511/348
f 3210/1587/103 3211/1325/102 3310/1521/340 3306/1516/432
f 3211/1325/102 3212/1588/101 3314/1526/336 3310/1521/340
f 3212/1588/101 3213/1589/6 3318/1531/332 3314/1526/336
f 3213/1589/6 3214/1590/100 3322/1535/328 3318/1531/332
f 3214/1590/100 3215/1333/99 3326/1540/324 3322/1535/328
f 3215/1333/99 3216/1591/98 3330/1545/438 3326/1540/324
f 3216/1591/98 3217/628/72 3334/1550/316 3330/1545/438
f 3217/628/72 3218/1592/97 3338/1555/312 3334/1550/316
f 3218/1592/97 3219/1593/96 3342/1560/308 3338/1555/312
f 3219/1593/96 3220/1573/95 3346/1565/300 3342/1560/308
f 3349/292/8 3380/1412/8 3379/1411/8 3378/1410/8 3377/1409/8 3376/1408/8 3375/1407/8 3374/1406/8 3373/686/8 3372/1405/8 3371/1404/8 3370/1403/8 3369/1402/8 3368/1401/8 3367/1400/8 3366/1399/8 3365/681/8 3364/1398/8 3363/1397/8 3362/1396/8 3361/1395/8 3360/1394/8 3359/1393/8 3358/1392/8 3357/677/8 3356/1391/8 3355/1390/8 3354/1389/8 3353/1388/8 3352/1387/8 3351/1386/8 3350/1385/8
f 3386/1413/424 3388/1416/425 3384/1415/302 3382/1414/301
f 3388/1417/425 3387/1420/426 3383/1419/304 3384/1418/302
f 3387/1420/426 3385/1422/427 3381/1421/306 3383/1419/304
f 3390/1423/420 3392/1424/421 3388/1416/425 3386/1413/424
f 3392/1425/421 3391/1426/422 3387/1420/426 3388/1417/425
f 3391/1426/422 3389/1427/423 3385/1422/427 3387/1420/426
f 3394/1428/441 3396/1429/417 3392/1424/421 3390/1423/420
f 3396/1430/417 3395/1431/418 3391/1426/422 3392/1425/421
f 3395/1431/418 3393/1432/419 3389/1427/423 3391/1426/422
f 3398/1433/412 3400/1434/413 3396/1429/417 3394/1428/441
f 3400/1435/413 3399/1436/414 3395/1431/418 3396/1430/417
f 3399/1436/414 3397/1437/415 3393/1432/419 3395/1431/418
f 3402/1438/442 3404/1439/409 3400/1434/413 3398/1433/412
f 3404/1440/409 3403/1441/443 3399/1436/414 3400/1435/413
f 3403/1441/443 3401/1442/411 3397/1437/415 3399/1436/414
f 3406/1443/404 3408/1444/405 3404/1439/409 3402/1438/442
f 3408/1445/405 3407/1446/406 3403/1441/443 3404/1440/409
f 3407/1446/406 3405/1447/407 3401/1442/411 3403/1441/443
f 3410/1448/400 3412/1449/401 3408/1444/405 3406/1443/404
f 3412/1450/401 3411/1451/444 3407/1446/406 3408/1445/405
f 3411/1451/444 3409/1452/403 3405/1447/407 3407/1446/406
f 3414/1453/396 3416/156/397 3412/1449/401 3410/1448/400
f 3416/1454/397 3415/1455/398 3411/1451/444 3412/1450/401
f 3415/1455/398 3413/1456/399 3409/1452/403 3411/1451/444
f 3418/1457/392 3420/1458/393 3416/156/397 3414/1453/396
f 3420/1459/393 3419/1460/445 3415/1455/398 3416/1454/397
f 3419/1460/445 3417/1461/446 3413/1456/399 3415/1455/398
f 3422/1462/388 3424/1463/389 3420/1458/393 3418/1457/392
f 3424/1464/389 3423/1465/390 3419/1460/445 3420/1459/393
f 3423/1465/390 3421/1466/391 3417/1461/446 3419/1460/445
f 3426/1467/447 3428/1468/385 3424/1463/389 3422/1462/388
f 3428/1469/385 3427/1470/448 3423/1465/390 3424/1464/389
f 3427/1470/448 3425/1471/387 3421/1466/391 3423/1465/390
f 3430/1472/380 3432/1473/381 3428/1468/385 3426/1467/447
f 3432/1474/381 3431/1475/382 3427/1470/448 3428/1469/385
f 3431/1475/382 3429/1476/383 3425/1471/387 3427/1470/448
f 3434/1477/376 3436/1478/377 3432/1473/381 3430/1472/380
f 3436/1479/377 3435/1480/378 3431/1475/382 3432/1474/381
f 3435/1480/378 3433/1481/379 3429/1476/383 3431/1475/382
f 3438/1482/372 3440/1483/373 3436/1478/377 3434/1477/376
f 3440/1484/373 3439/1485/374 3435/1480/378 3436/1479/377
f 3439/1485/374 3437/1486/375 3433/1481/379 3435/1480/378
f 3442/1487/368 3444/1488/369 3440/1483/373 3438/1482/372
f 3444/1489/369 3443/1490/449 3439/1485/374 3440/1484/373
f 3443/1490/449 3441/1491/371 3437/1486/375 3439/1485/374
f 3446/1492/364 3448/175/365 3444/1488/369 3442/1487/368
f 3448/1493/365 3447/1494/450 3443/1490/449 3444/1489/369
f 3447/1494/450 3445/1495/367 3441/1491/371 3443/1490/449
f 3450/1496/360 3452/1497/361 3448/175/365 3446/1492/364
f 3452/1498/361 3451/1499/362 3447/1494/450 3448/1493/365
f 3451/1499/362 3449/1500/363 3445/1495/367 3447/1494/450
f 3454/1501/356 3456/1502/357 3452/1497/361 3450/1496/360
f 3456/1503/357 3455/1504/358 3451/1499/362 3452/1498/361
f 3455/1504/358 3453/1505/359 3449/1500/363 3451/1499/362
f 3458/1506/451 3460/1507/353 3456/1502/357 3454/1501/356
f 3460/1508/353 3459/1509/354 3455/1504/358 3456/1503/357
f 3459/1509/354 3457/1510/452 3453/1505/359 3455/1504/358
f 3462/1511/348 3464/1512/349 3460/1507/353 3458/1506/451
f 3464/1513/349 3463/1514/350 3459/1509/354 3460/1508/353
f 3463/1514/350 3461/1515/351 3457/1510/452 3459/1509/354
f 3466/1516/344 3468/1517/345 3464/1512/349 3462/1511/348
f 3468/1518/345 3467/1519/453 3463/1514/350 3464/1513/349
f 3467/1519/453 3465/1520/454 3461/1515/351 3463/1514/350
f 3470/1521/340 3472/1522/341 3468/1517/345 3466/1516/344
f 3472/1523/341 3471/1524/433 3467/1519/453 3468/1518/345
f 3471/1524/433 3469/1525/343 3465/1520/454 3467/1519/453
f 3474/1526/336 3476/1527/337 3472/1522/341 3470/1521/340
f 3476/1528/337 3475/1529/434 3471/1524/433 3472/1523/341
f 3475/1529/434 3473/1530/339 3469/1525/343 3471/1524/433
f 3478/1531/332 3480/160/333 3476/1527/337 3474/1526/336
f 3480/1532/333 3479/1533/455 3475/1529/434 3476/1528/337
f 3479/1533/455 3477/1534/335 3473/1530/339 3475/1529/434
f 3482/1535/328 3484/1536/329 3480/160/333 3478/1531/332
f 3484/1537/329 3483/1538/436 3479/1533/455 3480/1532/333
f 3483/1538/436 3481/1539/331 3477/1534/335 3479/1533/455
f 3486/1540/324 3488/1541/325 3484/1536/329 3482/1535/328
f 3488/1542/325 3487/1543/437 3483/1538/436 3484/1537/329
f 3487/1543/437 3485/1544/327 3481/1539/331 3483/1538/436
f 3490/1545/438 3492/1546/321 3488/1541/325 3486/1540/324
f 3492/1547/321 3491/1548/439 3487/1543/437 3488/1542/325
f 3491/1548/439 3489/1549/323 3485/1544/327 3487/1543/437
f 3494/1550/316 3496/1551/317 3492/1546/321 3490/1545/438
f 3496/1552/317 3495/1553/318 3491/1548/439 3492/1547/321
f 3495/1553/318 3493/1554/319 3489/1549/323 3491/1548/439
f 3498/1555/312 3500/1556/313 3496/1551/317 3494/1550/316
f 3500/1557/313 3499/1558/440 3495/1553/318 3496/1552/317
f 3499/1558/440 3497/1559/315 3493/1554/319 3495/1553/318
f 3502/1560/308 3504/1561/309 3500/1556/313 3498/1555/312
f 3504/1562/309 3503/1563/310 3499/1558/440 3500/1557/313
f 3503/1563/310 3501/1564/311 3497/1559/315 3499/1558/440
f 3506/1565/300 3508/1566/303 3504/1561/309 3502/1560/308
f 3508/1567/303 3507/1568/456 3503/1563/310 3504/1562/309
f 3507/1568/456 3505/1569/307 3501/1564/311 3503/1563/310
f 3382/1570/301 3384/1571/302 3508/1566/303 3506/1565/300
f 3384/1418/302 3383/1419/304 3507/1568/456 3508/1567/303
f 3383/1419/304 3381/1421/306 3505/1569/307 3507/1568/456
f 3385/1422/427 3389/1427/423 3393/1432/419 3397/1437/415 3401/1442/411 3405/1447/407 3409/1452/403 3413/1456/399 3417/1461/446 3421/1466/391 3425/1471/387 3429/1476/383 3433/1481/379 3437/1486/375 3441/1491/371 3445/1495/367 3449/1500/363 3453/1505/359 3457/1510/452 3461/1515/351 3465/1520/454 3469/1525/343 3473/1530/339 3477/1534/335 3481/1539/331 3485/1544/327 3489/1549/323 3493/1554/319 3497/1559/315 3501/1564/311 3505/1569/307 3381/1421/306
f 3349/174/5 3350/1572/94 3386/1413/424 3382/1414/301
f 3380/1573/95 3349/173/5 3382/1570/301 3506/1565/300
f 3350/1572/94 3351/1574/93 3390/1423/420 3386/1413/424
f 3351/1574/93 3352/1575/92 3394/1428/441 3390/1423/420
f 3352/1575/92 3353/725/65 3398/1433/412 3394/1428/441
f 3353/725/65 3354/1576/91 3402/1438/442 3398/1433/412
f 3354/1576/91 3355/1327/90 3406/1443/404 3402/1438/442
f 3355/1327/90 3356/1577/89 3410/1448/400 3406/1443/404
f 3356/1577/89 3357/1331/4 3414/1453/396 3410/1448/400
f 3357/1331/4 3358/1578/88 3418/1457/392 3414/1453/396
f 3358/1578/88 3359/1329/87 3422/1462/388 3418/1457/392
f 3359/1329/87 3360/1579/86 3426/1467/447 3422/1462/388
f 3360/1579/86 3361/715/58 3430/1472/380 3426/1467/447
f 3361/715/58 3362/1580/85 3434/1477/376 3430/1472/380
f 3362/1580/85 3363/1581/84 3438/1482/372 3434/1477/376
f 3363/1581/84 3364/1582/83 3442/1487/368 3438/1482/372
f 3364/1582/83 3365/1583/7 3446/1492/364 3442/1487/368
f 3365/1583/7 3366/1584/106 3450/1496/360 3446/1492/364
f 3366/1584/106 3367/1585/105 3454/1501/356 3450/1496/360
f 3367/1585/105 3368/1586/104 3458/1506/451 3454/1501/356
f 3368/1586/104 3369/613/79 3462/1511/348 3458/1506/451
f 3369/613/79 3370/1587/103 3466/1516/344 3462/1511/348
f 3370/1587/103 3371/1325/102 3470/1521/340 3466/1516/344
f 3371/1325/102 3372/1588/101 3474/1526/336 3470/1521/340
f 3372/1588/101 3373/1589/6 3478/1531/332 3474/1526/336
f 3373/1589/6 3374/1590/100 3482/1535/328 3478/1531/332
f 3374/1590/100 3375/1333/99 3486/1540/324 3482/1535/328
f 3375/1333/99 3376/1591/98 3490/1545/438 3486/1540/324
f 3376/1591/98 3377/628/72 3494/1550/316 3490/1545/438
f 3377/628/72 3378/1592/97 3498/1555/312 3494/1550/316
f 3378/1592/97 3379/1593/96 3502/1560/308 3498/1555/312
f 3379/1593/96 3380/1573/95 3506/1565/300 3502/1560/308
